Product_ID,Warehouse_ID,Stock_Quantity,Reorder_Level,Maximum_Stock,Stock_Status,Last_Stock_Update
1,1,567,183,841,In Stock,2025-09-20
1,2,970,139,941,In Stock,2026-06-05
1,3,946,83,524,In Stock,2025-09-21
1,4,407,114,1485,In Stock,2025-10-12
1,5,54,151,700,Low Stock,2026-04-14
1,6,998,109,660,In Stock,2025-10-27
1,7,961,152,1433,In Stock,2026-02-14
1,8,963,103,1255,In Stock,2025-12-18
1,9,365,121,310,In Stock,2026-04-07
1,10,536,87,192,In Stock,2025-07-31
2,1,695,125,431,In Stock,2026-04-21
2,2,684,104,1065,In Stock,2026-03-15
2,3,229,89,481,In Stock,2025-10-07
2,4,630,141,261,In Stock,2026-04-24
2,5,924,97,1003,In Stock,2025-12-11
2,6,677,143,1328,In Stock,2025-07-31
2,7,347,178,702,In Stock,2025-10-17
2,8,754,68,434,In Stock,2025-11-26
2,9,12,94,989,Low Stock,2025-12-03
2,10,223,197,678,In Stock,2026-06-12
3,1,891,70,619,In Stock,2025-09-05
3,2,125,170,1118,Low Stock,2025-11-02
3,3,30,59,325,Low Stock,2025-10-21
3,4,70,143,328,Low Stock,2025-10-05
3,5,797,70,1431,In Stock,2026-06-26
3,6,477,188,577,In Stock,2026-03-07
3,7,352,80,258,In Stock,2025-07-19
3,8,147,162,519,Low Stock,2025-10-20
3,9,857,116,1377,In Stock,2025-11-02
3,10,689,170,1032,In Stock,2026-06-25
4,1,649,65,1020,In Stock,2026-06-21
4,2,281,195,1471,In Stock,2025-12-03
4,3,909,155,1207,In Stock,2025-12-20
4,4,127,196,449,Low Stock,2025-10-16
4,5,685,123,684,In Stock,2025-07-15
4,6,208,68,955,In Stock,2026-03-10
4,7,559,157,371,In Stock,2026-05-28
4,8,813,190,724,In Stock,2026-04-21
4,9,158,124,1490,In Stock,2026-03-30
4,10,583,85,1072,In Stock,2026-02-12
5,1,312,136,1458,In Stock,2026-03-16
5,2,881,164,1212,In Stock,2025-10-27
5,3,815,125,916,In Stock,2025-10-13
5,4,522,196,472,In Stock,2026-06-17
5,5,479,166,540,In Stock,2025-07-24
5,6,654,146,1120,In Stock,2026-03-13
5,7,232,119,1138,In Stock,2025-12-30
5,8,998,157,1261,In Stock,2026-04-12
5,9,44,192,874,Low Stock,2025-11-29
5,10,96,182,1230,Low Stock,2025-11-08
6,1,679,96,419,In Stock,2026-05-27
6,2,296,142,716,In Stock,2026-03-16
6,3,280,169,465,In Stock,2026-02-07
6,4,14,190,763,Low Stock,2025-08-16
6,5,449,63,1048,In Stock,2025-09-13
6,6,704,193,302,In Stock,2025-09-12
6,7,468,156,840,In Stock,2026-01-03
6,8,742,104,876,In Stock,2025-08-09
6,9,700,149,978,In Stock,2026-01-23
6,10,243,69,1095,In Stock,2025-11-28
7,1,723,109,1308,In Stock,2026-02-18
7,2,610,177,916,In Stock,2026-06-09
7,3,883,137,842,In Stock,2025-08-17
7,4,135,126,1204,In Stock,2025-11-01
7,5,630,98,1246,In Stock,2026-03-19
7,6,368,85,308,In Stock,2026-03-23
7,7,722,94,233,In Stock,2026-07-03
7,8,684,171,512,In Stock,2026-06-02
7,9,478,175,502,In Stock,2026-04-28
7,10,55,140,1451,Low Stock,2025-12-12
8,1,76,126,1500,Low Stock,2025-10-28
8,2,194,52,1152,In Stock,2026-06-03
8,3,553,105,900,In Stock,2025-07-15
8,4,852,113,1184,In Stock,2026-01-05
8,5,312,115,245,In Stock,2025-12-11
8,6,308,160,1095,In Stock,2025-08-23
8,7,680,138,1373,In Stock,2025-09-20
8,8,63,183,1312,Low Stock,2025-07-21
8,9,955,104,441,In Stock,2026-06-29
8,10,67,71,1249,Low Stock,2025-11-10
9,1,198,68,909,In Stock,2025-12-04
9,2,341,162,1057,In Stock,2025-12-11
9,3,267,173,978,In Stock,2025-10-24
9,4,617,100,1200,In Stock,2025-10-21
9,5,478,187,460,In Stock,2026-05-21
9,6,99,135,718,Low Stock,2025-10-18
9,7,632,189,1348,In Stock,2026-03-15
9,8,257,181,1043,In Stock,2025-12-12
9,9,10,171,970,Low Stock,2026-02-07
9,10,516,100,566,In Stock,2026-02-16
10,1,568,81,1027,In Stock,2026-06-21
10,2,59,161,1180,Low Stock,2026-03-13
10,3,359,73,1498,In Stock,2026-02-17
10,4,330,63,425,In Stock,2026-04-15
10,5,257,63,430,In Stock,2025-11-02
10,6,122,114,675,In Stock,2025-11-20
10,7,257,184,1495,In Stock,2026-06-10
10,8,640,177,522,In Stock,2026-04-05
10,9,818,78,1154,In Stock,2025-12-17
10,10,681,55,930,In Stock,2026-02-09
11,1,569,172,272,In Stock,2026-01-13
11,2,386,87,939,In Stock,2026-02-28
11,3,336,87,1417,In Stock,2026-01-03
11,4,365,79,1334,In Stock,2025-09-06
11,5,22,111,439,Low Stock,2026-02-01
11,6,973,166,894,In Stock,2025-07-30
11,7,890,106,1147,In Stock,2025-10-10
11,8,9,73,463,Low Stock,2026-02-23
11,9,73,85,1326,Low Stock,2025-10-25
11,10,931,162,968,In Stock,2026-01-10
12,1,452,56,498,In Stock,2026-03-27
12,2,62,186,891,Low Stock,2025-11-08
12,3,454,135,457,In Stock,2026-07-08
12,4,746,160,308,In Stock,2026-05-17
12,5,728,198,585,In Stock,2025-08-27
12,6,91,131,1397,Low Stock,2025-10-05
12,7,1,83,1184,Low Stock,2026-01-02
12,8,835,94,674,In Stock,2026-03-10
12,9,942,169,1413,In Stock,2025-09-13
12,10,284,146,886,In Stock,2025-08-15
13,1,808,170,1246,In Stock,2026-01-19
13,2,503,53,1237,In Stock,2025-08-04
13,3,883,83,1035,In Stock,2026-05-02
13,4,895,172,1228,In Stock,2025-09-04
13,5,496,146,1166,In Stock,2025-08-19
13,6,470,84,331,In Stock,2025-11-26
13,7,337,190,657,In Stock,2026-04-11
13,8,592,99,1056,In Stock,2026-03-27
13,9,183,59,1485,In Stock,2025-07-23
13,10,374,120,488,In Stock,2025-07-17
14,1,521,177,1272,In Stock,2026-03-21
14,2,461,167,954,In Stock,2026-06-28
14,3,609,158,1376,In Stock,2025-10-19
14,4,831,117,450,In Stock,2025-11-12
14,5,84,94,421,Low Stock,2025-07-13
14,6,632,111,1300,In Stock,2025-09-13
14,7,261,124,1033,In Stock,2025-12-20
14,8,196,57,489,In Stock,2025-12-14
14,9,202,71,473,In Stock,2025-10-02
14,10,122,180,1166,Low Stock,2026-03-06
15,1,181,86,457,In Stock,2026-06-05
15,2,674,84,1386,In Stock,2026-05-02
15,3,494,109,492,In Stock,2026-04-30
15,4,117,116,1115,In Stock,2025-12-13
15,5,788,141,968,In Stock,2026-02-22
15,6,787,176,933,In Stock,2026-06-11
15,7,429,90,646,In Stock,2025-11-21
15,8,909,68,1427,In Stock,2025-09-25
15,9,898,82,1341,In Stock,2025-08-23
15,10,69,199,307,Low Stock,2025-11-09
16,1,814,185,478,In Stock,2026-02-07
16,2,922,155,290,In Stock,2025-09-14
16,3,104,118,425,Low Stock,2026-01-06
16,4,348,91,443,In Stock,2025-12-03
16,5,61,152,1444,Low Stock,2025-09-10
16,6,238,189,1172,In Stock,2025-07-11
16,7,883,129,1059,In Stock,2026-02-23
16,8,294,111,660,In Stock,2026-03-22
16,9,743,107,682,In Stock,2025-07-12
16,10,175,114,1037,In Stock,2026-06-17
17,1,53,165,338,Low Stock,2026-03-29
17,2,854,178,1178,In Stock,2026-03-11
17,3,384,193,1269,In Stock,2026-02-20
17,4,615,155,337,In Stock,2025-08-11
17,5,7,97,357,Low Stock,2026-01-23
17,6,159,121,1406,In Stock,2025-09-15
17,7,53,71,1073,Low Stock,2025-08-25
17,8,946,148,1444,In Stock,2026-01-26
17,9,93,94,838,Low Stock,2026-01-30
17,10,638,100,538,In Stock,2026-02-24
18,1,178,198,1226,Low Stock,2025-10-30
18,2,561,182,940,In Stock,2026-01-02
18,3,775,74,929,In Stock,2025-11-24
18,4,573,64,763,In Stock,2026-03-04
18,5,133,184,687,Low Stock,2026-02-11
18,6,430,71,1021,In Stock,2026-03-07
18,7,141,170,1455,Low Stock,2025-09-13
18,8,394,178,745,In Stock,2026-03-31
18,9,283,154,1167,In Stock,2026-05-22
18,10,20,70,914,Low Stock,2025-12-02
19,1,612,112,784,In Stock,2025-07-18
19,2,641,169,496,In Stock,2026-02-05
19,3,91,140,725,Low Stock,2026-02-05
19,4,820,163,1273,In Stock,2026-04-11
19,5,418,97,714,In Stock,2025-08-15
19,6,390,82,1347,In Stock,2025-07-30
19,7,68,78,1080,Low Stock,2025-07-17
19,8,717,190,1373,In Stock,2026-04-28
19,9,86,148,992,Low Stock,2025-11-07
19,10,887,106,399,In Stock,2026-06-03
20,1,217,106,267,In Stock,2025-09-07
20,2,249,130,618,In Stock,2025-12-22
20,3,395,107,455,In Stock,2026-04-25
20,4,123,148,712,Low Stock,2025-09-28
20,5,539,111,1026,In Stock,2025-11-25
20,6,796,175,506,In Stock,2026-01-31
20,7,873,51,326,In Stock,2026-01-09
20,8,158,105,630,In Stock,2026-05-19
20,9,99,141,1006,Low Stock,2026-03-23
20,10,347,156,1301,In Stock,2025-08-14
21,1,380,98,486,In Stock,2025-12-18
21,2,139,70,228,In Stock,2026-05-19
21,3,992,138,1191,In Stock,2026-01-08
21,4,970,90,1202,In Stock,2025-08-26
21,5,863,60,976,In Stock,2026-01-02
21,6,900,127,1212,In Stock,2026-04-02
21,7,332,121,854,In Stock,2026-04-21
21,8,437,58,910,In Stock,2025-11-09
21,9,154,55,1230,In Stock,2025-12-18
21,10,302,165,414,In Stock,2026-04-01
22,1,699,183,375,In Stock,2026-04-26
22,2,372,143,311,In Stock,2026-05-23
22,3,381,154,1132,In Stock,2026-03-01
22,4,347,139,1251,In Stock,2025-11-14
22,5,68,88,478,Low Stock,2026-06-17
22,6,368,67,670,In Stock,2025-12-31
22,7,274,87,1167,In Stock,2025-09-16
22,8,456,102,252,In Stock,2026-01-06
22,9,165,160,1037,In Stock,2026-06-27
22,10,618,69,1323,In Stock,2026-04-28
23,1,503,160,1122,In Stock,2025-10-24
23,2,469,147,881,In Stock,2026-01-01
23,3,674,199,408,In Stock,2026-03-13
23,4,360,188,450,In Stock,2025-11-22
23,5,246,137,1092,In Stock,2026-05-06
23,6,946,78,1159,In Stock,2026-05-10
23,7,914,88,1133,In Stock,2026-07-02
23,8,250,53,1488,In Stock,2025-10-13
23,9,586,73,1408,In Stock,2026-05-26
23,10,781,70,459,In Stock,2026-02-16
24,1,326,174,1329,In Stock,2026-06-23
24,2,107,103,584,In Stock,2026-02-03
24,3,41,57,381,Low Stock,2025-12-13
24,4,204,139,1178,In Stock,2026-04-07
24,5,78,127,1031,Low Stock,2026-01-24
24,6,41,75,1056,Low Stock,2025-08-06
24,7,138,96,1190,In Stock,2025-11-23
24,8,253,85,203,In Stock,2025-07-30
24,9,375,199,1175,In Stock,2025-12-18
24,10,749,76,1444,In Stock,2026-01-11
25,1,556,135,442,In Stock,2026-03-06
25,2,120,135,257,Low Stock,2025-10-16
25,3,495,182,992,In Stock,2026-05-17
25,4,7,144,667,Low Stock,2026-06-10
25,5,111,88,411,In Stock,2025-07-21
25,6,998,114,549,In Stock,2025-11-15
25,7,430,169,285,In Stock,2026-03-21
25,8,488,90,1449,In Stock,2026-01-08
25,9,711,164,377,In Stock,2026-02-14
25,10,45,129,1083,Low Stock,2025-07-16
26,1,938,105,417,In Stock,2026-01-22
26,2,519,149,599,In Stock,2025-10-15
26,3,49,198,958,Low Stock,2026-06-05
26,4,159,188,893,Low Stock,2026-03-29
26,5,506,173,851,In Stock,2025-11-11
26,6,17,55,1378,Low Stock,2025-11-08
26,7,730,150,1169,In Stock,2026-01-19
26,8,521,109,1397,In Stock,2026-01-02
26,9,827,72,799,In Stock,2026-07-06
26,10,690,95,473,In Stock,2025-11-11
27,1,19,158,849,Low Stock,2026-03-01
27,2,656,187,615,In Stock,2026-01-05
27,3,417,164,615,In Stock,2025-10-22
27,4,252,54,1240,In Stock,2026-03-23
27,5,115,124,349,Low Stock,2026-04-19
27,6,242,164,265,In Stock,2025-12-31
27,7,699,171,1289,In Stock,2025-12-31
27,8,785,74,415,In Stock,2025-12-14
27,9,596,177,1311,In Stock,2026-03-17
27,10,616,102,1113,In Stock,2026-07-08
28,1,48,161,858,Low Stock,2026-07-07
28,2,848,93,517,In Stock,2026-06-05
28,3,930,158,586,In Stock,2025-11-06
28,4,442,148,1209,In Stock,2025-08-30
28,5,321,170,840,In Stock,2026-01-14
28,6,804,89,567,In Stock,2025-10-19
28,7,92,144,366,Low Stock,2026-01-16
28,8,380,137,836,In Stock,2026-03-24
28,9,738,144,710,In Stock,2025-09-03
28,10,261,51,1459,In Stock,2025-07-14
29,1,263,102,1491,In Stock,2025-08-30
29,2,302,91,498,In Stock,2026-01-30
29,3,39,196,748,Low Stock,2026-03-06
29,4,880,140,327,In Stock,2026-06-08
29,5,249,197,1141,In Stock,2025-10-01
29,6,379,128,1289,In Stock,2025-08-05
29,7,21,128,1426,Low Stock,2026-05-10
29,8,825,72,584,In Stock,2025-07-11
29,9,338,71,205,In Stock,2026-03-09
29,10,217,79,739,In Stock,2026-03-22
30,1,175,70,1173,In Stock,2025-08-23
30,2,969,166,1167,In Stock,2026-03-07
30,3,495,172,1219,In Stock,2025-08-15
30,4,344,135,1215,In Stock,2025-08-19
30,5,454,66,1289,In Stock,2025-12-04
30,6,29,95,828,Low Stock,2025-09-15
30,7,830,67,946,In Stock,2025-08-04
30,8,190,137,1050,In Stock,2025-10-22
30,9,942,144,928,In Stock,2026-02-14
30,10,489,197,727,In Stock,2025-12-26
31,1,163,68,530,In Stock,2026-02-14
31,2,617,119,456,In Stock,2025-12-12
31,3,851,127,1455,In Stock,2025-09-27
31,4,917,179,984,In Stock,2026-02-26
31,5,998,180,1059,In Stock,2026-04-15
31,6,951,58,551,In Stock,2026-01-09
31,7,282,96,272,In Stock,2026-01-08
31,8,37,199,650,Low Stock,2026-01-14
31,9,694,150,772,In Stock,2025-12-02
31,10,955,54,1372,In Stock,2026-04-17
32,1,897,55,416,In Stock,2026-02-05
32,2,112,195,328,Low Stock,2025-09-15
32,3,225,171,419,In Stock,2026-03-20
32,4,323,64,940,In Stock,2025-11-10
32,5,916,112,901,In Stock,2025-10-03
32,6,244,83,255,In Stock,2025-10-27
32,7,388,137,874,In Stock,2025-12-18
32,8,242,121,1358,In Stock,2026-04-12
32,9,261,77,1302,In Stock,2025-09-22
32,10,499,57,1202,In Stock,2026-04-26
33,1,904,181,438,In Stock,2025-11-14
33,2,513,96,495,In Stock,2026-05-25
33,3,180,136,763,In Stock,2025-12-25
33,4,744,59,1196,In Stock,2025-08-09
33,5,1000,116,541,In Stock,2025-11-26
33,6,943,135,251,In Stock,2026-03-12
33,7,808,151,445,In Stock,2025-11-22
33,8,663,82,1154,In Stock,2025-12-20
33,9,214,122,951,In Stock,2026-02-07
33,10,952,179,564,In Stock,2026-05-30
34,1,674,82,185,In Stock,2026-05-08
34,2,870,157,835,In Stock,2025-10-18
34,3,300,62,856,In Stock,2025-10-05
34,4,425,121,1011,In Stock,2025-08-18
34,5,815,199,1246,In Stock,2026-06-05
34,6,696,111,1423,In Stock,2025-09-26
34,7,62,143,1196,Low Stock,2026-04-30
34,8,424,167,655,In Stock,2025-07-29
34,9,47,147,1313,Low Stock,2025-12-03
34,10,211,192,1419,In Stock,2025-08-02
35,1,932,187,1341,In Stock,2025-09-27
35,2,565,150,903,In Stock,2025-08-21
35,3,576,108,1015,In Stock,2025-07-26
35,4,645,84,507,In Stock,2026-04-02
35,5,69,70,350,Low Stock,2026-05-11
35,6,18,70,973,Low Stock,2026-04-18
35,7,937,192,1346,In Stock,2025-12-29
35,8,690,96,665,In Stock,2026-01-21
35,9,647,52,1383,In Stock,2025-12-20
35,10,983,50,1456,In Stock,2026-05-24
36,1,452,172,385,In Stock,2026-04-07
36,2,532,115,1450,In Stock,2025-08-19
36,3,565,51,1304,In Stock,2026-06-09
36,4,779,82,548,In Stock,2025-09-28
36,5,10,110,690,Low Stock,2026-04-24
36,6,822,61,566,In Stock,2025-09-19
36,7,554,104,447,In Stock,2025-08-19
36,8,184,50,747,In Stock,2025-11-27
36,9,39,147,450,Low Stock,2026-02-13
36,10,486,62,776,In Stock,2026-06-30
37,1,960,170,1132,In Stock,2025-10-20
37,2,729,184,1279,In Stock,2025-10-12
37,3,399,165,1110,In Stock,2026-02-26
37,4,868,154,1407,In Stock,2026-05-24
37,5,653,84,1391,In Stock,2025-11-16
37,6,664,124,660,In Stock,2025-10-31
37,7,935,102,627,In Stock,2026-01-29
37,8,518,147,1416,In Stock,2026-07-10
37,9,560,180,1264,In Stock,2026-06-06
37,10,805,192,1252,In Stock,2025-08-18
38,1,378,162,698,In Stock,2025-11-13
38,2,537,152,1061,In Stock,2026-06-02
38,3,628,107,869,In Stock,2026-06-14
38,4,259,134,498,In Stock,2025-08-14
38,5,437,196,959,In Stock,2026-01-19
38,6,496,123,736,In Stock,2026-03-20
38,7,186,177,547,In Stock,2026-04-16
38,8,295,141,947,In Stock,2026-04-20
38,9,827,71,1208,In Stock,2025-08-08
38,10,601,61,1475,In Stock,2025-09-05
39,1,921,156,394,In Stock,2026-01-25
39,2,820,157,567,In Stock,2025-09-09
39,3,174,82,671,In Stock,2025-12-05
39,4,455,154,462,In Stock,2026-04-06
39,5,648,74,1109,In Stock,2026-02-15
39,6,819,114,944,In Stock,2025-11-25
39,7,556,166,421,In Stock,2025-12-08
39,8,488,116,965,In Stock,2026-06-23
39,9,667,166,953,In Stock,2026-05-10
39,10,928,144,812,In Stock,2025-12-29
40,1,498,159,1089,In Stock,2025-11-22
40,2,616,65,660,In Stock,2025-10-29
40,3,743,132,921,In Stock,2025-12-03
40,4,595,150,349,In Stock,2026-06-21
40,5,334,89,1135,In Stock,2025-10-13
40,6,278,157,1200,In Stock,2026-03-14
40,7,91,86,789,In Stock,2025-10-06
40,8,774,110,1361,In Stock,2025-11-24
40,9,371,138,664,In Stock,2026-03-28
40,10,43,84,595,Low Stock,2026-01-04
41,1,982,125,1456,In Stock,2025-07-11
41,2,194,131,958,In Stock,2025-10-27
41,3,142,176,1130,Low Stock,2025-07-12
41,4,35,136,383,Low Stock,2025-10-19
41,5,992,108,1081,In Stock,2026-02-28
41,6,242,156,525,In Stock,2025-08-30
41,7,200,175,799,In Stock,2025-07-29
41,8,120,95,1497,In Stock,2025-12-20
41,9,505,95,253,In Stock,2026-04-20
41,10,348,111,487,In Stock,2025-10-16
42,1,7,199,560,Low Stock,2025-08-09
42,2,963,59,1062,In Stock,2026-06-27
42,3,143,164,1014,Low Stock,2025-11-18
42,4,393,168,389,In Stock,2025-11-15
42,5,666,163,863,In Stock,2026-03-08
42,6,745,200,763,In Stock,2026-02-10
42,7,228,136,404,In Stock,2026-06-02
42,8,326,90,1089,In Stock,2025-09-11
42,9,789,153,1168,In Stock,2026-06-24
42,10,346,167,479,In Stock,2025-12-11
43,1,745,189,347,In Stock,2026-03-11
43,2,457,120,304,In Stock,2025-08-18
43,3,726,87,898,In Stock,2026-06-12
43,4,161,147,1418,In Stock,2026-05-23
43,5,807,53,709,In Stock,2025-12-07
43,6,953,52,1118,In Stock,2026-03-30
43,7,414,112,1460,In Stock,2025-10-27
43,8,319,96,269,In Stock,2025-11-03
43,9,703,113,639,In Stock,2026-01-04
43,10,945,84,1132,In Stock,2026-04-07
44,1,641,178,609,In Stock,2025-11-06
44,2,854,130,647,In Stock,2025-11-21
44,3,586,136,557,In Stock,2025-11-05
44,4,57,110,542,Low Stock,2026-03-14
44,5,82,178,775,Low Stock,2025-11-12
44,6,35,124,955,Low Stock,2025-10-21
44,7,1,139,435,Low Stock,2026-05-30
44,8,47,141,726,Low Stock,2025-12-03
44,9,381,108,798,In Stock,2026-01-15
44,10,887,61,531,In Stock,2025-08-16
45,1,963,50,1309,In Stock,2025-09-08
45,2,427,113,996,In Stock,2026-06-11
45,3,502,185,663,In Stock,2026-05-04
45,4,259,129,232,In Stock,2025-08-07
45,5,466,102,1170,In Stock,2025-07-27
45,6,571,168,829,In Stock,2025-08-02
45,7,119,143,743,Low Stock,2026-03-05
45,8,139,179,1201,Low Stock,2025-12-14
45,9,516,155,996,In Stock,2025-09-06
45,10,83,119,979,Low Stock,2026-06-21
46,1,354,180,1261,In Stock,2025-11-07
46,2,935,72,646,In Stock,2026-04-25
46,3,241,157,779,In Stock,2025-07-16
46,4,876,94,460,In Stock,2025-11-14
46,5,108,112,538,Low Stock,2026-02-10
46,6,445,109,921,In Stock,2025-11-12
46,7,301,141,1358,In Stock,2026-04-30
46,8,316,136,1063,In Stock,2025-12-26
46,9,367,145,1333,In Stock,2025-08-26
46,10,986,187,1284,In Stock,2025-07-13
47,1,598,57,801,In Stock,2025-12-05
47,2,355,168,832,In Stock,2025-11-06
47,3,952,167,510,In Stock,2026-01-15
47,4,936,194,395,In Stock,2026-03-23
47,5,406,191,496,In Stock,2026-03-30
47,6,194,62,812,In Stock,2025-11-10
47,7,932,196,1387,In Stock,2026-06-27
47,8,485,73,913,In Stock,2025-10-09
47,9,909,113,775,In Stock,2025-10-20
47,10,906,55,923,In Stock,2025-12-12
48,1,373,183,499,In Stock,2025-07-27
48,2,440,144,1039,In Stock,2026-05-04
48,3,614,100,1008,In Stock,2026-06-22
48,4,763,130,329,In Stock,2026-04-18
48,5,328,99,708,In Stock,2025-08-08
48,6,16,77,1275,Low Stock,2025-12-08
48,7,983,90,243,In Stock,2026-01-17
48,8,491,68,413,In Stock,2025-10-04
48,9,888,144,719,In Stock,2025-12-10
48,10,801,102,973,In Stock,2026-02-21
49,1,534,154,727,In Stock,2026-07-03
49,2,880,79,410,In Stock,2026-02-18
49,3,920,103,501,In Stock,2026-05-11
49,4,778,177,730,In Stock,2026-04-25
49,5,740,168,1499,In Stock,2025-12-06
49,6,353,166,690,In Stock,2026-01-13
49,7,893,116,1179,In Stock,2025-08-30
49,8,645,191,1147,In Stock,2025-07-29
49,9,292,160,1433,In Stock,2026-07-03
49,10,992,75,1188,In Stock,2025-11-06
50,1,575,171,545,In Stock,2026-06-30
50,2,662,159,345,In Stock,2026-06-03
50,3,471,114,562,In Stock,2026-02-04
50,4,354,57,526,In Stock,2026-03-24
50,5,602,109,859,In Stock,2025-12-14
50,6,607,186,1415,In Stock,2025-08-05
50,7,566,109,292,In Stock,2026-05-19
50,8,779,198,1459,In Stock,2025-11-15
50,9,68,119,686,Low Stock,2026-04-24
50,10,646,104,407,In Stock,2026-04-19
51,1,972,69,430,In Stock,2025-08-21
51,2,610,199,1400,In Stock,2025-07-28
51,3,463,59,467,In Stock,2026-04-21
51,4,364,191,995,In Stock,2026-04-29
51,5,559,116,408,In Stock,2025-10-11
51,6,548,86,715,In Stock,2026-05-12
51,7,915,86,525,In Stock,2025-07-18
51,8,291,124,1282,In Stock,2025-09-26
51,9,83,175,933,Low Stock,2026-06-06
51,10,712,128,831,In Stock,2025-10-22
52,1,636,162,1370,In Stock,2026-05-12
52,2,116,65,732,In Stock,2025-12-24
52,3,175,151,1358,In Stock,2026-03-07
52,4,861,57,1103,In Stock,2026-05-01
52,5,94,161,1289,Low Stock,2026-06-30
52,6,503,98,1130,In Stock,2026-06-17
52,7,670,50,1220,In Stock,2025-08-11
52,8,263,151,895,In Stock,2026-05-03
52,9,262,150,534,In Stock,2025-08-18
52,10,575,87,1016,In Stock,2026-05-17
53,1,220,192,320,In Stock,2025-10-10
53,2,703,82,856,In Stock,2025-09-29
53,3,42,164,468,Low Stock,2026-07-07
53,4,307,50,1256,In Stock,2025-08-20
53,5,575,58,1187,In Stock,2026-01-21
53,6,100,139,1244,Low Stock,2025-10-18
53,7,983,90,456,In Stock,2026-02-03
53,8,666,178,1134,In Stock,2025-11-28
53,9,558,114,387,In Stock,2026-04-10
53,10,918,103,1407,In Stock,2025-12-01
54,1,953,124,568,In Stock,2025-07-21
54,2,235,87,350,In Stock,2026-03-12
54,3,588,148,1216,In Stock,2026-02-12
54,4,554,50,1289,In Stock,2025-12-19
54,5,722,61,230,In Stock,2025-08-19
54,6,394,76,280,In Stock,2026-02-24
54,7,662,129,323,In Stock,2026-03-16
54,8,378,113,466,In Stock,2025-12-08
54,9,398,111,1390,In Stock,2026-01-26
54,10,228,153,308,In Stock,2026-07-03
55,1,617,122,1054,In Stock,2025-10-08
55,2,441,149,648,In Stock,2026-03-01
55,3,179,140,919,In Stock,2026-05-06
55,4,187,50,856,In Stock,2026-02-19
55,5,972,140,1269,In Stock,2026-01-28
55,6,37,93,422,Low Stock,2025-11-21
55,7,136,61,1090,In Stock,2026-05-22
55,8,150,80,410,In Stock,2025-07-30
55,9,354,61,1336,In Stock,2026-05-17
55,10,775,185,1410,In Stock,2025-12-07
56,1,510,192,1179,In Stock,2026-06-27
56,2,947,110,841,In Stock,2026-01-17
56,3,99,69,558,In Stock,2025-08-10
56,4,938,166,597,In Stock,2026-02-15
56,5,385,195,340,In Stock,2025-07-11
56,6,807,114,257,In Stock,2025-10-20
56,7,278,77,903,In Stock,2025-11-25
56,8,810,170,551,In Stock,2026-04-04
56,9,910,110,396,In Stock,2026-03-19
56,10,671,55,1223,In Stock,2026-02-02
57,1,258,126,352,In Stock,2026-01-31
57,2,946,76,1487,In Stock,2025-11-02
57,3,9,126,1167,Low Stock,2026-02-22
57,4,312,145,1464,In Stock,2026-01-13
57,5,760,94,930,In Stock,2026-06-27
57,6,182,181,387,In Stock,2026-01-19
57,7,45,124,769,Low Stock,2026-05-02
57,8,893,69,284,In Stock,2025-10-26
57,9,768,157,331,In Stock,2026-06-18
57,10,407,145,991,In Stock,2025-11-15
58,1,140,121,642,In Stock,2025-10-06
58,2,748,154,1283,In Stock,2026-05-02
58,3,288,183,1226,In Stock,2026-04-21
58,4,931,95,1085,In Stock,2026-05-26
58,5,776,157,673,In Stock,2026-06-03
58,6,196,190,1137,In Stock,2026-01-28
58,7,749,165,512,In Stock,2026-06-13
58,8,769,133,1445,In Stock,2026-03-19
58,9,965,114,560,In Stock,2025-08-24
58,10,402,136,1209,In Stock,2026-01-02
59,1,302,116,560,In Stock,2026-01-30
59,2,485,88,1264,In Stock,2025-10-06
59,3,270,53,818,In Stock,2026-04-12
59,4,347,133,662,In Stock,2026-04-15
59,5,410,78,1316,In Stock,2026-05-10
59,6,962,81,960,In Stock,2026-01-23
59,7,863,149,555,In Stock,2025-08-28
59,8,862,152,1089,In Stock,2025-12-29
59,9,21,186,616,Low Stock,2025-12-30
59,10,631,184,1413,In Stock,2026-05-17
60,1,411,96,496,In Stock,2026-05-11
60,2,942,148,650,In Stock,2025-12-29
60,3,921,61,1074,In Stock,2026-03-30
60,4,6,121,681,Low Stock,2026-01-13
60,5,32,186,1334,Low Stock,2026-03-23
60,6,305,174,359,In Stock,2025-09-09
60,7,644,148,418,In Stock,2026-07-05
60,8,175,89,1498,In Stock,2025-09-03
60,9,66,151,401,Low Stock,2025-10-06
60,10,130,149,751,Low Stock,2026-01-24
61,1,999,67,1006,In Stock,2026-07-01
61,2,161,106,1491,In Stock,2026-04-27
61,3,942,119,295,In Stock,2026-05-11
61,4,786,172,868,In Stock,2026-04-29
61,5,743,163,609,In Stock,2026-02-16
61,6,622,106,333,In Stock,2026-06-13
61,7,447,199,1127,In Stock,2026-04-08
61,8,849,82,1449,In Stock,2026-01-16
61,9,259,60,910,In Stock,2026-06-28
61,10,846,50,1266,In Stock,2026-02-02
62,1,425,164,1200,In Stock,2025-07-15
62,2,748,112,416,In Stock,2026-05-04
62,3,614,111,1014,In Stock,2025-07-26
62,4,269,196,1339,In Stock,2025-09-17
62,5,511,110,519,In Stock,2026-06-06
62,6,404,81,358,In Stock,2025-11-13
62,7,101,65,744,In Stock,2025-09-21
62,8,151,168,486,Low Stock,2026-06-18
62,9,778,111,1282,In Stock,2026-07-11
62,10,585,162,1026,In Stock,2026-03-01
63,1,281,155,712,In Stock,2025-08-28
63,2,214,73,1141,In Stock,2026-04-22
63,3,697,92,991,In Stock,2025-11-30
63,4,369,54,185,In Stock,2026-06-27
63,5,308,119,962,In Stock,2026-02-24
63,6,343,86,774,In Stock,2026-02-25
63,7,818,113,328,In Stock,2026-06-19
63,8,73,61,1374,In Stock,2026-02-06
63,9,191,124,582,In Stock,2025-09-05
63,10,78,117,1060,Low Stock,2026-02-10
64,1,474,158,926,In Stock,2026-04-01
64,2,516,183,701,In Stock,2026-06-11
64,3,688,153,757,In Stock,2026-05-11
64,4,855,196,756,In Stock,2026-01-15
64,5,792,193,976,In Stock,2025-10-28
64,6,82,78,1163,In Stock,2026-05-01
64,7,135,116,1167,In Stock,2026-03-24
64,8,934,91,1217,In Stock,2025-09-25
64,9,24,104,1435,Low Stock,2025-07-30
64,10,739,138,902,In Stock,2026-04-09
65,1,573,118,226,In Stock,2026-03-30
65,2,39,125,654,Low Stock,2026-03-17
65,3,622,193,1174,In Stock,2026-04-03
65,4,776,90,1296,In Stock,2026-05-13
65,5,404,182,863,In Stock,2026-06-30
65,6,660,144,622,In Stock,2026-06-21
65,7,484,180,1130,In Stock,2026-04-11
65,8,418,111,687,In Stock,2026-06-19
65,9,276,124,491,In Stock,2026-01-11
65,10,606,172,1191,In Stock,2026-02-12
66,1,245,65,692,In Stock,2026-03-16
66,2,839,103,637,In Stock,2026-05-10
66,3,113,195,652,Low Stock,2025-09-21
66,4,858,82,566,In Stock,2026-07-10
66,5,344,65,740,In Stock,2025-09-08
66,6,172,52,1201,In Stock,2026-05-21
66,7,534,123,1009,In Stock,2025-08-19
66,8,75,64,297,In Stock,2025-08-29
66,9,160,138,515,In Stock,2025-12-29
66,10,955,50,622,In Stock,2025-09-09
67,1,330,59,379,In Stock,2026-04-11
67,2,871,125,1412,In Stock,2025-11-10
67,3,143,124,743,In Stock,2026-02-22
67,4,690,124,776,In Stock,2025-08-09
67,5,259,127,472,In Stock,2026-06-09
67,6,961,141,689,In Stock,2026-03-05
67,7,581,113,1491,In Stock,2026-05-13
67,8,639,95,504,In Stock,2025-10-30
67,9,764,52,641,In Stock,2026-07-01
67,10,75,116,1208,Low Stock,2026-05-08
68,1,892,134,354,In Stock,2026-05-08
68,2,21,50,931,Low Stock,2025-10-27
68,3,7,182,1097,Low Stock,2025-09-30
68,4,480,136,1317,In Stock,2025-11-10
68,5,690,90,1479,In Stock,2026-03-01
68,6,115,170,1288,Low Stock,2025-12-25
68,7,431,104,658,In Stock,2026-02-11
68,8,260,191,1136,In Stock,2025-07-11
68,9,328,173,704,In Stock,2025-11-25
68,10,281,192,1017,In Stock,2025-10-11
69,1,266,53,656,In Stock,2026-02-19
69,2,573,194,478,In Stock,2025-10-26
69,3,789,113,494,In Stock,2026-05-24
69,4,949,65,628,In Stock,2025-12-27
69,5,186,61,391,In Stock,2026-07-08
69,6,270,197,1157,In Stock,2025-07-19
69,7,907,56,584,In Stock,2026-05-26
69,8,777,176,1076,In Stock,2025-09-19
69,9,440,116,1191,In Stock,2026-04-21
69,10,479,67,1064,In Stock,2025-07-23
70,1,567,178,720,In Stock,2025-11-03
70,2,349,122,1170,In Stock,2026-07-11
70,3,538,131,383,In Stock,2026-01-25
70,4,725,114,347,In Stock,2026-01-19
70,5,205,138,366,In Stock,2025-08-23
70,6,796,71,586,In Stock,2025-10-16
70,7,260,159,940,In Stock,2026-02-23
70,8,795,59,1025,In Stock,2025-12-15
70,9,57,144,1345,Low Stock,2025-11-21
70,10,64,146,298,Low Stock,2025-10-24
71,1,400,118,340,In Stock,2026-01-04
71,2,798,118,1238,In Stock,2025-08-25
71,3,898,99,208,In Stock,2025-10-30
71,4,18,142,1435,Low Stock,2026-02-04
71,5,826,59,522,In Stock,2026-05-03
71,6,987,50,793,In Stock,2025-08-13
71,7,413,134,1277,In Stock,2025-11-24
71,8,663,111,347,In Stock,2026-04-02
71,9,473,74,589,In Stock,2026-03-20
71,10,686,134,474,In Stock,2026-01-11
72,1,422,88,913,In Stock,2025-11-05
72,2,302,199,1058,In Stock,2026-05-28
72,3,706,83,1333,In Stock,2025-11-09
72,4,21,188,605,Low Stock,2025-07-21
72,5,136,189,1408,Low Stock,2026-05-06
72,6,537,191,906,In Stock,2025-09-25
72,7,485,113,314,In Stock,2025-08-31
72,8,26,200,1038,Low Stock,2025-10-20
72,9,450,85,1027,In Stock,2025-12-04
72,10,569,198,407,In Stock,2026-07-07
73,1,694,70,1431,In Stock,2026-04-08
73,2,244,164,308,In Stock,2025-10-25
73,3,307,179,1306,In Stock,2025-11-08
73,4,134,84,649,In Stock,2026-05-18
73,5,757,192,974,In Stock,2025-11-21
73,6,386,104,1330,In Stock,2025-09-22
73,7,393,71,342,In Stock,2026-05-30
73,8,208,112,731,In Stock,2025-12-24
73,9,292,184,1169,In Stock,2025-10-04
73,10,999,182,644,In Stock,2025-10-02
74,1,331,73,1289,In Stock,2026-01-11
74,2,455,83,590,In Stock,2026-05-05
74,3,360,87,313,In Stock,2025-10-19
74,4,521,174,599,In Stock,2025-12-20
74,5,318,160,964,In Stock,2025-09-20
74,6,305,75,703,In Stock,2025-10-18
74,7,605,169,1221,In Stock,2025-10-11
74,8,443,179,683,In Stock,2025-10-31
74,9,764,67,869,In Stock,2025-11-24
74,10,842,163,880,In Stock,2026-03-02
75,1,968,107,1150,In Stock,2025-08-22
75,2,941,56,720,In Stock,2026-06-13
75,3,970,163,898,In Stock,2025-07-15
75,4,544,146,453,In Stock,2026-06-15
75,5,81,112,1485,Low Stock,2026-07-01
75,6,734,189,1298,In Stock,2026-06-01
75,7,505,177,1266,In Stock,2026-06-26
75,8,160,164,1264,Low Stock,2026-03-08
75,9,227,165,968,In Stock,2025-10-03
75,10,416,79,957,In Stock,2026-05-22
76,1,350,55,343,In Stock,2025-11-27
76,2,600,96,807,In Stock,2026-06-20
76,3,370,150,1374,In Stock,2026-01-31
76,4,710,150,619,In Stock,2025-12-07
76,5,413,111,715,In Stock,2025-07-28
76,6,387,135,602,In Stock,2026-07-10
76,7,421,68,379,In Stock,2025-09-25
76,8,373,120,1486,In Stock,2025-12-07
76,9,40,106,748,Low Stock,2025-08-18
76,10,803,192,1425,In Stock,2026-06-17
77,1,414,117,1484,In Stock,2026-02-07
77,2,177,175,649,In Stock,2026-03-05
77,3,679,83,226,In Stock,2026-04-26
77,4,331,117,877,In Stock,2026-06-16
77,5,164,200,315,Low Stock,2026-03-15
77,6,88,180,1342,Low Stock,2026-06-22
77,7,424,58,215,In Stock,2026-05-11
77,8,98,112,1427,Low Stock,2026-03-06
77,9,731,175,992,In Stock,2026-03-08
77,10,103,192,739,Low Stock,2026-01-19
78,1,905,131,899,In Stock,2025-08-23
78,2,724,154,961,In Stock,2025-12-20
78,3,7,118,977,Low Stock,2026-01-15
78,4,569,74,1180,In Stock,2026-01-20
78,5,582,182,1487,In Stock,2026-01-05
78,6,299,155,285,In Stock,2025-07-23
78,7,937,98,1158,In Stock,2025-09-03
78,8,314,126,740,In Stock,2026-04-09
78,9,757,144,1152,In Stock,2025-12-17
78,10,449,196,920,In Stock,2026-03-10
79,1,298,151,1309,In Stock,2025-10-02
79,2,550,87,764,In Stock,2025-10-22
79,3,838,87,421,In Stock,2025-12-02
79,4,413,109,449,In Stock,2026-03-04
79,5,839,133,291,In Stock,2026-05-31
79,6,251,82,728,In Stock,2026-06-17
79,7,879,152,984,In Stock,2025-09-23
79,8,433,61,556,In Stock,2025-08-19
79,9,99,115,1037,Low Stock,2026-05-05
79,10,709,106,1434,In Stock,2026-06-09
80,1,146,163,465,Low Stock,2025-12-24
80,2,455,150,871,In Stock,2026-02-15
80,3,688,154,700,In Stock,2026-05-18
80,4,374,88,670,In Stock,2026-05-10
80,5,754,197,1169,In Stock,2025-10-11
80,6,702,112,1007,In Stock,2025-08-09
80,7,154,120,1068,In Stock,2025-10-30
80,8,613,198,504,In Stock,2026-03-22
80,9,446,166,1050,In Stock,2026-04-30
80,10,666,129,257,In Stock,2026-05-19
81,1,761,164,1270,In Stock,2026-03-21
81,2,543,64,936,In Stock,2026-02-02
81,3,53,78,1043,Low Stock,2026-03-12
81,4,179,150,1364,In Stock,2026-03-12
81,5,77,89,535,Low Stock,2025-08-18
81,6,501,71,1093,In Stock,2026-03-21
81,7,284,138,1065,In Stock,2025-12-30
81,8,402,76,1342,In Stock,2026-04-21
81,9,774,164,1309,In Stock,2026-02-04
81,10,118,83,298,In Stock,2025-12-31
82,1,304,78,1331,In Stock,2026-02-17
82,2,704,197,1174,In Stock,2025-12-02
82,3,200,110,285,In Stock,2026-06-02
82,4,249,121,1380,In Stock,2025-11-16
82,5,491,196,1159,In Stock,2025-09-06
82,6,139,136,888,In Stock,2026-06-27
82,7,166,183,1490,Low Stock,2026-04-13
82,8,900,90,1432,In Stock,2026-06-19
82,9,520,192,1228,In Stock,2025-11-27
82,10,261,115,771,In Stock,2026-06-05
83,1,747,177,723,In Stock,2025-07-26
83,2,73,173,680,Low Stock,2025-09-01
83,3,242,60,784,In Stock,2026-06-22
83,4,469,62,1282,In Stock,2026-07-07
83,5,434,66,200,In Stock,2026-01-04
83,6,225,93,1419,In Stock,2026-02-13
83,7,523,134,1419,In Stock,2026-04-09
83,8,962,179,753,In Stock,2025-10-19
83,9,31,136,698,Low Stock,2026-06-29
83,10,485,109,265,In Stock,2026-06-23
84,1,988,197,325,In Stock,2026-06-12
84,2,732,156,1295,In Stock,2025-11-19
84,3,731,134,1063,In Stock,2026-01-23
84,4,58,161,1428,Low Stock,2026-03-18
84,5,560,84,252,In Stock,2026-04-30
84,6,52,195,990,Low Stock,2025-10-31
84,7,192,197,594,Low Stock,2026-02-04
84,8,132,91,393,In Stock,2026-06-23
84,9,720,84,1078,In Stock,2026-03-09
84,10,22,176,1161,Low Stock,2026-06-01
85,1,244,198,1358,In Stock,2025-08-19
85,2,951,142,515,In Stock,2025-10-14
85,3,772,160,1494,In Stock,2025-08-21
85,4,533,169,497,In Stock,2025-11-22
85,5,22,111,949,Low Stock,2025-08-22
85,6,827,138,1122,In Stock,2026-06-16
85,7,544,53,308,In Stock,2026-06-08
85,8,809,87,1103,In Stock,2025-09-14
85,9,308,107,1014,In Stock,2026-04-13
85,10,535,87,602,In Stock,2026-04-30
86,1,44,58,938,Low Stock,2026-05-05
86,2,984,142,601,In Stock,2025-08-16
86,3,46,64,1495,Low Stock,2026-06-03
86,4,705,186,1155,In Stock,2026-03-13
86,5,257,61,359,In Stock,2026-07-09
86,6,154,152,745,In Stock,2026-01-25
86,7,491,157,742,In Stock,2025-08-11
86,8,845,109,1194,In Stock,2025-09-22
86,9,162,52,828,In Stock,2026-05-09
86,10,582,152,1126,In Stock,2026-06-28
87,1,135,133,617,In Stock,2025-11-18
87,2,249,112,854,In Stock,2025-09-08
87,3,488,198,839,In Stock,2026-05-11
87,4,471,123,415,In Stock,2025-09-19
87,5,260,87,396,In Stock,2025-09-21
87,6,294,149,1142,In Stock,2026-03-07
87,7,87,92,877,Low Stock,2025-09-25
87,8,221,73,1207,In Stock,2025-11-23
87,9,473,182,756,In Stock,2026-05-02
87,10,672,99,972,In Stock,2025-10-21
88,1,326,109,779,In Stock,2025-12-22
88,2,760,153,1366,In Stock,2025-09-14
88,3,58,54,510,In Stock,2026-04-28
88,4,468,193,957,In Stock,2025-09-19
88,5,474,121,1490,In Stock,2026-06-13
88,6,867,87,1295,In Stock,2026-02-13
88,7,599,119,1395,In Stock,2025-07-17
88,8,177,174,598,In Stock,2026-02-18
88,9,806,98,1329,In Stock,2026-04-08
88,10,243,177,826,In Stock,2025-12-19
89,1,223,117,1001,In Stock,2026-03-20
89,2,283,75,1047,In Stock,2026-01-31
89,3,885,94,1189,In Stock,2026-05-12
89,4,712,136,249,In Stock,2025-08-22
89,5,467,80,1088,In Stock,2026-01-19
89,6,873,123,694,In Stock,2026-01-05
89,7,916,51,1181,In Stock,2026-02-10
89,8,570,93,453,In Stock,2025-08-22
89,9,270,124,1278,In Stock,2026-03-27
89,10,238,181,1498,In Stock,2026-06-23
90,1,654,184,1172,In Stock,2025-08-25
90,2,409,185,337,In Stock,2026-02-26
90,3,783,50,509,In Stock,2026-05-09
90,4,424,74,1267,In Stock,2025-09-27
90,5,327,72,368,In Stock,2026-04-29
90,6,303,151,618,In Stock,2025-11-15
90,7,918,118,570,In Stock,2026-03-30
90,8,975,156,986,In Stock,2025-08-21
90,9,686,51,458,In Stock,2026-03-08
90,10,641,148,408,In Stock,2026-03-29
91,1,400,189,519,In Stock,2026-05-16
91,2,467,190,1159,In Stock,2026-03-08
91,3,42,83,1269,Low Stock,2026-01-13
91,4,177,149,1025,In Stock,2025-08-31
91,5,471,95,1015,In Stock,2026-06-21
91,6,741,86,1323,In Stock,2026-06-13
91,7,50,191,802,Low Stock,2026-02-08
91,8,571,51,741,In Stock,2026-05-08
91,9,802,123,258,In Stock,2025-10-17
91,10,332,78,1457,In Stock,2025-12-09
92,1,815,79,466,In Stock,2026-03-05
92,2,126,109,531,In Stock,2025-11-28
92,3,493,117,346,In Stock,2026-03-29
92,4,348,114,555,In Stock,2025-10-07
92,5,328,122,1378,In Stock,2026-04-04
92,6,950,99,1381,In Stock,2025-08-05
92,7,360,50,777,In Stock,2025-08-17
92,8,246,168,1095,In Stock,2026-05-06
92,9,532,186,684,In Stock,2026-05-29
92,10,908,174,1087,In Stock,2025-09-01
93,1,315,113,1208,In Stock,2025-11-09
93,2,779,97,546,In Stock,2025-10-08
93,3,912,86,1029,In Stock,2026-03-20
93,4,866,190,1464,In Stock,2026-02-20
93,5,428,142,1325,In Stock,2026-06-15
93,6,980,132,1035,In Stock,2026-01-03
93,7,100,83,1426,In Stock,2026-04-22
93,8,87,59,1308,In Stock,2025-08-09
93,9,803,154,861,In Stock,2025-10-14
93,10,121,101,1106,In Stock,2025-10-28
94,1,691,53,878,In Stock,2025-11-18
94,2,464,178,308,In Stock,2025-12-13
94,3,443,113,1158,In Stock,2026-01-12
94,4,339,120,791,In Stock,2026-03-19
94,5,535,113,414,In Stock,2025-09-20
94,6,53,164,1187,Low Stock,2026-05-25
94,7,449,84,403,In Stock,2026-07-03
94,8,519,187,553,In Stock,2026-03-16
94,9,596,166,1470,In Stock,2025-09-05
94,10,186,108,371,In Stock,2026-03-30
95,1,298,94,260,In Stock,2025-07-17
95,2,408,186,1243,In Stock,2025-09-08
95,3,879,150,777,In Stock,2026-01-22
95,4,593,157,748,In Stock,2026-01-06
95,5,615,92,309,In Stock,2026-01-01
95,6,244,168,745,In Stock,2025-08-29
95,7,338,50,383,In Stock,2026-05-12
95,8,175,148,1086,In Stock,2026-03-12
95,9,819,68,1282,In Stock,2026-03-19
95,10,731,146,1102,In Stock,2026-01-09
96,1,489,150,729,In Stock,2026-06-28
96,2,165,84,754,In Stock,2026-05-21
96,3,346,63,1273,In Stock,2025-08-24
96,4,706,59,1105,In Stock,2026-01-18
96,5,792,172,1068,In Stock,2026-02-06
96,6,352,123,1118,In Stock,2026-04-24
96,7,511,129,469,In Stock,2026-06-30
96,8,709,166,1390,In Stock,2026-07-03
96,9,610,155,1292,In Stock,2025-10-15
96,10,610,130,236,In Stock,2025-09-02
97,1,887,67,245,In Stock,2025-12-08
97,2,121,189,1272,Low Stock,2026-05-02
97,3,418,149,613,In Stock,2025-10-20
97,4,640,88,670,In Stock,2026-06-30
97,5,900,132,853,In Stock,2025-11-30
97,6,388,114,1318,In Stock,2026-02-21
97,7,673,60,946,In Stock,2026-02-16
97,8,659,108,844,In Stock,2026-03-02
97,9,860,67,1350,In Stock,2026-01-01
97,10,42,128,1333,Low Stock,2025-12-29
98,1,802,88,1109,In Stock,2026-06-21
98,2,127,116,258,In Stock,2026-05-30
98,3,412,54,318,In Stock,2025-08-10
98,4,825,171,663,In Stock,2026-04-20
98,5,491,97,410,In Stock,2025-10-11
98,6,932,148,1263,In Stock,2026-01-14
98,7,497,152,1050,In Stock,2025-08-13
98,8,73,74,302,Low Stock,2026-02-14
98,9,463,130,1460,In Stock,2025-08-24
98,10,183,196,342,Low Stock,2026-05-27
99,1,898,148,683,In Stock,2026-02-19
99,2,85,124,798,Low Stock,2025-11-03
99,3,656,142,834,In Stock,2026-02-04
99,4,263,58,1131,In Stock,2026-06-30
99,5,485,89,529,In Stock,2026-01-11
99,6,294,143,603,In Stock,2026-05-31
99,7,485,97,256,In Stock,2026-03-21
99,8,167,68,183,In Stock,2025-08-23
99,9,641,90,730,In Stock,2026-06-21
99,10,35,67,713,Low Stock,2026-01-23
100,1,444,149,439,In Stock,2025-07-13
100,2,359,80,851,In Stock,2025-12-26
100,3,93,85,1000,In Stock,2026-04-11
100,4,287,171,684,In Stock,2026-01-27
100,5,532,153,1254,In Stock,2026-04-19
100,6,730,156,1074,In Stock,2025-09-18
100,7,773,58,217,In Stock,2025-07-17
100,8,229,195,459,In Stock,2025-07-26
100,9,539,178,1007,In Stock,2025-10-24
100,10,988,198,556,In Stock,2025-07-19
101,1,898,130,591,In Stock,2026-04-11
101,2,343,147,1043,In Stock,2025-12-15
101,3,271,119,685,In Stock,2025-10-21
101,4,908,144,1247,In Stock,2025-11-22
101,5,174,143,1337,In Stock,2025-10-25
101,6,597,87,846,In Stock,2025-10-06
101,7,762,67,434,In Stock,2025-12-21
101,8,453,60,1120,In Stock,2025-09-04
101,9,541,87,336,In Stock,2026-06-28
101,10,379,81,1360,In Stock,2025-07-29
102,1,419,110,1137,In Stock,2025-11-29
102,2,396,142,849,In Stock,2026-02-18
102,3,160,189,310,Low Stock,2025-10-05
102,4,528,173,947,In Stock,2026-03-04
102,5,194,89,996,In Stock,2026-05-24
102,6,665,55,178,In Stock,2026-01-21
102,7,245,114,1253,In Stock,2026-01-08
102,8,984,156,319,In Stock,2026-04-05
102,9,312,77,796,In Stock,2025-12-12
102,10,530,52,1263,In Stock,2025-09-05
103,1,954,99,202,In Stock,2026-02-08
103,2,393,139,807,In Stock,2025-09-08
103,3,778,70,1399,In Stock,2026-03-11
103,4,30,143,652,Low Stock,2026-07-08
103,5,582,200,621,In Stock,2025-08-23
103,6,748,132,497,In Stock,2026-07-02
103,7,853,82,648,In Stock,2025-12-18
103,8,491,194,1099,In Stock,2025-12-03
103,9,844,104,292,In Stock,2026-02-24
103,10,686,118,753,In Stock,2026-05-26
104,1,571,166,1211,In Stock,2026-05-24
104,2,494,198,1383,In Stock,2026-01-11
104,3,781,87,870,In Stock,2026-02-02
104,4,85,104,1161,Low Stock,2026-04-01
104,5,104,184,1500,Low Stock,2025-12-07
104,6,97,108,268,Low Stock,2025-09-16
104,7,646,98,254,In Stock,2025-11-26
104,8,395,161,328,In Stock,2026-06-10
104,9,816,152,1277,In Stock,2026-05-27
104,10,627,51,1006,In Stock,2025-10-05
105,1,935,109,982,In Stock,2026-03-02
105,2,333,124,674,In Stock,2026-05-01
105,3,693,181,367,In Stock,2025-07-19
105,4,403,56,1496,In Stock,2025-07-30
105,5,986,71,1052,In Stock,2025-11-01
105,6,806,148,398,In Stock,2026-02-03
105,7,341,68,996,In Stock,2026-03-12
105,8,345,154,1023,In Stock,2025-12-29
105,9,175,64,605,In Stock,2026-04-16
105,10,411,129,340,In Stock,2025-12-01
106,1,154,149,825,In Stock,2026-05-17
106,2,782,108,227,In Stock,2026-03-23
106,3,513,91,1209,In Stock,2026-02-11
106,4,130,121,359,In Stock,2026-03-17
106,5,851,119,681,In Stock,2026-04-22
106,6,199,150,467,In Stock,2026-05-03
106,7,589,169,1186,In Stock,2025-08-11
106,8,207,55,333,In Stock,2026-05-10
106,9,627,100,1140,In Stock,2026-07-04
106,10,16,84,1405,Low Stock,2025-11-15
107,1,746,157,1157,In Stock,2025-07-16
107,2,619,185,912,In Stock,2025-07-18
107,3,203,50,854,In Stock,2025-08-08
107,4,149,199,730,Low Stock,2025-12-25
107,5,784,146,1188,In Stock,2026-03-02
107,6,154,175,341,Low Stock,2026-06-03
107,7,604,63,188,In Stock,2025-08-11
107,8,128,196,996,Low Stock,2025-09-14
107,9,146,160,960,Low Stock,2026-05-31
107,10,69,108,826,Low Stock,2025-09-25
108,1,376,126,948,In Stock,2026-05-28
108,2,342,68,285,In Stock,2026-05-31
108,3,240,197,594,In Stock,2026-03-25
108,4,813,123,644,In Stock,2026-04-09
108,5,705,52,589,In Stock,2025-07-31
108,6,225,112,773,In Stock,2025-08-08
108,7,598,137,1113,In Stock,2025-09-06
108,8,524,200,546,In Stock,2026-01-19
108,9,243,84,522,In Stock,2026-03-30
108,10,249,71,671,In Stock,2025-12-08
109,1,656,86,798,In Stock,2025-10-07
109,2,386,134,853,In Stock,2025-09-15
109,3,579,77,587,In Stock,2026-01-08
109,4,581,85,1144,In Stock,2025-07-31
109,5,922,63,650,In Stock,2025-12-17
109,6,861,141,325,In Stock,2025-10-10
109,7,805,165,520,In Stock,2025-09-05
109,8,458,146,1309,In Stock,2026-03-11
109,9,953,138,1051,In Stock,2026-03-15
109,10,497,191,365,In Stock,2025-08-30
110,1,99,136,282,Low Stock,2025-12-16
110,2,293,118,588,In Stock,2025-07-19
110,3,469,197,1182,In Stock,2025-08-18
110,4,788,181,980,In Stock,2026-01-18
110,5,382,58,520,In Stock,2025-09-23
110,6,440,83,448,In Stock,2026-02-07
110,7,849,131,515,In Stock,2026-03-23
110,8,802,134,951,In Stock,2026-01-19
110,9,168,151,438,In Stock,2026-01-10
110,10,918,181,1401,In Stock,2025-10-02
111,1,561,196,404,In Stock,2026-01-30
111,2,179,60,247,In Stock,2026-04-19
111,3,268,122,865,In Stock,2025-07-16
111,4,469,189,572,In Stock,2025-09-24
111,5,984,81,267,In Stock,2025-12-16
111,6,897,67,916,In Stock,2025-12-23
111,7,751,162,821,In Stock,2026-06-03
111,8,437,152,1297,In Stock,2025-09-17
111,9,776,162,522,In Stock,2026-07-07
111,10,108,99,979,In Stock,2025-11-18
112,1,603,116,259,In Stock,2025-08-06
112,2,121,179,752,Low Stock,2026-01-22
112,3,519,143,1271,In Stock,2026-01-05
112,4,483,153,529,In Stock,2025-11-13
112,5,121,200,1249,Low Stock,2026-07-04
112,6,327,197,414,In Stock,2025-08-09
112,7,514,80,1070,In Stock,2026-04-17
112,8,442,180,894,In Stock,2025-07-31
112,9,430,113,552,In Stock,2025-10-23
112,10,739,129,1403,In Stock,2025-11-17
113,1,705,72,340,In Stock,2025-11-13
113,2,748,121,1320,In Stock,2026-03-14
113,3,880,131,1244,In Stock,2026-01-14
113,4,642,86,408,In Stock,2026-05-26
113,5,143,67,1230,In Stock,2026-01-25
113,6,492,157,857,In Stock,2026-02-03
113,7,341,124,413,In Stock,2025-12-31
113,8,218,144,361,In Stock,2026-07-10
113,9,57,61,959,Low Stock,2025-11-03
113,10,120,105,760,In Stock,2026-07-03
114,1,206,108,499,In Stock,2025-08-06
114,2,196,173,565,In Stock,2026-05-31
114,3,331,120,1194,In Stock,2025-11-16
114,4,76,122,249,Low Stock,2026-02-12
114,5,137,162,1355,Low Stock,2025-08-29
114,6,281,167,413,In Stock,2026-05-15
114,7,102,52,1310,In Stock,2025-09-23
114,8,834,88,928,In Stock,2026-07-10
114,9,773,81,947,In Stock,2025-09-14
114,10,37,71,1345,Low Stock,2025-10-15
115,1,443,56,651,In Stock,2026-02-09
115,2,588,177,1397,In Stock,2025-12-17
115,3,681,150,799,In Stock,2025-12-25
115,4,354,111,339,In Stock,2025-11-13
115,5,656,85,1301,In Stock,2025-08-30
115,6,13,81,1036,Low Stock,2026-04-10
115,7,892,127,263,In Stock,2025-12-19
115,8,860,186,755,In Stock,2026-06-14
115,9,476,173,1478,In Stock,2025-09-20
115,10,961,82,1284,In Stock,2026-03-26
116,1,449,119,1430,In Stock,2025-11-20
116,2,346,113,1316,In Stock,2025-09-02
116,3,238,200,1079,In Stock,2025-08-14
116,4,666,146,615,In Stock,2025-07-25
116,5,612,83,593,In Stock,2026-05-02
116,6,401,92,380,In Stock,2026-01-16
116,7,356,156,662,In Stock,2026-05-16
116,8,904,63,880,In Stock,2025-07-23
116,9,102,166,361,Low Stock,2025-08-13
116,10,840,173,1336,In Stock,2026-06-27
117,1,782,162,657,In Stock,2026-01-28
117,2,795,53,1057,In Stock,2026-04-24
117,3,974,180,1498,In Stock,2026-05-17
117,4,389,89,946,In Stock,2025-11-02
117,5,740,199,909,In Stock,2025-07-15
117,6,837,186,846,In Stock,2025-08-09
117,7,104,126,722,Low Stock,2025-12-23
117,8,185,59,785,In Stock,2025-09-30
117,9,45,186,832,Low Stock,2025-07-21
117,10,616,97,546,In Stock,2026-02-18
118,1,912,89,782,In Stock,2025-09-24
118,2,565,156,1262,In Stock,2025-07-19
118,3,811,176,1073,In Stock,2026-06-21
118,4,313,145,357,In Stock,2025-11-14
118,5,209,74,379,In Stock,2026-05-16
118,6,553,109,1055,In Stock,2026-01-24
118,7,215,142,1037,In Stock,2026-06-06
118,8,915,120,483,In Stock,2026-02-01
118,9,507,127,1098,In Stock,2026-04-26
118,10,525,63,565,In Stock,2026-02-25
119,1,925,60,1225,In Stock,2025-08-14
119,2,525,183,1461,In Stock,2025-09-10
119,3,176,101,769,In Stock,2025-10-31
119,4,783,112,447,In Stock,2025-08-07
119,5,768,95,1070,In Stock,2026-01-12
119,6,500,191,547,In Stock,2026-05-09
119,7,811,108,984,In Stock,2026-07-08
119,8,885,145,515,In Stock,2026-04-26
119,9,899,175,1396,In Stock,2025-11-25
119,10,430,92,905,In Stock,2025-12-19
120,1,461,84,509,In Stock,2026-02-10
120,2,72,170,1247,Low Stock,2026-06-23
120,3,724,168,1066,In Stock,2026-06-14
120,4,851,75,541,In Stock,2025-10-12
120,5,557,194,1023,In Stock,2026-03-03
120,6,873,184,1250,In Stock,2026-04-27
120,7,431,141,1481,In Stock,2026-05-30
120,8,753,162,699,In Stock,2026-01-27
120,9,702,200,1057,In Stock,2025-08-22
120,10,923,178,344,In Stock,2025-10-28
121,1,471,126,897,In Stock,2026-01-05
121,2,959,184,1395,In Stock,2025-08-05
121,3,922,170,733,In Stock,2026-01-23
121,4,458,116,446,In Stock,2025-11-12
121,5,217,80,903,In Stock,2026-01-03
121,6,510,57,759,In Stock,2025-09-25
121,7,108,97,531,In Stock,2026-06-04
121,8,600,58,703,In Stock,2025-07-12
121,9,780,132,1127,In Stock,2026-04-20
121,10,436,178,1313,In Stock,2025-12-27
122,1,804,151,718,In Stock,2026-07-11
122,2,767,64,891,In Stock,2026-05-18
122,3,463,191,1484,In Stock,2026-05-15
122,4,340,177,397,In Stock,2025-08-07
122,5,732,55,752,In Stock,2026-04-09
122,6,312,169,389,In Stock,2025-08-19
122,7,249,103,1342,In Stock,2025-09-11
122,8,437,123,1392,In Stock,2025-11-06
122,9,544,73,898,In Stock,2026-05-06
122,10,301,69,1492,In Stock,2025-12-15
123,1,837,163,1162,In Stock,2025-09-19
123,2,118,180,649,Low Stock,2026-02-10
123,3,689,92,569,In Stock,2025-07-18
123,4,148,179,345,Low Stock,2026-06-18
123,5,222,63,685,In Stock,2026-05-10
123,6,369,144,983,In Stock,2026-04-14
123,7,35,146,535,Low Stock,2025-09-13
123,8,250,107,419,In Stock,2025-12-10
123,9,901,111,1295,In Stock,2025-09-11
123,10,815,167,807,In Stock,2026-01-09
124,1,23,185,912,Low Stock,2026-03-13
124,2,465,111,685,In Stock,2026-03-14
124,3,15,137,514,Low Stock,2025-08-28
124,4,459,190,914,In Stock,2025-07-17
124,5,649,169,821,In Stock,2025-08-16
124,6,710,153,1192,In Stock,2026-05-11
124,7,808,196,1483,In Stock,2025-11-21
124,8,316,128,469,In Stock,2026-05-30
124,9,253,73,1024,In Stock,2025-10-30
124,10,349,125,1094,In Stock,2026-02-25
125,1,364,72,1019,In Stock,2025-08-06
125,2,966,98,914,In Stock,2025-09-22
125,3,137,56,508,In Stock,2025-12-27
125,4,952,181,1264,In Stock,2026-04-07
125,5,541,196,339,In Stock,2025-11-14
125,6,832,114,1007,In Stock,2025-09-10
125,7,589,54,176,In Stock,2025-10-31
125,8,304,187,1364,In Stock,2026-04-22
125,9,472,125,937,In Stock,2026-02-11
125,10,638,175,561,In Stock,2026-01-13
126,1,965,130,431,In Stock,2025-11-16
126,2,125,170,1481,Low Stock,2025-12-07
126,3,292,76,1150,In Stock,2025-11-12
126,4,640,139,579,In Stock,2025-10-25
126,5,212,53,430,In Stock,2025-08-12
126,6,612,139,1332,In Stock,2025-10-20
126,7,890,117,745,In Stock,2025-08-17
126,8,914,67,1241,In Stock,2026-02-07
126,9,564,62,1241,In Stock,2025-11-07
126,10,864,91,196,In Stock,2025-11-17
127,1,680,63,1484,In Stock,2026-01-29
127,2,967,175,1236,In Stock,2025-11-25
127,3,576,197,339,In Stock,2026-06-28
127,4,191,75,526,In Stock,2026-04-14
127,5,149,93,683,In Stock,2026-04-06
127,6,405,61,1076,In Stock,2025-07-27
127,7,175,119,1025,In Stock,2026-05-03
127,8,415,168,436,In Stock,2025-10-05
127,9,954,136,913,In Stock,2025-09-08
127,10,411,139,644,In Stock,2025-09-28
128,1,298,80,986,In Stock,2025-12-02
128,2,426,90,740,In Stock,2026-04-11
128,3,195,110,690,In Stock,2026-02-20
128,4,574,119,822,In Stock,2025-09-27
128,5,539,161,843,In Stock,2026-06-06
128,6,828,169,1223,In Stock,2025-09-06
128,7,707,132,479,In Stock,2026-07-05
128,8,23,154,974,Low Stock,2026-05-30
128,9,465,143,637,In Stock,2025-07-24
128,10,459,86,990,In Stock,2025-12-04
129,1,707,67,190,In Stock,2025-10-18
129,2,178,188,1204,Low Stock,2025-12-20
129,3,326,160,1413,In Stock,2025-11-09
129,4,706,65,1045,In Stock,2026-03-16
129,5,359,54,402,In Stock,2025-08-24
129,6,730,157,1045,In Stock,2026-04-13
129,7,779,140,874,In Stock,2025-12-14
129,8,559,52,485,In Stock,2025-10-18
129,9,527,143,1298,In Stock,2025-08-29
129,10,378,196,619,In Stock,2025-08-13
130,1,978,146,785,In Stock,2026-06-24
130,2,418,77,410,In Stock,2025-11-25
130,3,858,163,1335,In Stock,2025-08-15
130,4,563,173,781,In Stock,2026-05-25
130,5,347,148,1443,In Stock,2025-08-11
130,6,677,130,997,In Stock,2026-05-17
130,7,593,123,1117,In Stock,2026-04-13
130,8,84,174,1004,Low Stock,2026-01-23
130,9,841,67,1034,In Stock,2026-01-18
130,10,236,71,637,In Stock,2026-02-07
131,1,302,137,1267,In Stock,2025-12-10
131,2,734,139,1405,In Stock,2025-11-30
131,3,990,140,1306,In Stock,2026-02-03
131,4,76,160,1472,Low Stock,2026-06-14
131,5,222,54,695,In Stock,2026-07-02
131,6,656,172,1405,In Stock,2025-12-28
131,7,416,146,931,In Stock,2025-11-15
131,8,876,161,615,In Stock,2026-03-10
131,9,778,52,418,In Stock,2026-03-15
131,10,923,178,431,In Stock,2026-05-08
132,1,241,82,1041,In Stock,2026-02-20
132,2,849,118,994,In Stock,2025-09-20
132,3,541,116,463,In Stock,2025-11-09
132,4,277,153,878,In Stock,2025-07-15
132,5,679,155,334,In Stock,2025-10-23
132,6,335,84,669,In Stock,2026-05-30
132,7,665,158,841,In Stock,2026-03-11
132,8,771,189,924,In Stock,2025-11-26
132,9,739,93,466,In Stock,2026-05-26
132,10,622,98,403,In Stock,2025-11-28
133,1,307,62,1405,In Stock,2026-05-05
133,2,705,60,445,In Stock,2025-12-23
133,3,95,166,306,Low Stock,2025-08-15
133,4,859,200,1028,In Stock,2025-08-19
133,5,618,161,1303,In Stock,2025-08-17
133,6,601,170,690,In Stock,2025-10-10
133,7,258,65,527,In Stock,2025-12-23
133,8,29,138,561,Low Stock,2025-09-06
133,9,60,122,631,Low Stock,2026-03-14
133,10,467,56,974,In Stock,2026-05-10
134,1,959,184,427,In Stock,2025-10-20
134,2,328,131,394,In Stock,2026-05-01
134,3,510,53,1287,In Stock,2026-02-05
134,4,182,153,760,In Stock,2025-10-15
134,5,739,167,1068,In Stock,2026-06-07
134,6,777,71,396,In Stock,2026-05-10
134,7,30,143,839,Low Stock,2025-10-30
134,8,871,174,688,In Stock,2025-10-09
134,9,793,93,567,In Stock,2025-09-15
134,10,645,81,525,In Stock,2026-02-07
135,1,1,59,163,Low Stock,2026-05-25
135,2,11,194,605,Low Stock,2026-01-03
135,3,224,117,1431,In Stock,2025-12-04
135,4,428,56,477,In Stock,2026-04-14
135,5,206,153,1146,In Stock,2026-02-18
135,6,379,194,987,In Stock,2026-01-17
135,7,856,129,1110,In Stock,2025-09-03
135,8,987,112,919,In Stock,2026-01-18
135,9,682,153,649,In Stock,2026-04-27
135,10,436,153,378,In Stock,2025-10-06
136,1,353,193,847,In Stock,2026-02-19
136,2,216,195,982,In Stock,2026-06-02
136,3,983,151,1454,In Stock,2025-08-08
136,4,82,74,763,In Stock,2025-10-30
136,5,180,69,1152,In Stock,2025-10-25
136,6,69,156,1459,Low Stock,2026-07-04
136,7,768,77,236,In Stock,2026-02-24
136,8,280,113,732,In Stock,2026-03-12
136,9,518,189,401,In Stock,2025-07-18
136,10,126,77,359,In Stock,2026-06-21
137,1,425,58,559,In Stock,2025-12-22
137,2,53,92,740,Low Stock,2026-02-09
137,3,545,168,1253,In Stock,2026-02-07
137,4,856,123,342,In Stock,2025-11-24
137,5,382,155,952,In Stock,2026-05-06
137,6,53,88,384,Low Stock,2025-08-29
137,7,752,51,1189,In Stock,2026-05-26
137,8,474,176,361,In Stock,2025-12-25
137,9,664,95,1480,In Stock,2025-08-13
137,10,408,149,849,In Stock,2025-09-05
138,1,674,184,1280,In Stock,2026-04-18
138,2,531,181,1015,In Stock,2025-07-17
138,3,235,52,958,In Stock,2026-03-19
138,4,119,61,367,In Stock,2026-03-12
138,5,226,118,1056,In Stock,2025-09-02
138,6,135,62,488,In Stock,2025-07-11
138,7,184,152,1237,In Stock,2025-09-17
138,8,646,194,1061,In Stock,2026-05-23
138,9,668,178,1130,In Stock,2025-09-02
138,10,425,144,464,In Stock,2026-04-18
139,1,583,120,1206,In Stock,2025-08-06
139,2,605,176,1498,In Stock,2025-08-02
139,3,343,103,208,In Stock,2026-06-15
139,4,421,66,652,In Stock,2025-08-29
139,5,623,110,696,In Stock,2025-12-25
139,6,148,139,278,In Stock,2025-08-13
139,7,605,174,286,In Stock,2025-11-24
139,8,777,166,1238,In Stock,2026-01-15
139,9,375,161,1492,In Stock,2026-06-27
139,10,259,104,896,In Stock,2026-04-20
140,1,4,113,309,Low Stock,2026-04-10
140,2,581,72,694,In Stock,2025-12-29
140,3,805,165,427,In Stock,2026-01-30
140,4,624,111,946,In Stock,2025-12-11
140,5,761,98,1226,In Stock,2026-05-17
140,6,43,66,865,Low Stock,2025-12-04
140,7,86,144,1367,Low Stock,2026-06-24
140,8,142,175,325,Low Stock,2025-12-21
140,9,853,183,622,In Stock,2025-09-23
140,10,112,143,997,Low Stock,2025-10-25
141,1,314,181,957,In Stock,2026-07-05
141,2,779,92,845,In Stock,2025-08-16
141,3,323,77,1384,In Stock,2026-01-15
141,4,291,184,817,In Stock,2026-04-19
141,5,412,119,335,In Stock,2025-10-21
141,6,326,141,1358,In Stock,2025-09-14
141,7,769,53,222,In Stock,2025-07-17
141,8,987,152,991,In Stock,2025-08-09
141,9,70,86,655,Low Stock,2026-04-17
141,10,74,137,1272,Low Stock,2026-01-09
142,1,482,171,694,In Stock,2026-06-29
142,2,75,98,514,Low Stock,2026-05-24
142,3,794,121,1264,In Stock,2026-05-17
142,4,582,87,254,In Stock,2026-04-18
142,5,584,192,1430,In Stock,2026-01-30
142,6,39,69,1259,Low Stock,2026-05-06
142,7,983,115,382,In Stock,2026-03-08
142,8,386,57,968,In Stock,2025-09-16
142,9,335,76,482,In Stock,2025-11-24
142,10,659,117,467,In Stock,2025-08-07
143,1,257,106,876,In Stock,2025-12-04
143,2,935,172,845,In Stock,2026-06-11
143,3,262,141,299,In Stock,2026-07-05
143,4,185,54,771,In Stock,2026-01-14
143,5,873,136,894,In Stock,2025-09-14
143,6,586,167,282,In Stock,2026-05-11
143,7,257,96,252,In Stock,2026-06-27
143,8,388,117,732,In Stock,2025-10-26
143,9,171,159,584,In Stock,2026-03-01
143,10,136,164,293,Low Stock,2026-06-25
144,1,107,86,523,In Stock,2025-11-30
144,2,387,158,1293,In Stock,2025-07-23
144,3,941,185,1038,In Stock,2026-07-11
144,4,226,81,282,In Stock,2025-08-14
144,5,326,83,1403,In Stock,2025-07-15
144,6,152,66,1134,In Stock,2025-08-24
144,7,474,184,624,In Stock,2026-03-25
144,8,982,175,878,In Stock,2026-04-16
144,9,201,182,804,In Stock,2026-05-08
144,10,123,111,1331,In Stock,2025-11-22
145,1,192,126,1194,In Stock,2026-05-22
145,2,981,112,999,In Stock,2025-09-07
145,3,482,74,1488,In Stock,2026-07-05
145,4,725,175,945,In Stock,2026-05-15
145,5,69,98,270,Low Stock,2025-07-29
145,6,480,103,1208,In Stock,2026-02-24
145,7,10,73,934,Low Stock,2026-04-24
145,8,385,92,222,In Stock,2026-04-02
145,9,231,192,1070,In Stock,2025-11-02
145,10,790,159,306,In Stock,2026-07-07
146,1,503,163,1444,In Stock,2025-07-21
146,2,473,100,1484,In Stock,2025-08-06
146,3,340,99,306,In Stock,2025-08-09
146,4,383,137,653,In Stock,2026-03-18
146,5,769,84,1335,In Stock,2025-10-09
146,6,350,121,367,In Stock,2026-01-20
146,7,118,190,1214,Low Stock,2026-05-09
146,8,324,134,801,In Stock,2025-07-11
146,9,101,169,369,Low Stock,2025-08-16
146,10,280,52,863,In Stock,2025-07-13
147,1,515,94,741,In Stock,2026-02-09
147,2,29,181,706,Low Stock,2026-01-26
147,3,488,88,634,In Stock,2025-10-13
147,4,509,186,647,In Stock,2025-10-02
147,5,912,78,785,In Stock,2025-08-03
147,6,683,105,567,In Stock,2025-09-02
147,7,748,77,1012,In Stock,2025-09-16
147,8,564,154,606,In Stock,2026-02-13
147,9,957,135,465,In Stock,2026-07-09
147,10,325,84,490,In Stock,2026-05-21
148,1,608,146,1293,In Stock,2026-01-16
148,2,799,96,1211,In Stock,2025-10-21
148,3,509,93,611,In Stock,2025-10-19
148,4,244,50,1353,In Stock,2026-04-03
148,5,334,83,204,In Stock,2025-07-21
148,6,651,66,847,In Stock,2026-05-03
148,7,917,94,625,In Stock,2026-02-18
148,8,801,144,349,In Stock,2026-07-03
148,9,273,162,1263,In Stock,2026-05-31
148,10,818,72,1428,In Stock,2025-11-01
149,1,885,113,801,In Stock,2026-02-14
149,2,889,54,261,In Stock,2025-11-26
149,3,271,163,490,In Stock,2026-02-17
149,4,340,101,1385,In Stock,2026-06-27
149,5,887,156,481,In Stock,2025-12-20
149,6,949,188,727,In Stock,2025-09-22
149,7,450,161,604,In Stock,2025-12-24
149,8,733,166,1290,In Stock,2026-04-11
149,9,185,144,988,In Stock,2026-01-05
149,10,558,167,1319,In Stock,2026-07-09
150,1,283,136,923,In Stock,2025-09-09
150,2,279,102,1000,In Stock,2025-08-28
150,3,849,53,472,In Stock,2025-08-12
150,4,332,158,792,In Stock,2026-01-02
150,5,112,126,740,Low Stock,2026-04-14
150,6,819,163,988,In Stock,2026-03-20
150,7,775,153,757,In Stock,2025-08-07
150,8,201,116,1314,In Stock,2026-07-04
150,9,300,106,737,In Stock,2025-07-29
150,10,364,93,261,In Stock,2026-04-16
151,1,215,98,1211,In Stock,2026-02-10
151,2,901,99,1123,In Stock,2026-07-10
151,3,990,151,860,In Stock,2025-11-24
151,4,603,150,1229,In Stock,2025-09-21
151,5,742,109,810,In Stock,2025-10-17
151,6,367,192,582,In Stock,2026-03-02
151,7,699,53,953,In Stock,2025-10-11
151,8,811,119,455,In Stock,2025-12-23
151,9,491,109,771,In Stock,2025-10-17
151,10,259,58,282,In Stock,2026-07-07
152,1,313,188,602,In Stock,2025-09-07
152,2,993,157,430,In Stock,2026-01-16
152,3,395,149,756,In Stock,2026-03-23
152,4,45,156,478,Low Stock,2025-08-18
152,5,978,168,850,In Stock,2026-02-23
152,6,308,174,1164,In Stock,2026-03-15
152,7,780,93,1110,In Stock,2025-10-18
152,8,957,52,536,In Stock,2025-12-22
152,9,717,122,1105,In Stock,2026-06-03
152,10,691,106,1079,In Stock,2025-09-26
153,1,824,135,814,In Stock,2026-03-07
153,2,128,140,1485,Low Stock,2025-11-07
153,3,872,119,588,In Stock,2025-12-08
153,4,194,93,1113,In Stock,2026-01-27
153,5,229,146,610,In Stock,2025-08-14
153,6,661,143,478,In Stock,2026-01-02
153,7,703,69,413,In Stock,2026-04-03
153,8,611,148,871,In Stock,2025-09-13
153,9,848,195,839,In Stock,2025-08-17
153,10,853,140,1346,In Stock,2025-11-18
154,1,490,138,920,In Stock,2026-03-31
154,2,83,75,284,In Stock,2025-08-27
154,3,496,147,828,In Stock,2026-04-14
154,4,423,200,976,In Stock,2025-11-21
154,5,266,186,428,In Stock,2026-04-27
154,6,623,167,1027,In Stock,2025-12-22
154,7,93,131,1226,Low Stock,2025-12-19
154,8,428,143,1075,In Stock,2026-01-03
154,9,50,54,212,Low Stock,2026-01-22
154,10,953,94,431,In Stock,2025-10-26
155,1,36,174,1230,Low Stock,2026-04-08
155,2,283,118,1178,In Stock,2025-11-20
155,3,554,66,1072,In Stock,2026-02-02
155,4,828,155,808,In Stock,2025-11-12
155,5,641,144,528,In Stock,2026-01-21
155,6,492,69,932,In Stock,2025-08-27
155,7,215,122,835,In Stock,2026-03-17
155,8,978,168,1063,In Stock,2026-05-05
155,9,800,175,795,In Stock,2026-01-22
155,10,353,105,852,In Stock,2025-10-20
156,1,581,164,380,In Stock,2025-09-28
156,2,771,129,332,In Stock,2026-03-19
156,3,734,180,1022,In Stock,2025-09-23
156,4,245,67,519,In Stock,2025-12-14
156,5,47,86,1335,Low Stock,2025-07-15
156,6,340,185,297,In Stock,2026-05-21
156,7,8,131,977,Low Stock,2026-05-14
156,8,812,131,1191,In Stock,2025-07-19
156,9,608,102,706,In Stock,2026-06-24
156,10,111,169,618,Low Stock,2025-09-15
157,1,383,55,246,In Stock,2025-09-11
157,2,12,162,1179,Low Stock,2025-09-10
157,3,852,69,1033,In Stock,2026-05-19
157,4,109,136,509,Low Stock,2025-12-19
157,5,447,147,585,In Stock,2026-02-21
157,6,609,57,844,In Stock,2025-11-17
157,7,266,98,877,In Stock,2026-01-13
157,8,881,171,1321,In Stock,2026-05-27
157,9,859,186,855,In Stock,2026-03-27
157,10,762,168,955,In Stock,2026-03-29
158,1,776,97,1153,In Stock,2026-03-05
158,2,266,140,1286,In Stock,2025-09-01
158,3,601,179,328,In Stock,2025-10-16
158,4,730,119,507,In Stock,2026-06-05
158,5,674,141,871,In Stock,2025-10-26
158,6,53,58,1101,Low Stock,2026-03-13
158,7,310,164,1425,In Stock,2025-12-22
158,8,907,197,1422,In Stock,2026-02-17
158,9,366,185,805,In Stock,2026-03-16
158,10,124,117,254,In Stock,2026-02-10
159,1,255,167,641,In Stock,2025-11-04
159,2,534,194,1130,In Stock,2026-02-24
159,3,262,198,1495,In Stock,2025-08-04
159,4,974,171,969,In Stock,2026-05-15
159,5,516,87,1444,In Stock,2026-03-07
159,6,378,66,858,In Stock,2025-11-16
159,7,356,152,792,In Stock,2026-04-26
159,8,292,106,535,In Stock,2026-05-27
159,9,735,84,850,In Stock,2025-12-23
159,10,505,186,1210,In Stock,2025-08-17
160,1,491,191,600,In Stock,2026-06-06
160,2,601,61,1173,In Stock,2026-05-08
160,3,216,124,1242,In Stock,2025-09-23
160,4,518,192,423,In Stock,2026-05-30
160,5,538,182,1188,In Stock,2026-05-20
160,6,473,142,337,In Stock,2026-06-25
160,7,293,165,694,In Stock,2026-07-06
160,8,288,110,344,In Stock,2026-03-30
160,9,658,124,857,In Stock,2025-11-15
160,10,736,130,1243,In Stock,2025-11-27
161,1,718,98,905,In Stock,2025-10-27
161,2,299,198,336,In Stock,2025-12-04
161,3,216,133,1420,In Stock,2025-07-11
161,4,703,85,1074,In Stock,2025-07-22
161,5,319,86,1394,In Stock,2025-11-26
161,6,328,82,485,In Stock,2026-07-10
161,7,827,83,186,In Stock,2026-04-21
161,8,412,136,471,In Stock,2025-09-23
161,9,245,171,620,In Stock,2025-10-09
161,10,696,141,250,In Stock,2026-07-08
162,1,714,116,874,In Stock,2026-05-06
162,2,201,51,747,In Stock,2025-08-24
162,3,513,111,1223,In Stock,2025-11-18
162,4,621,196,1223,In Stock,2026-02-05
162,5,673,155,923,In Stock,2026-04-25
162,6,832,113,905,In Stock,2025-12-06
162,7,516,184,677,In Stock,2026-01-15
162,8,962,105,812,In Stock,2025-07-14
162,9,87,115,731,Low Stock,2025-09-10
162,10,939,131,688,In Stock,2026-05-13
163,1,664,127,903,In Stock,2025-11-18
163,2,379,57,1067,In Stock,2025-11-28
163,3,186,156,1332,In Stock,2026-01-11
163,4,725,109,275,In Stock,2026-07-07
163,5,344,190,1438,In Stock,2025-09-16
163,6,240,157,445,In Stock,2026-04-27
163,7,5,199,856,Low Stock,2026-01-19
163,8,120,113,614,In Stock,2026-06-30
163,9,447,179,558,In Stock,2025-10-26
163,10,285,79,530,In Stock,2026-05-23
164,1,877,161,1458,In Stock,2026-02-01
164,2,818,75,502,In Stock,2025-11-19
164,3,719,165,398,In Stock,2025-11-12
164,4,134,125,1045,In Stock,2025-07-30
164,5,895,109,519,In Stock,2026-03-09
164,6,194,156,1146,In Stock,2026-03-26
164,7,782,190,848,In Stock,2025-11-29
164,8,994,119,546,In Stock,2026-05-26
164,9,748,193,1494,In Stock,2026-01-26
164,10,621,152,1115,In Stock,2025-12-27
165,1,318,169,1303,In Stock,2026-03-14
165,2,733,76,741,In Stock,2025-08-25
165,3,636,76,1306,In Stock,2026-04-24
165,4,395,145,754,In Stock,2026-06-02
165,5,955,85,1448,In Stock,2025-07-25
165,6,830,162,985,In Stock,2025-12-07
165,7,670,161,949,In Stock,2025-11-09
165,8,409,89,873,In Stock,2025-11-11
165,9,29,128,1056,Low Stock,2025-11-30
165,10,796,102,857,In Stock,2026-04-01
166,1,427,192,1295,In Stock,2025-07-30
166,2,793,173,1142,In Stock,2026-02-11
166,3,312,129,492,In Stock,2025-09-30
166,4,760,96,787,In Stock,2025-08-22
166,5,599,64,1055,In Stock,2025-08-26
166,6,94,93,1337,In Stock,2026-02-08
166,7,71,196,1162,Low Stock,2026-02-03
166,8,441,148,1400,In Stock,2025-12-29
166,9,890,176,1334,In Stock,2025-09-09
166,10,707,96,1406,In Stock,2025-10-12
167,1,215,87,780,In Stock,2025-08-30
167,2,877,148,1377,In Stock,2025-12-11
167,3,58,159,1485,Low Stock,2025-11-20
167,4,416,196,986,In Stock,2026-03-11
167,5,124,176,1321,Low Stock,2026-06-23
167,6,457,68,1165,In Stock,2026-03-26
167,7,823,77,1089,In Stock,2026-03-06
167,8,782,159,929,In Stock,2026-01-11
167,9,921,176,566,In Stock,2025-08-23
167,10,987,147,812,In Stock,2025-08-14
168,1,851,107,399,In Stock,2026-03-29
168,2,377,138,348,In Stock,2025-12-18
168,3,598,172,989,In Stock,2026-02-21
168,4,467,152,1320,In Stock,2025-08-23
168,5,58,164,822,Low Stock,2025-12-16
168,6,716,168,506,In Stock,2025-08-19
168,7,615,108,1339,In Stock,2026-04-02
168,8,69,131,572,Low Stock,2025-08-17
168,9,816,93,598,In Stock,2026-01-03
168,10,212,193,1148,In Stock,2026-04-09
169,1,896,65,1083,In Stock,2026-04-12
169,2,505,107,605,In Stock,2026-03-07
169,3,125,139,1412,Low Stock,2026-01-23
169,4,603,116,340,In Stock,2026-04-26
169,5,558,139,1255,In Stock,2025-07-22
169,6,29,169,369,Low Stock,2026-02-20
169,7,826,118,1308,In Stock,2025-11-11
169,8,532,71,1225,In Stock,2026-02-28
169,9,546,151,910,In Stock,2026-04-12
169,10,651,85,1417,In Stock,2026-03-01
170,1,352,171,1181,In Stock,2026-01-21
170,2,793,113,1436,In Stock,2025-07-11
170,3,329,165,1032,In Stock,2025-09-27
170,4,509,62,368,In Stock,2025-11-08
170,5,877,73,790,In Stock,2025-08-02
170,6,460,174,857,In Stock,2026-06-14
170,7,511,167,972,In Stock,2025-08-27
170,8,927,67,1298,In Stock,2025-10-28
170,9,442,86,1138,In Stock,2025-11-26
170,10,52,130,1094,Low Stock,2025-09-07
171,1,482,89,1498,In Stock,2026-03-21
171,2,594,107,1265,In Stock,2026-02-17
171,3,850,166,709,In Stock,2026-03-13
171,4,436,50,247,In Stock,2025-07-31
171,5,402,193,1230,In Stock,2025-09-28
171,6,718,191,585,In Stock,2026-02-08
171,7,539,157,546,In Stock,2026-06-13
171,8,121,191,1369,Low Stock,2026-02-03
171,9,436,125,959,In Stock,2026-01-24
171,10,933,184,1095,In Stock,2025-12-28
172,1,506,171,1076,In Stock,2026-02-17
172,2,735,61,787,In Stock,2025-09-21
172,3,165,139,815,In Stock,2026-04-22
172,4,427,192,1366,In Stock,2025-07-19
172,5,216,65,868,In Stock,2026-01-09
172,6,256,140,1065,In Stock,2025-12-17
172,7,102,85,544,In Stock,2025-10-10
172,8,972,133,660,In Stock,2025-11-18
172,9,267,63,1440,In Stock,2026-05-16
172,10,781,113,962,In Stock,2025-11-27
173,1,346,147,1384,In Stock,2026-02-15
173,2,136,83,549,In Stock,2025-11-11
173,3,936,167,470,In Stock,2025-08-25
173,4,280,105,489,In Stock,2025-10-19
173,5,712,101,1222,In Stock,2026-04-09
173,6,596,122,474,In Stock,2026-01-04
173,7,346,143,1146,In Stock,2026-01-24
173,8,714,147,861,In Stock,2026-03-05
173,9,523,99,516,In Stock,2026-03-29
173,10,773,200,1275,In Stock,2026-03-18
174,1,634,148,558,In Stock,2025-10-08
174,2,998,99,343,In Stock,2026-02-03
174,3,27,170,1133,Low Stock,2025-09-25
174,4,21,199,1247,Low Stock,2026-04-20
174,5,888,114,877,In Stock,2025-09-12
174,6,175,82,1445,In Stock,2026-04-28
174,7,698,185,1043,In Stock,2025-10-26
174,8,391,80,541,In Stock,2026-02-07
174,9,83,57,1305,In Stock,2025-11-01
174,10,368,177,307,In Stock,2026-02-20
175,1,418,147,713,In Stock,2025-11-27
175,2,652,86,848,In Stock,2025-09-05
175,3,624,101,484,In Stock,2025-11-19
175,4,673,186,1007,In Stock,2026-05-20
175,5,617,148,259,In Stock,2026-01-02
175,6,624,180,1015,In Stock,2025-10-02
175,7,385,144,1252,In Stock,2025-07-25
175,8,572,113,1343,In Stock,2026-02-04
175,9,245,122,299,In Stock,2026-03-09
175,10,148,147,984,In Stock,2025-12-13
176,1,454,128,1453,In Stock,2026-02-07
176,2,888,190,368,In Stock,2026-04-29
176,3,742,52,287,In Stock,2026-07-01
176,4,781,148,1217,In Stock,2026-03-14
176,5,78,93,1296,Low Stock,2026-03-12
176,6,451,84,621,In Stock,2025-07-26
176,7,263,155,1093,In Stock,2026-01-21
176,8,435,112,653,In Stock,2025-09-15
176,9,596,122,348,In Stock,2025-08-27
176,10,775,189,1109,In Stock,2025-08-14
177,1,309,131,736,In Stock,2026-01-01
177,2,2,174,1112,Low Stock,2025-09-09
177,3,181,66,1204,In Stock,2025-11-01
177,4,603,101,218,In Stock,2025-11-21
177,5,714,154,775,In Stock,2026-04-29
177,6,314,55,709,In Stock,2025-10-15
177,7,686,61,1111,In Stock,2026-01-07
177,8,239,102,1184,In Stock,2026-03-19
177,9,899,194,370,In Stock,2026-06-13
177,10,510,157,964,In Stock,2026-02-01
178,1,737,83,225,In Stock,2026-01-09
178,2,453,149,948,In Stock,2025-11-17
178,3,589,82,898,In Stock,2026-05-29
178,4,927,199,1098,In Stock,2025-09-23
178,5,433,118,608,In Stock,2026-04-19
178,6,224,144,783,In Stock,2026-06-05
178,7,984,63,622,In Stock,2025-11-17
178,8,146,170,670,Low Stock,2025-09-20
178,9,442,182,993,In Stock,2025-07-30
178,10,946,138,1262,In Stock,2026-07-08
179,1,864,125,1401,In Stock,2026-05-14
179,2,246,154,444,In Stock,2025-12-13
179,3,919,200,836,In Stock,2026-01-29
179,4,32,123,1067,Low Stock,2025-08-22
179,5,299,96,431,In Stock,2026-02-28
179,6,128,104,1396,In Stock,2025-09-28
179,7,28,151,725,Low Stock,2025-08-28
179,8,914,53,1257,In Stock,2025-12-03
179,9,379,146,1065,In Stock,2025-07-20
179,10,820,144,1267,In Stock,2025-07-30
180,1,716,73,973,In Stock,2026-04-02
180,2,1000,77,1396,In Stock,2025-11-01
180,3,959,99,1150,In Stock,2026-04-09
180,4,72,65,1055,In Stock,2025-10-23
180,5,954,104,1108,In Stock,2026-05-17
180,6,382,107,681,In Stock,2026-04-03
180,7,559,193,565,In Stock,2026-04-30
180,8,748,153,764,In Stock,2026-04-12
180,9,359,162,443,In Stock,2025-12-09
180,10,308,147,1226,In Stock,2025-12-26
181,1,296,92,531,In Stock,2025-10-09
181,2,377,147,476,In Stock,2025-10-14
181,3,862,156,1282,In Stock,2026-01-16
181,4,599,96,1433,In Stock,2026-07-08
181,5,875,116,1313,In Stock,2026-06-01
181,6,443,183,944,In Stock,2026-04-10
181,7,791,114,1097,In Stock,2025-08-25
181,8,51,51,1481,Low Stock,2025-07-19
181,9,232,59,786,In Stock,2025-10-16
181,10,802,56,1109,In Stock,2026-07-04
182,1,873,79,874,In Stock,2025-12-13
182,2,147,109,767,In Stock,2026-03-25
182,3,878,85,974,In Stock,2026-01-14
182,4,62,168,725,Low Stock,2025-09-04
182,5,410,89,945,In Stock,2025-10-08
182,6,425,105,1187,In Stock,2026-02-20
182,7,553,86,595,In Stock,2025-12-28
182,8,20,88,601,Low Stock,2025-12-03
182,9,303,110,638,In Stock,2026-05-20
182,10,901,199,945,In Stock,2026-04-29
183,1,877,143,610,In Stock,2025-12-08
183,2,658,149,1489,In Stock,2026-05-14
183,3,496,172,734,In Stock,2025-10-07
183,4,268,74,674,In Stock,2025-07-13
183,5,902,50,1335,In Stock,2025-07-18
183,6,561,188,1033,In Stock,2026-07-10
183,7,868,126,764,In Stock,2025-08-25
183,8,11,102,806,Low Stock,2026-06-03
183,9,519,102,366,In Stock,2025-11-28
183,10,830,180,1443,In Stock,2025-08-10
184,1,772,102,553,In Stock,2025-09-13
184,2,799,179,537,In Stock,2026-07-09
184,3,690,98,348,In Stock,2025-11-18
184,4,903,111,1298,In Stock,2026-06-23
184,5,881,166,373,In Stock,2026-06-25
184,6,254,124,1083,In Stock,2025-11-29
184,7,729,163,626,In Stock,2026-02-27
184,8,666,142,698,In Stock,2026-04-08
184,9,899,142,1222,In Stock,2026-04-06
184,10,579,124,1321,In Stock,2026-05-12
185,1,981,144,1369,In Stock,2025-09-20
185,2,261,76,544,In Stock,2025-08-31
185,3,426,64,592,In Stock,2026-06-11
185,4,294,77,929,In Stock,2025-10-31
185,5,486,167,1344,In Stock,2025-09-13
185,6,389,181,1117,In Stock,2026-01-31
185,7,549,92,740,In Stock,2026-02-14
185,8,794,168,817,In Stock,2025-08-09
185,9,142,116,1207,In Stock,2025-10-12
185,10,183,168,1010,In Stock,2026-02-20
186,1,64,114,1421,Low Stock,2025-12-29
186,2,690,165,1329,In Stock,2025-10-12
186,3,560,195,729,In Stock,2025-11-06
186,4,991,117,617,In Stock,2026-03-28
186,5,492,168,816,In Stock,2025-08-01
186,6,419,184,1475,In Stock,2026-07-09
186,7,384,148,705,In Stock,2025-09-10
186,8,80,167,582,Low Stock,2025-10-29
186,9,943,88,562,In Stock,2026-04-29
186,10,245,166,660,In Stock,2026-05-29
187,1,473,164,531,In Stock,2026-01-31
187,2,734,113,559,In Stock,2026-01-27
187,3,36,158,529,Low Stock,2025-08-17
187,4,926,139,1151,In Stock,2025-12-15
187,5,725,54,867,In Stock,2026-07-10
187,6,457,122,383,In Stock,2026-05-18
187,7,205,93,389,In Stock,2025-08-07
187,8,351,134,822,In Stock,2025-11-14
187,9,922,57,616,In Stock,2025-12-04
187,10,315,182,699,In Stock,2025-09-20
188,1,895,149,1011,In Stock,2026-02-06
188,2,471,181,1208,In Stock,2025-08-23
188,3,896,149,1132,In Stock,2026-06-26
188,4,692,196,1050,In Stock,2026-01-29
188,5,540,156,1109,In Stock,2026-04-03
188,6,441,53,973,In Stock,2026-03-13
188,7,952,70,1375,In Stock,2026-06-14
188,8,116,104,1422,In Stock,2026-05-21
188,9,156,170,290,Low Stock,2026-05-24
188,10,612,111,553,In Stock,2025-08-05
189,1,776,112,1306,In Stock,2026-01-30
189,2,5,183,371,Low Stock,2025-08-21
189,3,600,171,1008,In Stock,2025-11-19
189,4,770,167,993,In Stock,2025-08-20
189,5,193,58,675,In Stock,2025-08-18
189,6,298,54,497,In Stock,2025-10-13
189,7,236,109,483,In Stock,2026-06-07
189,8,422,165,415,In Stock,2026-01-15
189,9,306,146,1157,In Stock,2026-01-13
189,10,444,98,1392,In Stock,2026-07-03
190,1,945,192,1080,In Stock,2025-09-15
190,2,950,167,329,In Stock,2026-01-07
190,3,420,62,312,In Stock,2026-06-03
190,4,797,71,379,In Stock,2025-09-09
190,5,501,193,353,In Stock,2025-09-19
190,6,5,164,1380,Low Stock,2025-12-12
190,7,366,160,505,In Stock,2026-02-16
190,8,550,165,933,In Stock,2025-12-07
190,9,586,124,854,In Stock,2025-07-30
190,10,683,120,1495,In Stock,2026-06-03
191,1,363,81,793,In Stock,2026-02-16
191,2,59,173,539,Low Stock,2026-05-30
191,3,785,191,997,In Stock,2025-11-17
191,4,75,113,669,Low Stock,2025-10-14
191,5,487,187,681,In Stock,2025-10-03
191,6,956,74,465,In Stock,2026-05-05
191,7,85,96,1188,Low Stock,2026-07-10
191,8,914,107,912,In Stock,2026-04-07
191,9,249,91,249,In Stock,2026-06-07
191,10,192,124,310,In Stock,2025-07-19
192,1,109,97,894,In Stock,2026-03-09
192,2,562,147,1044,In Stock,2025-09-03
192,3,596,152,550,In Stock,2025-09-01
192,4,36,66,1075,Low Stock,2026-05-24
192,5,32,145,1387,Low Stock,2026-02-14
192,6,649,171,1023,In Stock,2026-01-26
192,7,928,104,548,In Stock,2025-12-22
192,8,650,81,487,In Stock,2025-09-19
192,9,44,120,877,Low Stock,2026-04-14
192,10,516,68,1268,In Stock,2026-01-27
193,1,773,105,1241,In Stock,2026-04-02
193,2,987,88,726,In Stock,2025-12-17
193,3,420,136,370,In Stock,2026-02-07
193,4,886,161,1045,In Stock,2025-07-28
193,5,113,184,1276,Low Stock,2026-06-13
193,6,437,99,1390,In Stock,2025-11-10
193,7,44,67,382,Low Stock,2025-10-12
193,8,341,140,782,In Stock,2025-08-29
193,9,669,59,879,In Stock,2025-11-27
193,10,886,50,234,In Stock,2025-07-14
194,1,509,159,962,In Stock,2025-08-14
194,2,554,163,616,In Stock,2025-09-08
194,3,777,135,475,In Stock,2025-11-03
194,4,31,141,947,Low Stock,2025-11-06
194,5,69,194,372,Low Stock,2025-12-08
194,6,647,137,658,In Stock,2026-03-23
194,7,116,166,335,Low Stock,2026-02-10
194,8,25,139,920,Low Stock,2026-06-22
194,9,362,174,1311,In Stock,2025-12-06
194,10,800,68,1237,In Stock,2025-08-22
195,1,946,152,1149,In Stock,2026-02-25
195,2,303,97,793,In Stock,2025-09-20
195,3,519,61,868,In Stock,2025-11-16
195,4,402,133,719,In Stock,2026-06-11
195,5,240,131,288,In Stock,2025-07-12
195,6,770,139,1123,In Stock,2025-08-07
195,7,242,57,821,In Stock,2026-07-07
195,8,898,98,445,In Stock,2025-09-16
195,9,797,130,603,In Stock,2025-12-14
195,10,513,145,1201,In Stock,2026-06-12
196,1,679,176,772,In Stock,2026-01-03
196,2,803,194,532,In Stock,2025-12-09
196,3,180,93,1408,In Stock,2026-05-12
196,4,933,144,831,In Stock,2026-02-19
196,5,750,181,636,In Stock,2026-06-17
196,6,202,156,1027,In Stock,2025-11-24
196,7,697,65,532,In Stock,2026-01-23
196,8,409,78,563,In Stock,2025-11-11
196,9,50,88,664,Low Stock,2026-04-26
196,10,121,75,475,In Stock,2026-03-11
197,1,189,147,377,In Stock,2025-09-24
197,2,669,146,434,In Stock,2025-10-20
197,3,146,83,289,In Stock,2025-07-15
197,4,145,171,418,Low Stock,2026-03-29
197,5,903,121,1045,In Stock,2026-02-06
197,6,668,142,344,In Stock,2025-12-23
197,7,919,128,1126,In Stock,2026-05-14
197,8,323,133,384,In Stock,2025-12-28
197,9,780,149,516,In Stock,2025-08-05
197,10,783,96,198,In Stock,2026-06-20
198,1,648,67,860,In Stock,2026-02-02
198,2,876,77,1198,In Stock,2026-02-27
198,3,749,170,571,In Stock,2026-02-09
198,4,586,103,1262,In Stock,2026-03-11
198,5,983,137,447,In Stock,2025-12-28
198,6,457,111,828,In Stock,2026-06-30
198,7,613,198,664,In Stock,2026-04-27
198,8,897,197,834,In Stock,2026-06-25
198,9,2,96,920,Low Stock,2025-08-31
198,10,893,92,1321,In Stock,2026-04-03
199,1,385,195,487,In Stock,2026-02-28
199,2,590,129,1265,In Stock,2025-10-22
199,3,851,88,1375,In Stock,2026-03-18
199,4,473,151,406,In Stock,2025-07-15
199,5,455,133,720,In Stock,2026-05-10
199,6,101,150,1311,Low Stock,2025-07-27
199,7,638,154,862,In Stock,2025-08-09
199,8,550,77,1330,In Stock,2026-05-04
199,9,105,62,1213,In Stock,2026-05-07
199,10,814,181,1456,In Stock,2025-08-24
200,1,724,173,528,In Stock,2026-01-12
200,2,714,55,740,In Stock,2026-05-08
200,3,102,73,1246,In Stock,2025-08-11
200,4,390,124,1221,In Stock,2026-04-30
200,5,764,129,1086,In Stock,2026-01-12
200,6,956,140,1419,In Stock,2026-03-21
200,7,217,148,1121,In Stock,2025-10-01
200,8,58,101,1119,Low Stock,2025-12-06
200,9,973,131,1445,In Stock,2025-07-11
200,10,701,110,1249,In Stock,2026-01-02
201,1,127,172,1294,Low Stock,2025-07-16
201,2,284,163,363,In Stock,2026-01-16
201,3,185,117,570,In Stock,2026-01-18
201,4,565,166,350,In Stock,2025-11-03
201,5,549,51,1249,In Stock,2026-01-19
201,6,314,157,691,In Stock,2026-05-28
201,7,68,97,1451,Low Stock,2026-06-07
201,8,714,123,1208,In Stock,2026-02-05
201,9,577,140,1462,In Stock,2025-09-08
201,10,134,133,1071,In Stock,2026-02-28
202,1,207,139,672,In Stock,2026-06-17
202,2,192,141,1119,In Stock,2026-03-12
202,3,487,156,1169,In Stock,2026-03-15
202,4,639,183,1206,In Stock,2026-02-08
202,5,543,147,811,In Stock,2025-12-01
202,6,400,114,628,In Stock,2025-10-25
202,7,137,123,1037,In Stock,2026-02-28
202,8,471,115,322,In Stock,2026-06-27
202,9,875,104,657,In Stock,2025-07-15
202,10,666,156,543,In Stock,2026-01-01
203,1,949,158,960,In Stock,2026-02-11
203,2,908,63,1367,In Stock,2026-05-06
203,3,457,59,1092,In Stock,2026-02-25
203,4,334,52,779,In Stock,2025-12-29
203,5,363,73,959,In Stock,2026-01-03
203,6,482,123,382,In Stock,2025-08-09
203,7,826,62,494,In Stock,2025-11-04
203,8,33,102,512,Low Stock,2026-01-12
203,9,278,182,891,In Stock,2025-07-25
203,10,666,135,875,In Stock,2026-04-11
204,1,131,73,1328,In Stock,2025-08-22
204,2,124,54,958,In Stock,2025-08-03
204,3,614,64,1435,In Stock,2025-12-21
204,4,393,118,1214,In Stock,2025-07-26
204,5,360,108,887,In Stock,2026-01-21
204,6,661,130,1174,In Stock,2025-11-06
204,7,706,104,1361,In Stock,2026-06-04
204,8,438,186,1419,In Stock,2025-11-01
204,9,62,95,559,Low Stock,2025-12-17
204,10,440,89,947,In Stock,2025-08-08
205,1,342,145,510,In Stock,2025-11-28
205,2,266,154,1145,In Stock,2026-03-11
205,3,15,102,1252,Low Stock,2026-04-07
205,4,258,197,1272,In Stock,2026-01-01
205,5,318,126,386,In Stock,2025-10-17
205,6,734,173,421,In Stock,2026-02-08
205,7,335,177,975,In Stock,2026-06-17
205,8,365,87,788,In Stock,2026-04-29
205,9,394,133,445,In Stock,2025-10-11
205,10,381,52,509,In Stock,2025-11-19
206,1,614,184,489,In Stock,2025-10-13
206,2,863,191,1302,In Stock,2025-08-10
206,3,701,122,568,In Stock,2026-06-07
206,4,847,181,1151,In Stock,2026-05-06
206,5,600,56,1064,In Stock,2026-01-21
206,6,786,87,1258,In Stock,2025-09-30
206,7,700,151,1035,In Stock,2026-05-28
206,8,180,162,1150,In Stock,2025-07-29
206,9,790,134,752,In Stock,2026-03-23
206,10,992,152,1275,In Stock,2026-01-22
207,1,281,138,437,In Stock,2025-10-01
207,2,247,128,998,In Stock,2025-08-19
207,3,334,197,991,In Stock,2025-10-28
207,4,312,73,395,In Stock,2025-10-06
207,5,259,51,568,In Stock,2026-05-28
207,6,71,136,892,Low Stock,2026-01-07
207,7,296,114,1195,In Stock,2025-12-29
207,8,948,63,454,In Stock,2026-01-17
207,9,686,56,370,In Stock,2025-07-14
207,10,297,160,851,In Stock,2026-01-31
208,1,241,200,1376,In Stock,2025-07-31
208,2,88,56,1019,In Stock,2026-05-05
208,3,596,120,795,In Stock,2026-05-17
208,4,963,192,842,In Stock,2026-01-03
208,5,61,95,1230,Low Stock,2025-08-03
208,6,510,104,282,In Stock,2026-06-20
208,7,697,190,559,In Stock,2025-12-27
208,8,409,51,674,In Stock,2025-08-29
208,9,204,77,1404,In Stock,2026-05-05
208,10,616,121,230,In Stock,2025-12-11
209,1,50,138,1422,Low Stock,2026-04-26
209,2,148,109,661,In Stock,2026-02-26
209,3,500,170,1437,In Stock,2026-05-08
209,4,332,194,1283,In Stock,2025-12-13
209,5,290,63,1075,In Stock,2026-05-05
209,6,130,97,875,In Stock,2026-03-20
209,7,261,176,563,In Stock,2026-05-20
209,8,300,79,281,In Stock,2025-09-30
209,9,485,107,990,In Stock,2025-12-23
209,10,704,198,320,In Stock,2025-09-06
210,1,52,55,1070,Low Stock,2026-04-22
210,2,988,197,941,In Stock,2026-06-21
210,3,827,197,970,In Stock,2026-03-22
210,4,303,55,710,In Stock,2025-12-26
210,5,227,181,1171,In Stock,2026-03-22
210,6,373,180,1275,In Stock,2026-04-02
210,7,647,135,860,In Stock,2025-07-30
210,8,268,64,426,In Stock,2025-09-26
210,9,690,181,598,In Stock,2025-07-16
210,10,346,158,642,In Stock,2025-08-26
211,1,469,149,1246,In Stock,2026-06-29
211,2,613,94,1445,In Stock,2026-03-16
211,3,605,89,807,In Stock,2025-08-13
211,4,991,172,1439,In Stock,2026-01-28
211,5,836,152,678,In Stock,2025-12-03
211,6,453,185,1267,In Stock,2025-07-12
211,7,829,173,872,In Stock,2026-02-04
211,8,801,86,877,In Stock,2025-10-02
211,9,674,139,1352,In Stock,2026-04-12
211,10,452,150,487,In Stock,2025-11-14
212,1,607,122,361,In Stock,2026-03-17
212,2,703,82,888,In Stock,2025-12-28
212,3,743,126,732,In Stock,2025-07-30
212,4,557,56,405,In Stock,2025-09-29
212,5,919,124,1107,In Stock,2026-02-14
212,6,204,140,1115,In Stock,2026-03-14
212,7,704,62,1215,In Stock,2025-07-23
212,8,616,121,910,In Stock,2025-07-17
212,9,435,67,973,In Stock,2026-03-14
212,10,904,197,952,In Stock,2026-05-20
213,1,330,74,898,In Stock,2025-10-06
213,2,205,173,679,In Stock,2026-05-07
213,3,839,52,1451,In Stock,2026-03-29
213,4,299,110,603,In Stock,2025-07-16
213,5,852,60,176,In Stock,2026-05-16
213,6,15,162,266,Low Stock,2025-10-28
213,7,253,59,858,In Stock,2026-05-22
213,8,663,77,900,In Stock,2025-12-12
213,9,852,58,1467,In Stock,2026-05-09
213,10,795,95,479,In Stock,2026-02-09
214,1,86,155,363,Low Stock,2026-03-29
214,2,49,113,719,Low Stock,2025-08-03
214,3,608,71,812,In Stock,2026-01-11
214,4,337,185,620,In Stock,2026-06-16
214,5,961,111,888,In Stock,2026-06-19
214,6,613,112,347,In Stock,2026-06-13
214,7,486,112,1076,In Stock,2026-04-11
214,8,959,192,933,In Stock,2026-01-26
214,9,618,124,1190,In Stock,2025-08-21
214,10,898,64,1458,In Stock,2026-04-10
215,1,400,122,353,In Stock,2025-11-20
215,2,168,138,961,In Stock,2025-11-30
215,3,931,147,822,In Stock,2026-05-25
215,4,968,119,366,In Stock,2026-05-14
215,5,348,94,346,In Stock,2025-10-27
215,6,916,160,442,In Stock,2026-03-15
215,7,612,91,588,In Stock,2025-09-08
215,8,770,157,1230,In Stock,2025-09-20
215,9,611,152,1450,In Stock,2025-08-09
215,10,427,130,721,In Stock,2026-07-01
216,1,997,173,378,In Stock,2026-04-01
216,2,49,57,673,Low Stock,2026-04-16
216,3,45,73,314,Low Stock,2025-09-08
216,4,209,113,748,In Stock,2025-07-27
216,5,423,88,1007,In Stock,2025-10-28
216,6,186,182,707,In Stock,2026-06-13
216,7,757,51,402,In Stock,2025-09-13
216,8,168,84,488,In Stock,2025-09-10
216,9,818,78,1123,In Stock,2026-04-14
216,10,711,193,414,In Stock,2025-12-27
217,1,464,83,1113,In Stock,2026-02-15
217,2,581,108,731,In Stock,2025-12-15
217,3,149,71,462,In Stock,2025-10-12
217,4,626,92,932,In Stock,2025-08-22
217,5,603,80,365,In Stock,2025-11-06
217,6,24,121,849,Low Stock,2025-09-03
217,7,314,183,1363,In Stock,2026-05-09
217,8,349,119,355,In Stock,2026-06-20
217,9,381,142,402,In Stock,2026-05-24
217,10,322,164,764,In Stock,2026-03-20
218,1,879,109,673,In Stock,2025-12-12
218,2,629,168,748,In Stock,2025-12-17
218,3,87,96,824,Low Stock,2025-07-15
218,4,410,181,1414,In Stock,2026-05-05
218,5,212,197,471,In Stock,2026-02-07
218,6,451,125,1418,In Stock,2025-11-12
218,7,362,188,649,In Stock,2025-12-24
218,8,51,132,239,Low Stock,2026-06-20
218,9,282,186,629,In Stock,2025-09-10
218,10,634,66,285,In Stock,2026-05-02
219,1,177,84,1136,In Stock,2026-04-27
219,2,837,76,1176,In Stock,2025-11-15
219,3,903,77,529,In Stock,2025-12-05
219,4,185,198,599,Low Stock,2026-05-24
219,5,336,65,1090,In Stock,2026-05-28
219,6,863,200,1424,In Stock,2026-06-17
219,7,89,67,690,In Stock,2025-11-16
219,8,985,130,978,In Stock,2025-08-12
219,9,666,195,697,In Stock,2025-07-21
219,10,170,187,783,Low Stock,2026-05-17
220,1,866,84,1080,In Stock,2026-03-17
220,2,916,123,910,In Stock,2025-09-19
220,3,756,93,1424,In Stock,2026-04-15
220,4,787,185,1273,In Stock,2026-01-14
220,5,487,85,1232,In Stock,2025-08-09
220,6,50,66,195,Low Stock,2025-10-05
220,7,375,164,1087,In Stock,2026-02-12
220,8,533,175,1486,In Stock,2026-02-23
220,9,529,121,473,In Stock,2025-12-28
220,10,272,161,1045,In Stock,2025-11-26
221,1,134,62,1042,In Stock,2025-12-08
221,2,546,111,509,In Stock,2025-07-22
221,3,736,152,279,In Stock,2025-10-19
221,4,114,162,870,Low Stock,2025-10-22
221,5,775,60,1258,In Stock,2026-01-01
221,6,794,157,517,In Stock,2026-01-21
221,7,339,169,564,In Stock,2025-12-11
221,8,300,111,907,In Stock,2026-01-06
221,9,475,116,1158,In Stock,2025-08-08
221,10,36,174,1175,Low Stock,2025-08-02
222,1,521,74,599,In Stock,2026-02-18
222,2,711,172,1073,In Stock,2026-02-27
222,3,835,175,1149,In Stock,2026-01-09
222,4,386,177,277,In Stock,2025-09-16
222,5,66,197,1340,Low Stock,2026-03-08
222,6,699,71,641,In Stock,2026-03-31
222,7,827,155,358,In Stock,2025-10-28
222,8,275,146,865,In Stock,2026-02-04
222,9,402,176,1147,In Stock,2025-12-11
222,10,139,145,792,Low Stock,2025-11-03
223,1,452,134,1071,In Stock,2025-11-04
223,2,159,143,1244,In Stock,2025-11-18
223,3,652,77,1227,In Stock,2025-11-07
223,4,831,80,1147,In Stock,2025-12-12
223,5,239,57,782,In Stock,2025-07-11
223,6,707,125,1168,In Stock,2025-11-05
223,7,851,109,909,In Stock,2026-05-27
223,8,540,137,291,In Stock,2025-11-24
223,9,294,198,721,In Stock,2025-10-28
223,10,888,163,1180,In Stock,2026-06-06
224,1,920,99,370,In Stock,2026-03-01
224,2,589,149,696,In Stock,2026-04-17
224,3,899,171,542,In Stock,2026-04-18
224,4,936,89,1151,In Stock,2026-04-01
224,5,432,137,1008,In Stock,2025-08-30
224,6,160,51,926,In Stock,2026-05-21
224,7,257,132,375,In Stock,2025-11-29
224,8,692,70,1152,In Stock,2025-09-28
224,9,476,161,591,In Stock,2026-04-28
224,10,387,53,817,In Stock,2026-05-27
225,1,614,194,970,In Stock,2026-05-04
225,2,961,183,843,In Stock,2026-07-09
225,3,174,94,1146,In Stock,2025-08-27
225,4,823,128,585,In Stock,2026-06-29
225,5,643,86,1431,In Stock,2025-09-11
225,6,679,86,495,In Stock,2025-11-24
225,7,298,157,1490,In Stock,2026-04-03
225,8,901,92,271,In Stock,2025-08-12
225,9,611,93,1206,In Stock,2026-07-01
225,10,288,177,1205,In Stock,2025-09-27
226,1,952,82,564,In Stock,2026-05-22
226,2,647,109,965,In Stock,2025-09-05
226,3,447,58,1031,In Stock,2026-06-11
226,4,566,119,545,In Stock,2025-12-31
226,5,320,61,487,In Stock,2025-10-08
226,6,545,66,303,In Stock,2026-05-02
226,7,849,53,927,In Stock,2026-03-13
226,8,559,58,222,In Stock,2026-03-17
226,9,226,63,988,In Stock,2025-10-17
226,10,905,169,1246,In Stock,2026-07-03
227,1,500,89,1186,In Stock,2025-08-18
227,2,832,121,567,In Stock,2025-11-16
227,3,405,135,946,In Stock,2025-10-07
227,4,344,73,1368,In Stock,2026-02-04
227,5,756,126,1473,In Stock,2026-01-29
227,6,853,110,1062,In Stock,2025-07-13
227,7,893,182,312,In Stock,2025-12-24
227,8,432,106,543,In Stock,2025-12-20
227,9,864,168,594,In Stock,2026-04-22
227,10,300,155,642,In Stock,2025-11-22
228,1,235,192,440,In Stock,2025-08-08
228,2,168,183,527,Low Stock,2026-05-08
228,3,18,148,1119,Low Stock,2026-05-18
228,4,225,175,431,In Stock,2026-05-16
228,5,197,93,1478,In Stock,2026-05-26
228,6,10,127,262,Low Stock,2026-04-23
228,7,49,152,349,Low Stock,2026-06-26
228,8,989,109,1058,In Stock,2025-12-27
228,9,45,103,296,Low Stock,2026-05-26
228,10,368,121,980,In Stock,2026-03-14
229,1,490,119,521,In Stock,2026-01-14
229,2,592,106,630,In Stock,2025-11-09
229,3,967,54,1136,In Stock,2025-11-04
229,4,854,58,1019,In Stock,2026-03-27
229,5,574,55,307,In Stock,2026-04-26
229,6,927,170,296,In Stock,2025-10-30
229,7,868,198,1210,In Stock,2026-02-11
229,8,665,194,1389,In Stock,2025-11-17
229,9,378,178,1375,In Stock,2025-10-10
229,10,440,124,603,In Stock,2026-02-17
230,1,259,179,813,In Stock,2025-10-13
230,2,240,133,1002,In Stock,2026-06-06
230,3,977,165,511,In Stock,2025-08-17
230,4,820,76,1245,In Stock,2026-03-24
230,5,804,176,567,In Stock,2026-05-11
230,6,479,53,1088,In Stock,2026-04-03
230,7,978,162,423,In Stock,2025-09-14
230,8,745,60,1114,In Stock,2025-11-15
230,9,907,58,663,In Stock,2026-06-28
230,10,256,164,612,In Stock,2026-05-02
231,1,110,124,1432,Low Stock,2025-09-20
231,2,675,159,1409,In Stock,2026-01-19
231,3,900,87,1430,In Stock,2025-10-06
231,4,204,57,356,In Stock,2026-06-05
231,5,855,186,1468,In Stock,2026-02-21
231,6,135,124,1083,In Stock,2026-01-04
231,7,331,54,1090,In Stock,2025-09-26
231,8,863,100,485,In Stock,2025-10-31
231,9,518,182,1483,In Stock,2026-02-20
231,10,342,146,408,In Stock,2025-07-20
232,1,520,82,882,In Stock,2025-12-16
232,2,798,173,856,In Stock,2026-03-10
232,3,480,56,183,In Stock,2026-01-19
232,4,755,156,1098,In Stock,2025-12-04
232,5,444,180,358,In Stock,2025-09-05
232,6,986,185,572,In Stock,2026-07-07
232,7,598,54,558,In Stock,2026-01-12
232,8,377,146,886,In Stock,2026-03-01
232,9,899,154,592,In Stock,2025-08-27
232,10,836,197,708,In Stock,2025-08-29
233,1,810,61,810,In Stock,2025-10-26
233,2,832,79,511,In Stock,2026-05-31
233,3,56,113,1073,Low Stock,2026-04-17
233,4,553,156,779,In Stock,2026-03-19
233,5,50,118,967,Low Stock,2025-07-24
233,6,729,139,884,In Stock,2025-09-15
233,7,234,111,801,In Stock,2025-08-01
233,8,495,154,735,In Stock,2026-06-19
233,9,505,195,701,In Stock,2026-02-13
233,10,683,124,1064,In Stock,2026-06-04
234,1,765,106,1029,In Stock,2026-02-24
234,2,235,81,361,In Stock,2026-06-14
234,3,101,185,797,Low Stock,2026-01-19
234,4,92,177,1039,Low Stock,2025-10-04
234,5,399,75,1193,In Stock,2025-11-22
234,6,905,84,1197,In Stock,2025-08-23
234,7,282,191,415,In Stock,2025-10-11
234,8,897,95,259,In Stock,2026-02-04
234,9,428,164,585,In Stock,2026-06-02
234,10,699,78,982,In Stock,2025-08-12
235,1,799,174,1483,In Stock,2025-07-27
235,2,904,71,1282,In Stock,2026-01-17
235,3,884,103,1318,In Stock,2025-07-28
235,4,896,124,1497,In Stock,2025-11-20
235,5,591,140,968,In Stock,2025-08-05
235,6,348,163,1065,In Stock,2025-09-11
235,7,114,58,1031,In Stock,2026-03-12
235,8,321,129,1184,In Stock,2025-12-01
235,9,164,56,628,In Stock,2025-09-17
235,10,766,163,554,In Stock,2026-02-09
236,1,954,152,1143,In Stock,2026-02-03
236,2,76,90,462,Low Stock,2025-09-14
236,3,94,134,696,Low Stock,2025-09-09
236,4,97,96,918,In Stock,2025-12-08
236,5,340,186,1043,In Stock,2025-09-05
236,6,584,125,1150,In Stock,2025-11-30
236,7,847,118,442,In Stock,2025-08-03
236,8,141,131,1357,In Stock,2025-11-03
236,9,578,161,1032,In Stock,2025-09-07
236,10,371,80,642,In Stock,2025-11-03
237,1,497,53,1202,In Stock,2025-07-21
237,2,143,107,373,In Stock,2026-05-05
237,3,894,59,1047,In Stock,2026-03-12
237,4,929,83,978,In Stock,2026-06-04
237,5,459,172,1360,In Stock,2026-02-26
237,6,788,165,650,In Stock,2025-08-07
237,7,338,75,1004,In Stock,2025-07-12
237,8,780,60,1426,In Stock,2026-05-27
237,9,86,64,1141,In Stock,2025-12-09
237,10,799,64,956,In Stock,2025-12-21
238,1,685,62,1473,In Stock,2025-08-31
238,2,167,102,230,In Stock,2026-05-11
238,3,233,153,661,In Stock,2025-07-20
238,4,574,76,386,In Stock,2026-03-02
238,5,912,115,755,In Stock,2026-03-05
238,6,285,67,243,In Stock,2026-01-27
238,7,880,123,454,In Stock,2025-12-04
238,8,8,71,1220,Low Stock,2025-08-15
238,9,88,133,279,Low Stock,2025-12-11
238,10,562,118,468,In Stock,2026-02-04
239,1,915,97,502,In Stock,2026-02-07
239,2,591,70,1082,In Stock,2025-09-26
239,3,230,113,755,In Stock,2026-01-03
239,4,680,138,1355,In Stock,2025-11-17
239,5,959,149,992,In Stock,2025-11-22
239,6,225,174,789,In Stock,2025-09-20
239,7,514,96,1176,In Stock,2025-07-14
239,8,967,167,1203,In Stock,2026-04-05
239,9,142,126,284,In Stock,2025-08-26
239,10,850,195,652,In Stock,2026-03-01
240,1,261,59,771,In Stock,2026-06-03
240,2,124,95,672,In Stock,2025-08-28
240,3,519,139,1264,In Stock,2026-04-06
240,4,385,152,937,In Stock,2026-04-11
240,5,754,170,870,In Stock,2026-05-21
240,6,14,142,982,Low Stock,2025-11-23
240,7,385,172,1434,In Stock,2025-09-14
240,8,843,126,464,In Stock,2026-05-31
240,9,400,62,1043,In Stock,2026-02-25
240,10,261,83,1239,In Stock,2025-10-04
241,1,632,136,387,In Stock,2026-07-02
241,2,39,152,927,Low Stock,2025-10-12
241,3,575,65,1459,In Stock,2026-04-20
241,4,925,73,1288,In Stock,2025-09-21
241,5,869,113,369,In Stock,2026-06-24
241,6,600,100,904,In Stock,2025-11-21
241,7,843,112,1470,In Stock,2026-06-12
241,8,332,79,849,In Stock,2026-02-08
241,9,74,143,550,Low Stock,2026-03-13
241,10,715,190,1091,In Stock,2025-10-20
242,1,898,178,598,In Stock,2026-04-14
242,2,641,53,231,In Stock,2025-10-25
242,3,123,76,602,In Stock,2025-10-12
242,4,727,72,303,In Stock,2025-07-27
242,5,134,195,298,Low Stock,2025-09-22
242,6,268,200,618,In Stock,2025-12-23
242,7,523,149,895,In Stock,2026-02-27
242,8,603,151,1141,In Stock,2026-05-14
242,9,130,169,712,Low Stock,2025-11-26
242,10,487,75,921,In Stock,2026-05-05
243,1,24,137,353,Low Stock,2025-12-31
243,2,926,80,1462,In Stock,2025-09-28
243,3,129,156,1194,Low Stock,2025-07-28
243,4,640,98,297,In Stock,2026-06-12
243,5,329,67,406,In Stock,2026-02-07
243,6,902,141,817,In Stock,2025-10-12
243,7,618,89,1421,In Stock,2025-09-28
243,8,135,54,1033,In Stock,2026-02-25
243,9,806,117,983,In Stock,2025-12-27
243,10,4,107,666,Low Stock,2026-01-06
244,1,519,103,1267,In Stock,2025-12-10
244,2,688,161,398,In Stock,2026-01-27
244,3,621,162,1106,In Stock,2026-06-29
244,4,838,132,1002,In Stock,2026-06-21
244,5,887,130,873,In Stock,2025-07-20
244,6,307,154,763,In Stock,2025-08-07
244,7,110,82,602,In Stock,2026-02-24
244,8,672,154,642,In Stock,2025-12-05
244,9,33,190,857,Low Stock,2026-05-08
244,10,810,70,289,In Stock,2026-02-17
245,1,682,97,1145,In Stock,2026-04-09
245,2,933,195,1444,In Stock,2026-02-27
245,3,588,178,689,In Stock,2026-06-17
245,4,840,187,1432,In Stock,2026-05-04
245,5,809,160,438,In Stock,2026-06-06
245,6,537,171,1314,In Stock,2026-01-14
245,7,284,54,1094,In Stock,2026-03-11
245,8,204,173,519,In Stock,2025-08-17
245,9,903,60,660,In Stock,2026-05-19
245,10,311,145,905,In Stock,2026-05-18
246,1,591,197,381,In Stock,2025-10-31
246,2,516,79,1067,In Stock,2026-06-28
246,3,681,70,195,In Stock,2025-12-31
246,4,869,53,239,In Stock,2026-02-06
246,5,903,173,298,In Stock,2026-05-06
246,6,582,105,811,In Stock,2025-08-24
246,7,723,124,1045,In Stock,2025-09-10
246,8,454,63,328,In Stock,2026-06-03
246,9,435,56,1003,In Stock,2025-09-15
246,10,168,169,1287,Low Stock,2026-03-27
247,1,738,186,555,In Stock,2026-06-20
247,2,192,75,996,In Stock,2025-10-29
247,3,67,197,1425,Low Stock,2025-07-11
247,4,23,182,381,Low Stock,2026-04-13
247,5,701,176,316,In Stock,2025-12-05
247,6,841,85,243,In Stock,2026-03-27
247,7,113,104,1211,In Stock,2025-09-02
247,8,802,136,1491,In Stock,2026-03-25
247,9,111,198,1369,Low Stock,2025-07-12
247,10,224,117,558,In Stock,2025-07-23
248,1,306,198,1312,In Stock,2026-01-28
248,2,149,124,481,In Stock,2026-05-06
248,3,856,112,936,In Stock,2025-11-05
248,4,772,88,1358,In Stock,2025-11-04
248,5,42,64,630,Low Stock,2026-01-11
248,6,138,123,1168,In Stock,2026-03-19
248,7,76,140,601,Low Stock,2026-05-03
248,8,613,77,900,In Stock,2025-09-22
248,9,12,192,469,Low Stock,2025-11-04
248,10,601,142,1277,In Stock,2025-09-09
249,1,944,158,801,In Stock,2026-04-21
249,2,597,111,1344,In Stock,2026-04-20
249,3,580,57,853,In Stock,2026-07-01
249,4,364,118,917,In Stock,2026-07-06
249,5,592,57,338,In Stock,2026-02-09
249,6,549,102,669,In Stock,2025-12-23
249,7,569,176,531,In Stock,2026-01-08
249,8,554,196,824,In Stock,2025-10-25
249,9,448,90,426,In Stock,2026-05-05
249,10,331,159,559,In Stock,2026-01-14
250,1,797,147,931,In Stock,2026-05-16
250,2,440,176,1149,In Stock,2026-05-03
250,3,737,158,501,In Stock,2026-04-03
250,4,556,91,798,In Stock,2025-08-28
250,5,665,118,566,In Stock,2025-12-11
250,6,710,108,485,In Stock,2025-11-18
250,7,240,176,984,In Stock,2025-11-12
250,8,392,96,968,In Stock,2026-02-02
250,9,870,190,1229,In Stock,2026-07-10
250,10,240,168,517,In Stock,2026-01-21
251,1,91,180,1452,Low Stock,2026-03-04
251,2,537,121,1442,In Stock,2026-07-04
251,3,448,57,1089,In Stock,2026-04-03
251,4,451,152,987,In Stock,2025-10-25
251,5,559,132,801,In Stock,2026-06-26
251,6,586,103,409,In Stock,2026-06-29
251,7,925,198,860,In Stock,2026-01-08
251,8,315,156,1130,In Stock,2025-09-21
251,9,551,186,733,In Stock,2026-02-10
251,10,346,123,1425,In Stock,2025-07-21
252,1,145,121,378,In Stock,2025-10-21
252,2,723,185,619,In Stock,2026-01-01
252,3,998,149,1080,In Stock,2025-09-01
252,4,340,186,545,In Stock,2025-10-19
252,5,310,68,1317,In Stock,2025-10-02
252,6,361,122,282,In Stock,2025-10-21
252,7,197,55,539,In Stock,2026-02-06
252,8,947,126,965,In Stock,2026-06-13
252,9,471,99,1054,In Stock,2025-08-28
252,10,491,144,1321,In Stock,2026-02-28
253,1,104,105,958,Low Stock,2025-10-19
253,2,289,181,918,In Stock,2026-01-20
253,3,73,161,462,Low Stock,2026-04-23
253,4,582,167,1084,In Stock,2026-06-17
253,5,534,179,945,In Stock,2025-08-29
253,6,62,73,963,Low Stock,2025-12-09
253,7,196,51,657,In Stock,2026-01-04
253,8,119,80,255,In Stock,2025-12-20
253,9,634,78,867,In Stock,2026-01-30
253,10,732,55,582,In Stock,2026-05-13
254,1,912,131,271,In Stock,2025-12-19
254,2,751,121,524,In Stock,2026-05-05
254,3,761,90,628,In Stock,2025-08-14
254,4,100,172,650,Low Stock,2025-08-23
254,5,836,62,634,In Stock,2026-01-30
254,6,488,186,1361,In Stock,2026-01-09
254,7,286,146,703,In Stock,2025-12-30
254,8,615,165,1245,In Stock,2025-11-10
254,9,217,192,1198,In Stock,2025-11-13
254,10,920,94,858,In Stock,2025-08-07
255,1,616,87,1111,In Stock,2025-12-26
255,2,622,96,1474,In Stock,2025-12-05
255,3,970,117,793,In Stock,2026-01-13
255,4,490,122,1081,In Stock,2026-04-27
255,5,600,81,1081,In Stock,2025-12-05
255,6,688,150,1256,In Stock,2026-06-27
255,7,792,78,1421,In Stock,2025-08-21
255,8,882,160,1155,In Stock,2026-06-25
255,9,507,144,244,In Stock,2026-02-07
255,10,947,60,1444,In Stock,2026-05-31
256,1,389,167,469,In Stock,2025-07-11
256,2,14,115,350,Low Stock,2025-10-08
256,3,199,176,583,In Stock,2026-01-09
256,4,569,196,1025,In Stock,2025-10-21
256,5,789,146,786,In Stock,2026-01-20
256,6,501,62,792,In Stock,2025-10-28
256,7,982,95,1416,In Stock,2026-01-03
256,8,339,140,1202,In Stock,2026-03-01
256,9,854,120,910,In Stock,2026-03-02
256,10,586,62,1453,In Stock,2025-09-04
257,1,805,102,444,In Stock,2026-03-14
257,2,604,176,1336,In Stock,2026-07-02
257,3,441,161,384,In Stock,2026-05-25
257,4,814,61,165,In Stock,2026-02-12
257,5,698,171,548,In Stock,2026-03-18
257,6,964,132,1382,In Stock,2025-10-18
257,7,186,164,731,In Stock,2025-08-10
257,8,251,50,1475,In Stock,2025-09-11
257,9,59,151,392,Low Stock,2026-07-03
257,10,699,73,1175,In Stock,2026-05-03
258,1,146,64,447,In Stock,2026-02-01
258,2,956,129,497,In Stock,2026-05-22
258,3,929,94,625,In Stock,2026-04-12
258,4,852,119,967,In Stock,2026-05-25
258,5,511,199,1422,In Stock,2026-07-07
258,6,357,78,306,In Stock,2026-04-17
258,7,647,67,225,In Stock,2026-05-25
258,8,828,96,268,In Stock,2025-09-18
258,9,748,96,970,In Stock,2026-05-11
258,10,592,114,563,In Stock,2026-03-11
259,1,881,168,524,In Stock,2026-04-11
259,2,956,61,720,In Stock,2026-05-08
259,3,350,50,857,In Stock,2026-04-04
259,4,29,94,1015,Low Stock,2026-05-08
259,5,331,91,838,In Stock,2026-03-09
259,6,93,174,750,Low Stock,2026-04-10
259,7,370,76,1062,In Stock,2025-10-24
259,8,369,140,714,In Stock,2026-03-04
259,9,262,166,611,In Stock,2025-12-11
259,10,487,179,320,In Stock,2026-02-21
260,1,309,100,744,In Stock,2026-02-13
260,2,636,150,424,In Stock,2025-11-09
260,3,511,77,1020,In Stock,2026-05-03
260,4,965,140,1361,In Stock,2026-06-25
260,5,400,74,606,In Stock,2026-06-12
260,6,808,137,512,In Stock,2026-01-21
260,7,325,54,860,In Stock,2026-01-29
260,8,947,176,1263,In Stock,2026-04-12
260,9,749,196,1447,In Stock,2025-10-30
260,10,135,55,1215,In Stock,2026-03-17
261,1,191,194,475,Low Stock,2025-11-30
261,2,791,110,1184,In Stock,2025-10-07
261,3,965,158,1170,In Stock,2025-07-15
261,4,690,89,961,In Stock,2025-12-12
261,5,791,100,836,In Stock,2025-07-22
261,6,730,195,512,In Stock,2025-09-01
261,7,975,193,483,In Stock,2025-11-03
261,8,420,89,898,In Stock,2025-11-03
261,9,254,200,1160,In Stock,2026-06-03
261,10,942,153,283,In Stock,2025-07-27
262,1,75,102,1078,Low Stock,2026-06-24
262,2,848,66,1141,In Stock,2025-11-22
262,3,686,130,363,In Stock,2025-11-26
262,4,696,68,508,In Stock,2026-05-05
262,5,631,154,1392,In Stock,2025-08-08
262,6,834,119,898,In Stock,2025-07-20
262,7,723,136,1480,In Stock,2025-11-30
262,8,529,111,254,In Stock,2025-10-08
262,9,125,132,501,Low Stock,2026-04-06
262,10,865,56,1396,In Stock,2025-08-31
263,1,790,81,920,In Stock,2026-03-13
263,2,764,167,347,In Stock,2026-07-11
263,3,340,72,238,In Stock,2025-11-02
263,4,853,64,996,In Stock,2026-03-29
263,5,237,58,1126,In Stock,2026-01-30
263,6,833,200,370,In Stock,2026-06-16
263,7,39,157,801,Low Stock,2025-12-14
263,8,489,186,829,In Stock,2026-05-16
263,9,662,136,501,In Stock,2025-12-20
263,10,278,176,569,In Stock,2025-10-27
264,1,641,181,426,In Stock,2026-05-28
264,2,135,90,872,In Stock,2026-06-29
264,3,889,128,559,In Stock,2026-05-23
264,4,661,137,800,In Stock,2026-03-20
264,5,371,67,1409,In Stock,2025-07-26
264,6,558,143,765,In Stock,2025-09-24
264,7,571,117,1251,In Stock,2026-07-03
264,8,55,92,1305,Low Stock,2026-06-21
264,9,377,145,1432,In Stock,2025-07-26
264,10,734,84,839,In Stock,2025-11-13
265,1,130,64,259,In Stock,2026-05-06
265,2,540,198,1120,In Stock,2026-03-24
265,3,224,196,901,In Stock,2025-09-08
265,4,827,117,324,In Stock,2026-01-03
265,5,626,158,912,In Stock,2026-06-17
265,6,843,57,775,In Stock,2025-07-17
265,7,441,125,1294,In Stock,2026-03-19
265,8,518,62,772,In Stock,2026-02-05
265,9,599,184,914,In Stock,2025-12-30
265,10,320,114,871,In Stock,2026-06-25
266,1,796,158,1222,In Stock,2025-08-19
266,2,229,102,631,In Stock,2025-08-02
266,3,106,200,745,Low Stock,2025-11-16
266,4,583,78,1375,In Stock,2026-05-11
266,5,886,89,1300,In Stock,2025-07-25
266,6,406,177,1141,In Stock,2026-01-31
266,7,343,171,860,In Stock,2026-01-08
266,8,667,70,1182,In Stock,2026-07-09
266,9,287,130,1028,In Stock,2025-08-03
266,10,885,179,1266,In Stock,2025-10-02
267,1,606,164,1104,In Stock,2026-03-15
267,2,869,129,319,In Stock,2026-04-01
267,3,614,90,249,In Stock,2025-10-04
267,4,368,117,261,In Stock,2026-02-05
267,5,526,177,454,In Stock,2025-10-28
267,6,856,132,499,In Stock,2026-03-21
267,7,254,149,729,In Stock,2025-11-09
267,8,261,142,1102,In Stock,2025-09-26
267,9,784,121,316,In Stock,2026-02-15
267,10,827,66,370,In Stock,2025-08-18
268,1,145,170,483,Low Stock,2026-03-17
268,2,254,108,762,In Stock,2025-11-02
268,3,622,56,533,In Stock,2026-01-08
268,4,3,65,1173,Low Stock,2025-10-20
268,5,550,152,1382,In Stock,2025-09-02
268,6,496,173,328,In Stock,2026-05-01
268,7,182,95,1404,In Stock,2025-08-21
268,8,520,99,1297,In Stock,2026-01-15
268,9,627,93,441,In Stock,2026-06-16
268,10,256,138,334,In Stock,2025-12-22
269,1,175,71,891,In Stock,2026-01-13
269,2,900,133,246,In Stock,2025-09-26
269,3,122,181,1304,Low Stock,2026-06-02
269,4,574,166,674,In Stock,2026-04-07
269,5,101,122,1341,Low Stock,2026-01-08
269,6,697,59,1301,In Stock,2026-02-24
269,7,93,66,852,In Stock,2026-03-06
269,8,183,165,1250,In Stock,2025-10-27
269,9,301,62,1379,In Stock,2026-02-10
269,10,592,97,354,In Stock,2026-04-14
270,1,229,161,678,In Stock,2025-08-06
270,2,7,67,1453,Low Stock,2025-10-27
270,3,642,69,1500,In Stock,2026-07-04
270,4,130,99,1179,In Stock,2025-10-12
270,5,989,107,1012,In Stock,2026-03-06
270,6,421,193,1270,In Stock,2026-03-15
270,7,997,107,1423,In Stock,2026-01-22
270,8,985,109,725,In Stock,2026-06-24
270,9,275,128,242,In Stock,2026-04-09
270,10,285,96,1045,In Stock,2026-02-03
271,1,308,110,1327,In Stock,2026-05-18
271,2,281,105,1394,In Stock,2025-12-02
271,3,606,149,603,In Stock,2025-12-22
271,4,192,171,798,In Stock,2025-07-20
271,5,515,118,282,In Stock,2025-08-27
271,6,5,200,1145,Low Stock,2026-03-11
271,7,546,161,1359,In Stock,2026-02-19
271,8,666,188,437,In Stock,2025-12-14
271,9,520,169,272,In Stock,2025-11-16
271,10,44,88,281,Low Stock,2026-02-24
272,1,186,143,985,In Stock,2025-07-19
272,2,3,119,470,Low Stock,2025-08-08
272,3,802,124,571,In Stock,2025-11-22
272,4,67,94,981,Low Stock,2025-09-19
272,5,913,160,642,In Stock,2026-07-06
272,6,852,51,967,In Stock,2025-09-29
272,7,763,54,821,In Stock,2025-12-19
272,8,737,188,708,In Stock,2025-08-28
272,9,383,177,835,In Stock,2025-09-14
272,10,279,90,1001,In Stock,2026-03-15
273,1,660,100,1087,In Stock,2025-12-24
273,2,643,182,669,In Stock,2026-06-16
273,3,909,194,1171,In Stock,2026-07-01
273,4,30,160,405,Low Stock,2026-06-13
273,5,996,171,423,In Stock,2026-01-15
273,6,193,96,1242,In Stock,2026-04-01
273,7,283,131,780,In Stock,2025-08-12
273,8,926,122,966,In Stock,2026-02-18
273,9,551,107,1125,In Stock,2026-07-04
273,10,235,166,866,In Stock,2026-03-17
274,1,467,199,751,In Stock,2025-11-02
274,2,26,90,1043,Low Stock,2025-10-15
274,3,290,161,818,In Stock,2026-06-24
274,4,798,174,1201,In Stock,2026-04-25
274,5,963,176,1320,In Stock,2025-07-18
274,6,380,130,924,In Stock,2025-12-07
274,7,354,72,1343,In Stock,2026-04-09
274,8,132,124,1038,In Stock,2026-06-29
274,9,83,171,630,Low Stock,2026-01-03
274,10,125,60,700,In Stock,2026-05-22
275,1,821,56,1292,In Stock,2025-12-16
275,2,82,182,402,Low Stock,2026-07-03
275,3,236,195,1423,In Stock,2026-07-04
275,4,372,196,781,In Stock,2026-03-22
275,5,336,102,514,In Stock,2026-03-31
275,6,410,164,623,In Stock,2026-06-21
275,7,845,117,1262,In Stock,2026-06-20
275,8,374,153,1300,In Stock,2026-01-26
275,9,45,66,514,Low Stock,2026-01-03
275,10,686,175,540,In Stock,2026-05-02
276,1,193,154,683,In Stock,2026-03-14
276,2,416,118,396,In Stock,2025-11-21
276,3,225,108,912,In Stock,2025-07-12
276,4,993,116,791,In Stock,2025-08-07
276,5,592,117,719,In Stock,2026-03-11
276,6,304,128,333,In Stock,2025-08-05
276,7,463,135,1401,In Stock,2025-07-18
276,8,844,50,474,In Stock,2025-11-11
276,9,459,190,297,In Stock,2025-07-20
276,10,18,62,500,Low Stock,2025-08-15
277,1,583,183,947,In Stock,2025-07-19
277,2,327,115,884,In Stock,2025-12-02
277,3,462,105,965,In Stock,2025-08-28
277,4,898,130,426,In Stock,2025-12-14
277,5,287,151,512,In Stock,2026-01-26
277,6,222,177,906,In Stock,2026-03-29
277,7,669,193,406,In Stock,2026-01-03
277,8,743,158,1413,In Stock,2026-03-01
277,9,825,177,1369,In Stock,2026-07-01
277,10,425,165,774,In Stock,2026-01-09
278,1,420,88,696,In Stock,2025-12-09
278,2,517,159,667,In Stock,2025-11-05
278,3,806,123,1018,In Stock,2025-08-14
278,4,289,188,651,In Stock,2025-12-15
278,5,837,161,1374,In Stock,2025-11-28
278,6,578,87,1189,In Stock,2026-02-25
278,7,947,109,799,In Stock,2026-05-02
278,8,1,156,997,Low Stock,2025-08-05
278,9,118,177,298,Low Stock,2026-05-20
278,10,385,74,277,In Stock,2026-02-07
279,1,905,124,794,In Stock,2026-03-20
279,2,117,63,816,In Stock,2026-02-04
279,3,584,131,879,In Stock,2026-04-08
279,4,790,168,922,In Stock,2026-01-11
279,5,79,191,317,Low Stock,2025-10-05
279,6,243,99,1410,In Stock,2026-02-09
279,7,50,145,1299,Low Stock,2026-03-09
279,8,914,120,906,In Stock,2025-08-20
279,9,41,198,369,Low Stock,2025-11-19
279,10,207,133,1376,In Stock,2026-04-17
280,1,629,166,306,In Stock,2025-07-24
280,2,90,175,828,Low Stock,2026-04-18
280,3,569,118,1231,In Stock,2025-10-12
280,4,849,63,168,In Stock,2025-09-15
280,5,598,127,692,In Stock,2025-09-10
280,6,130,50,686,In Stock,2025-08-26
280,7,103,132,1089,Low Stock,2026-03-15
280,8,217,114,878,In Stock,2026-04-29
280,9,794,180,523,In Stock,2025-12-21
280,10,353,185,644,In Stock,2025-12-06
281,1,93,74,1212,In Stock,2026-04-09
281,2,742,144,341,In Stock,2025-12-18
281,3,855,190,1052,In Stock,2026-01-19
281,4,704,61,541,In Stock,2025-07-29
281,5,431,189,440,In Stock,2025-11-24
281,6,351,63,656,In Stock,2026-06-13
281,7,867,99,323,In Stock,2025-09-23
281,8,998,124,695,In Stock,2026-06-21
281,9,883,88,470,In Stock,2025-10-10
281,10,882,144,1123,In Stock,2026-04-28
282,1,408,167,356,In Stock,2026-01-06
282,2,472,79,739,In Stock,2026-04-07
282,3,974,53,1243,In Stock,2025-11-23
282,4,520,133,474,In Stock,2026-02-19
282,5,547,83,645,In Stock,2026-03-09
282,6,731,110,1326,In Stock,2026-06-22
282,7,889,72,1320,In Stock,2026-01-10
282,8,890,68,1217,In Stock,2026-06-05
282,9,643,133,520,In Stock,2026-03-11
282,10,811,56,980,In Stock,2026-06-09
283,1,515,77,502,In Stock,2025-10-26
283,2,363,63,400,In Stock,2026-01-01
283,3,631,196,1397,In Stock,2026-03-24
283,4,966,123,236,In Stock,2025-10-11
283,5,213,143,586,In Stock,2026-01-25
283,6,718,125,566,In Stock,2026-03-23
283,7,57,114,788,Low Stock,2026-07-11
283,8,940,179,426,In Stock,2025-07-14
283,9,824,127,266,In Stock,2025-12-10
283,10,269,52,934,In Stock,2025-10-31
284,1,580,120,853,In Stock,2026-07-09
284,2,50,155,796,Low Stock,2025-11-16
284,3,585,80,1163,In Stock,2025-08-16
284,4,199,141,1392,In Stock,2026-05-09
284,5,720,88,1347,In Stock,2025-08-30
284,6,495,53,395,In Stock,2025-09-16
284,7,723,186,683,In Stock,2026-01-27
284,8,988,125,400,In Stock,2025-07-16
284,9,328,109,781,In Stock,2026-02-05
284,10,845,180,843,In Stock,2026-03-23
285,1,426,139,701,In Stock,2025-10-30
285,2,732,62,454,In Stock,2026-07-09
285,3,665,149,478,In Stock,2026-04-23
285,4,509,79,1151,In Stock,2026-02-24
285,5,377,94,392,In Stock,2026-02-25
285,6,479,87,1237,In Stock,2026-03-15
285,7,116,169,703,Low Stock,2026-02-12
285,8,717,187,326,In Stock,2026-06-02
285,9,224,152,728,In Stock,2026-06-24
285,10,940,164,908,In Stock,2026-03-04
286,1,554,158,1303,In Stock,2025-08-15
286,2,689,163,776,In Stock,2025-11-17
286,3,388,144,767,In Stock,2025-11-25
286,4,499,126,371,In Stock,2026-05-04
286,5,475,165,782,In Stock,2026-05-18
286,6,854,188,1448,In Stock,2025-10-26
286,7,838,97,457,In Stock,2026-04-04
286,8,682,156,798,In Stock,2026-04-21
286,9,475,166,545,In Stock,2026-06-14
286,10,474,198,1302,In Stock,2025-08-07
287,1,198,196,644,In Stock,2026-02-22
287,2,579,194,1310,In Stock,2026-05-23
287,3,672,104,310,In Stock,2026-04-28
287,4,106,152,1242,Low Stock,2026-01-14
287,5,751,65,1027,In Stock,2025-10-07
287,6,333,181,451,In Stock,2026-01-01
287,7,44,58,366,Low Stock,2026-05-08
287,8,29,55,1109,Low Stock,2025-11-30
287,9,299,64,1161,In Stock,2025-12-13
287,10,668,96,252,In Stock,2026-01-12
288,1,966,135,1250,In Stock,2026-01-23
288,2,595,107,1427,In Stock,2025-07-24
288,3,275,114,462,In Stock,2025-08-19
288,4,217,52,1096,In Stock,2025-10-02
288,5,575,157,1379,In Stock,2025-09-25
288,6,841,155,1246,In Stock,2026-02-10
288,7,263,193,1277,In Stock,2025-11-18
288,8,136,69,1376,In Stock,2025-11-05
288,9,258,150,1344,In Stock,2026-06-27
288,10,782,83,853,In Stock,2025-12-13
289,1,202,117,1299,In Stock,2025-10-26
289,2,460,73,263,In Stock,2026-06-15
289,3,315,142,952,In Stock,2026-06-15
289,4,452,162,1462,In Stock,2026-03-15
289,5,766,73,635,In Stock,2026-05-13
289,6,185,71,776,In Stock,2025-10-03
289,7,220,85,1112,In Stock,2026-04-27
289,8,383,57,521,In Stock,2026-02-22
289,9,564,51,415,In Stock,2026-06-18
289,10,546,66,1445,In Stock,2025-11-13
290,1,575,127,1283,In Stock,2025-11-02
290,2,247,100,918,In Stock,2026-05-30
290,3,918,128,1002,In Stock,2025-09-10
290,4,239,156,491,In Stock,2026-05-16
290,5,59,169,1406,Low Stock,2026-03-12
290,6,803,71,989,In Stock,2025-10-22
290,7,596,68,495,In Stock,2026-02-12
290,8,97,182,874,Low Stock,2026-04-26
290,9,312,153,991,In Stock,2026-06-29
290,10,778,174,876,In Stock,2026-03-27
291,1,465,131,1029,In Stock,2025-11-24
291,2,250,103,578,In Stock,2025-09-08
291,3,528,134,1456,In Stock,2026-04-04
291,4,726,198,562,In Stock,2025-07-31
291,5,389,186,712,In Stock,2026-03-18
291,6,795,124,495,In Stock,2026-04-20
291,7,946,76,1269,In Stock,2025-12-30
291,8,970,73,677,In Stock,2026-06-26
291,9,77,184,1217,Low Stock,2025-10-12
291,10,723,53,451,In Stock,2025-12-27
292,1,112,169,597,Low Stock,2026-01-19
292,2,965,161,494,In Stock,2025-09-27
292,3,558,195,627,In Stock,2025-09-04
292,4,918,53,1176,In Stock,2026-03-24
292,5,423,103,685,In Stock,2026-02-22
292,6,953,51,924,In Stock,2026-01-21
292,7,988,187,1040,In Stock,2026-01-14
292,8,170,128,1303,In Stock,2025-09-14
292,9,925,73,915,In Stock,2026-06-04
292,10,873,188,1468,In Stock,2026-03-14
293,1,470,71,358,In Stock,2025-08-02
293,2,920,153,1441,In Stock,2026-01-26
293,3,928,63,225,In Stock,2026-06-13
293,4,562,89,1217,In Stock,2025-08-21
293,5,510,118,849,In Stock,2026-07-11
293,6,821,76,678,In Stock,2026-02-02
293,7,580,164,645,In Stock,2025-09-27
293,8,252,73,1229,In Stock,2025-11-21
293,9,919,154,416,In Stock,2025-09-19
293,10,219,146,419,In Stock,2026-07-02
294,1,36,185,1388,Low Stock,2026-03-15
294,2,373,184,495,In Stock,2026-05-02
294,3,590,58,997,In Stock,2026-02-03
294,4,551,68,1478,In Stock,2025-11-16
294,5,55,91,313,Low Stock,2025-10-16
294,6,298,160,580,In Stock,2026-03-01
294,7,975,77,1090,In Stock,2025-10-28
294,8,159,101,759,In Stock,2025-08-16
294,9,515,185,390,In Stock,2025-08-23
294,10,724,142,960,In Stock,2026-05-17
295,1,417,151,1137,In Stock,2025-09-12
295,2,729,113,926,In Stock,2025-10-08
295,3,286,164,620,In Stock,2025-08-13
295,4,18,111,1015,Low Stock,2025-09-01
295,5,120,173,1388,Low Stock,2025-08-21
295,6,916,77,1131,In Stock,2025-12-01
295,7,595,71,1029,In Stock,2025-10-13
295,8,602,53,269,In Stock,2025-07-11
295,9,195,111,901,In Stock,2025-09-15
295,10,317,142,473,In Stock,2026-05-26
296,1,96,98,1424,Low Stock,2025-12-25
296,2,92,56,522,In Stock,2026-04-05
296,3,915,190,764,In Stock,2025-07-28
296,4,601,118,885,In Stock,2025-07-12
296,5,233,65,529,In Stock,2026-02-16
296,6,140,77,588,In Stock,2025-10-05
296,7,549,129,358,In Stock,2026-06-20
296,8,734,183,554,In Stock,2026-02-13
296,9,221,145,719,In Stock,2026-01-06
296,10,39,74,1061,Low Stock,2026-03-30
297,1,570,142,365,In Stock,2026-07-06
297,2,835,166,1133,In Stock,2026-03-18
297,3,987,64,1025,In Stock,2025-12-04
297,4,509,123,720,In Stock,2025-09-18
297,5,490,71,871,In Stock,2025-08-29
297,6,764,175,910,In Stock,2025-07-17
297,7,601,68,876,In Stock,2025-10-03
297,8,692,117,514,In Stock,2025-09-08
297,9,873,177,635,In Stock,2026-06-24
297,10,430,83,824,In Stock,2026-06-27
298,1,265,116,1098,In Stock,2025-08-02
298,2,337,112,874,In Stock,2025-10-16
298,3,961,129,1252,In Stock,2025-12-13
298,4,796,77,1195,In Stock,2025-12-19
298,5,579,74,857,In Stock,2025-11-10
298,6,74,115,509,Low Stock,2025-10-06
298,7,970,149,1225,In Stock,2025-11-15
298,8,243,181,1350,In Stock,2025-08-27
298,9,549,163,704,In Stock,2026-03-28
298,10,450,98,894,In Stock,2025-11-06
299,1,330,128,242,In Stock,2025-09-25
299,2,567,189,348,In Stock,2026-01-27
299,3,276,131,450,In Stock,2026-05-19
299,4,57,183,1126,Low Stock,2026-01-08
299,5,494,97,429,In Stock,2025-08-20
299,6,777,145,245,In Stock,2025-09-07
299,7,804,62,1236,In Stock,2026-04-28
299,8,755,191,1103,In Stock,2025-07-31
299,9,294,117,354,In Stock,2025-12-04
299,10,880,167,439,In Stock,2026-05-12
300,1,651,185,630,In Stock,2026-05-15
300,2,867,76,1272,In Stock,2026-02-19
300,3,400,170,577,In Stock,2025-12-06
300,4,668,180,1496,In Stock,2025-11-02
300,5,307,176,1455,In Stock,2025-09-07
300,6,367,102,467,In Stock,2025-11-14
300,7,75,118,1434,Low Stock,2026-02-25
300,8,55,171,1445,Low Stock,2025-08-19
300,9,518,53,1022,In Stock,2026-04-08
300,10,51,118,1287,Low Stock,2026-02-04
301,1,7,159,463,Low Stock,2026-05-28
301,2,798,198,997,In Stock,2025-07-11
301,3,389,141,623,In Stock,2025-10-08
301,4,888,154,1101,In Stock,2025-11-19
301,5,258,180,387,In Stock,2025-10-10
301,6,866,99,832,In Stock,2025-10-20
301,7,520,136,721,In Stock,2026-04-07
301,8,275,197,1181,In Stock,2026-01-09
301,9,328,197,753,In Stock,2025-10-10
301,10,560,156,747,In Stock,2025-10-27
302,1,396,193,1376,In Stock,2026-03-11
302,2,914,148,801,In Stock,2025-11-27
302,3,752,193,471,In Stock,2025-08-28
302,4,986,187,288,In Stock,2026-02-27
302,5,220,89,1421,In Stock,2025-12-04
302,6,228,78,386,In Stock,2025-08-04
302,7,141,111,1031,In Stock,2026-05-25
302,8,560,159,1393,In Stock,2025-08-16
302,9,520,54,891,In Stock,2026-04-26
302,10,746,187,1309,In Stock,2025-11-19
303,1,289,154,440,In Stock,2026-06-19
303,2,824,69,1475,In Stock,2025-12-28
303,3,357,122,1364,In Stock,2025-08-30
303,4,395,90,368,In Stock,2026-05-05
303,5,277,95,1381,In Stock,2026-02-10
303,6,214,129,393,In Stock,2026-04-18
303,7,299,99,801,In Stock,2025-10-26
303,8,529,86,1402,In Stock,2026-01-17
303,9,265,100,755,In Stock,2025-10-15
303,10,45,90,361,Low Stock,2025-07-25
304,1,759,182,866,In Stock,2025-08-20
304,2,362,136,1349,In Stock,2026-03-09
304,3,325,102,419,In Stock,2026-05-24
304,4,858,173,442,In Stock,2026-05-06
304,5,437,60,430,In Stock,2025-09-26
304,6,460,195,298,In Stock,2025-11-23
304,7,696,120,234,In Stock,2026-01-11
304,8,818,147,1400,In Stock,2025-09-29
304,9,144,150,1172,Low Stock,2025-07-17
304,10,858,53,721,In Stock,2026-04-03
305,1,953,60,1251,In Stock,2025-12-03
305,2,231,165,560,In Stock,2026-02-19
305,3,438,200,859,In Stock,2025-10-10
305,4,968,97,335,In Stock,2026-01-22
305,5,192,93,849,In Stock,2026-06-16
305,6,482,184,425,In Stock,2025-10-19
305,7,132,93,827,In Stock,2026-05-25
305,8,771,140,354,In Stock,2026-01-03
305,9,241,188,352,In Stock,2025-10-29
305,10,625,75,574,In Stock,2026-07-09
306,1,533,60,899,In Stock,2025-08-08
306,2,343,148,1255,In Stock,2025-09-19
306,3,137,159,281,Low Stock,2026-05-29
306,4,462,53,501,In Stock,2026-03-13
306,5,380,155,266,In Stock,2025-08-20
306,6,176,183,1217,Low Stock,2025-07-23
306,7,677,122,245,In Stock,2025-12-19
306,8,495,188,802,In Stock,2025-08-12
306,9,758,125,805,In Stock,2026-05-26
306,10,532,113,1428,In Stock,2025-11-27
307,1,936,195,485,In Stock,2026-03-01
307,2,35,69,1181,Low Stock,2025-07-26
307,3,345,186,570,In Stock,2025-07-12
307,4,860,157,1034,In Stock,2026-05-09
307,5,400,60,1075,In Stock,2026-03-31
307,6,488,164,1118,In Stock,2025-08-23
307,7,692,106,455,In Stock,2025-09-14
307,8,437,184,1387,In Stock,2026-06-10
307,9,359,169,1190,In Stock,2026-04-01
307,10,994,154,788,In Stock,2025-09-04
308,1,531,59,304,In Stock,2025-12-10
308,2,410,129,828,In Stock,2026-01-08
308,3,733,145,1135,In Stock,2025-12-13
308,4,310,78,447,In Stock,2026-01-26
308,5,991,109,269,In Stock,2025-12-25
308,6,356,52,382,In Stock,2026-03-25
308,7,688,167,928,In Stock,2025-08-26
308,8,877,127,1097,In Stock,2025-09-24
308,9,945,107,750,In Stock,2026-02-22
308,10,627,56,1184,In Stock,2026-02-20
309,1,498,120,275,In Stock,2026-04-30
309,2,297,122,1171,In Stock,2026-06-24
309,3,151,175,955,Low Stock,2025-11-09
309,4,978,96,1166,In Stock,2026-01-11
309,5,382,58,777,In Stock,2025-10-02
309,6,668,176,761,In Stock,2026-03-25
309,7,192,112,981,In Stock,2025-12-03
309,8,781,66,635,In Stock,2025-09-28
309,9,765,54,682,In Stock,2025-08-10
309,10,523,65,1394,In Stock,2026-06-13
310,1,694,104,206,In Stock,2025-09-08
310,2,530,192,1493,In Stock,2025-12-30
310,3,626,81,725,In Stock,2026-01-02
310,4,676,70,432,In Stock,2026-05-22
310,5,79,183,512,Low Stock,2025-08-20
310,6,792,145,991,In Stock,2026-04-27
310,7,790,83,637,In Stock,2026-05-22
310,8,32,153,420,Low Stock,2026-04-17
310,9,420,142,1270,In Stock,2026-06-10
310,10,813,193,1327,In Stock,2025-07-29
311,1,963,80,858,In Stock,2025-12-02
311,2,733,124,440,In Stock,2025-10-05
311,3,573,185,1307,In Stock,2025-08-28
311,4,558,100,398,In Stock,2026-04-06
311,5,816,173,678,In Stock,2026-05-10
311,6,569,108,1356,In Stock,2025-07-18
311,7,958,190,849,In Stock,2025-07-11
311,8,4,66,1169,Low Stock,2025-10-31
311,9,890,185,1098,In Stock,2026-03-27
311,10,378,84,587,In Stock,2025-11-14
312,1,261,193,456,In Stock,2025-09-16
312,2,369,143,1164,In Stock,2025-11-10
312,3,272,154,1462,In Stock,2025-12-16
312,4,10,195,610,Low Stock,2026-01-17
312,5,553,70,1051,In Stock,2025-07-22
312,6,152,139,1464,In Stock,2025-12-31
312,7,974,91,445,In Stock,2026-03-11
312,8,593,115,1467,In Stock,2026-01-11
312,9,613,104,1411,In Stock,2025-09-14
312,10,692,91,1197,In Stock,2026-05-26
313,1,146,123,1096,In Stock,2026-03-28
313,2,619,163,766,In Stock,2026-05-18
313,3,195,65,188,In Stock,2025-11-26
313,4,877,175,1239,In Stock,2025-09-17
313,5,637,162,1150,In Stock,2025-12-12
313,6,74,181,522,Low Stock,2026-07-11
313,7,894,149,792,In Stock,2026-03-09
313,8,696,76,451,In Stock,2026-05-25
313,9,685,182,317,In Stock,2026-03-09
313,10,882,168,452,In Stock,2026-04-01
314,1,270,69,185,In Stock,2026-05-31
314,2,195,165,668,In Stock,2025-10-25
314,3,409,122,613,In Stock,2025-08-04
314,4,378,80,1466,In Stock,2026-01-06
314,5,118,127,1101,Low Stock,2026-03-15
314,6,817,101,419,In Stock,2025-07-18
314,7,192,102,1107,In Stock,2026-01-03
314,8,583,159,643,In Stock,2026-06-14
314,9,78,190,591,Low Stock,2026-05-31
314,10,247,138,413,In Stock,2025-11-30
315,1,240,60,1124,In Stock,2025-08-04
315,2,240,114,833,In Stock,2026-03-18
315,3,330,112,898,In Stock,2026-02-01
315,4,228,93,1042,In Stock,2026-04-25
315,5,639,148,418,In Stock,2026-04-28
315,6,651,61,1286,In Stock,2026-06-03
315,7,85,130,988,Low Stock,2025-09-11
315,8,876,165,323,In Stock,2025-12-22
315,9,977,79,996,In Stock,2026-02-12
315,10,429,124,884,In Stock,2025-10-09
316,1,778,184,504,In Stock,2026-06-10
316,2,103,147,488,Low Stock,2026-05-16
316,3,223,104,852,In Stock,2026-04-12
316,4,532,114,1271,In Stock,2025-09-28
316,5,75,71,517,In Stock,2025-11-08
316,6,974,191,804,In Stock,2025-08-11
316,7,895,128,1240,In Stock,2025-11-02
316,8,337,128,788,In Stock,2026-03-09
316,9,972,188,1158,In Stock,2025-12-14
316,10,72,173,1479,Low Stock,2025-12-07
317,1,539,136,1473,In Stock,2025-11-05
317,2,154,170,1373,Low Stock,2026-04-08
317,3,878,160,1396,In Stock,2026-04-20
317,4,223,53,927,In Stock,2026-02-24
317,5,563,87,732,In Stock,2026-02-01
317,6,522,186,1449,In Stock,2026-06-06
317,7,209,119,1362,In Stock,2026-02-08
317,8,108,121,509,Low Stock,2026-04-01
317,9,491,130,479,In Stock,2025-09-15
317,10,2,136,360,Low Stock,2025-09-08
318,1,577,87,310,In Stock,2026-05-12
318,2,281,151,1492,In Stock,2026-05-16
318,3,878,106,1212,In Stock,2025-08-17
318,4,946,168,409,In Stock,2026-02-08
318,5,922,145,1058,In Stock,2025-11-03
318,6,803,174,607,In Stock,2026-04-18
318,7,996,62,1359,In Stock,2025-07-18
318,8,771,190,731,In Stock,2025-10-21
318,9,951,132,375,In Stock,2025-07-29
318,10,740,76,344,In Stock,2025-12-15
319,1,521,116,786,In Stock,2026-07-11
319,2,85,141,1071,Low Stock,2026-03-21
319,3,235,97,867,In Stock,2026-01-24
319,4,294,151,1247,In Stock,2026-05-20
319,5,870,182,786,In Stock,2026-02-27
319,6,785,156,1036,In Stock,2026-06-03
319,7,928,105,542,In Stock,2026-02-02
319,8,500,97,1404,In Stock,2025-07-13
319,9,49,137,1450,Low Stock,2026-01-17
319,10,920,57,1199,In Stock,2026-03-31
320,1,47,132,270,Low Stock,2026-02-22
320,2,317,179,654,In Stock,2025-12-28
320,3,593,108,1139,In Stock,2025-09-15
320,4,230,79,238,In Stock,2025-12-09
320,5,197,188,928,In Stock,2026-06-29
320,6,39,96,313,Low Stock,2025-09-24
320,7,623,198,1304,In Stock,2025-08-29
320,8,143,66,1110,In Stock,2026-06-08
320,9,445,163,956,In Stock,2026-06-17
320,10,9,190,983,Low Stock,2026-04-04
321,1,140,111,485,In Stock,2025-11-15
321,2,733,139,452,In Stock,2026-04-15
321,3,883,60,1473,In Stock,2026-06-22
321,4,885,196,421,In Stock,2026-03-07
321,5,118,109,1354,In Stock,2025-11-22
321,6,587,58,226,In Stock,2025-12-16
321,7,22,75,1450,Low Stock,2026-06-23
321,8,157,68,1352,In Stock,2025-08-29
321,9,89,179,408,Low Stock,2025-11-09
321,10,447,189,1294,In Stock,2025-10-07
322,1,20,110,649,Low Stock,2026-05-10
322,2,577,176,979,In Stock,2026-04-23
322,3,813,114,407,In Stock,2025-11-14
322,4,714,139,388,In Stock,2026-07-07
322,5,904,132,980,In Stock,2025-09-11
322,6,298,96,1176,In Stock,2025-08-25
322,7,295,68,1365,In Stock,2026-05-06
322,8,330,129,1469,In Stock,2025-09-11
322,9,466,155,813,In Stock,2026-01-16
322,10,709,134,1077,In Stock,2026-02-23
323,1,792,138,1453,In Stock,2026-03-04
323,2,322,100,271,In Stock,2025-07-17
323,3,311,114,1195,In Stock,2025-11-11
323,4,791,176,1446,In Stock,2025-07-28
323,5,654,122,1412,In Stock,2025-07-15
323,6,323,110,849,In Stock,2025-08-21
323,7,441,199,898,In Stock,2026-03-29
323,8,566,140,1192,In Stock,2026-02-26
323,9,23,173,683,Low Stock,2025-09-09
323,10,444,68,286,In Stock,2025-10-13
324,1,340,140,507,In Stock,2026-06-24
324,2,369,62,372,In Stock,2025-11-27
324,3,532,114,336,In Stock,2026-06-22
324,4,293,132,1178,In Stock,2025-09-30
324,5,507,183,996,In Stock,2026-03-19
324,6,332,80,809,In Stock,2026-06-16
324,7,238,125,401,In Stock,2026-01-30
324,8,832,124,836,In Stock,2026-05-25
324,9,700,173,881,In Stock,2025-11-12
324,10,895,104,241,In Stock,2026-02-13
325,1,941,185,355,In Stock,2026-06-29
325,2,692,142,645,In Stock,2025-07-23
325,3,338,174,276,In Stock,2025-10-12
325,4,570,65,362,In Stock,2026-04-27
325,5,914,152,742,In Stock,2025-10-31
325,6,261,110,786,In Stock,2025-08-02
325,7,612,144,508,In Stock,2026-06-06
325,8,455,103,687,In Stock,2025-11-29
325,9,263,197,1246,In Stock,2025-11-29
325,10,371,83,1414,In Stock,2025-12-11
326,1,467,137,617,In Stock,2026-02-07
326,2,281,111,539,In Stock,2025-10-13
326,3,98,154,401,Low Stock,2026-06-05
326,4,737,83,428,In Stock,2025-10-02
326,5,101,143,397,Low Stock,2025-10-24
326,6,572,187,1179,In Stock,2025-10-17
326,7,335,145,1161,In Stock,2026-05-05
326,8,242,62,1204,In Stock,2026-04-20
326,9,793,80,787,In Stock,2026-05-04
326,10,520,70,898,In Stock,2025-10-22
327,1,317,91,1067,In Stock,2026-07-02
327,2,760,110,464,In Stock,2025-09-20
327,3,931,191,522,In Stock,2026-02-21
327,4,15,91,474,Low Stock,2026-04-16
327,5,493,117,1011,In Stock,2025-11-23
327,6,252,121,1326,In Stock,2026-07-01
327,7,788,187,306,In Stock,2026-04-24
327,8,733,168,1238,In Stock,2025-07-18
327,9,92,164,1469,Low Stock,2026-07-03
327,10,248,135,1333,In Stock,2025-08-01
328,1,621,125,1289,In Stock,2025-12-02
328,2,663,119,1086,In Stock,2025-09-12
328,3,895,62,699,In Stock,2025-12-20
328,4,467,128,679,In Stock,2026-07-11
328,5,324,152,554,In Stock,2025-10-03
328,6,16,113,636,Low Stock,2025-08-07
328,7,336,149,421,In Stock,2026-05-15
328,8,620,192,1485,In Stock,2025-09-25
328,9,84,153,679,Low Stock,2026-05-19
328,10,777,179,430,In Stock,2026-04-11
329,1,405,60,910,In Stock,2025-10-21
329,2,3,125,537,Low Stock,2025-09-10
329,3,506,76,1470,In Stock,2026-03-23
329,4,554,170,1278,In Stock,2025-10-03
329,5,516,80,380,In Stock,2025-10-02
329,6,277,72,228,In Stock,2026-02-24
329,7,358,169,1085,In Stock,2026-01-03
329,8,679,89,752,In Stock,2026-03-12
329,9,544,113,510,In Stock,2025-09-24
329,10,209,103,1452,In Stock,2026-05-09
330,1,948,191,1464,In Stock,2026-01-19
330,2,912,184,462,In Stock,2025-07-31
330,3,367,74,1009,In Stock,2025-12-25
330,4,154,107,1332,In Stock,2026-05-26
330,5,447,74,306,In Stock,2026-02-10
330,6,411,87,1289,In Stock,2026-02-14
330,7,819,156,976,In Stock,2025-12-05
330,8,202,58,620,In Stock,2025-10-10
330,9,220,158,872,In Stock,2025-08-18
330,10,231,116,1207,In Stock,2026-03-16
331,1,373,150,728,In Stock,2025-12-20
331,2,732,149,293,In Stock,2025-09-15
331,3,413,152,891,In Stock,2025-11-27
331,4,945,90,377,In Stock,2025-12-11
331,5,537,153,1060,In Stock,2025-08-11
331,6,144,104,1436,In Stock,2026-03-15
331,7,866,108,804,In Stock,2026-01-15
331,8,127,131,348,Low Stock,2026-06-20
331,9,782,51,1129,In Stock,2025-07-13
331,10,76,87,1047,Low Stock,2026-02-08
332,1,298,111,1387,In Stock,2025-11-18
332,2,914,168,423,In Stock,2025-09-28
332,3,722,188,1193,In Stock,2026-01-11
332,4,829,141,749,In Stock,2026-03-14
332,5,395,82,193,In Stock,2025-09-21
332,6,21,187,1406,Low Stock,2026-06-11
332,7,619,67,480,In Stock,2025-09-23
332,8,901,184,1333,In Stock,2025-12-16
332,9,694,115,999,In Stock,2025-09-21
332,10,511,181,1182,In Stock,2026-04-08
333,1,197,88,1359,In Stock,2025-11-22
333,2,315,200,926,In Stock,2026-01-19
333,3,753,146,1092,In Stock,2026-02-19
333,4,573,76,652,In Stock,2025-07-13
333,5,762,76,901,In Stock,2026-03-11
333,6,559,90,865,In Stock,2026-03-04
333,7,568,83,1445,In Stock,2025-10-31
333,8,326,69,498,In Stock,2026-03-10
333,9,170,115,481,In Stock,2025-09-01
333,10,933,179,1266,In Stock,2025-10-23
334,1,412,180,913,In Stock,2026-07-05
334,2,324,105,654,In Stock,2026-04-08
334,3,134,56,1474,In Stock,2025-08-04
334,4,55,64,903,Low Stock,2026-02-16
334,5,583,135,1228,In Stock,2026-07-02
334,6,434,90,1422,In Stock,2025-08-29
334,7,814,150,1404,In Stock,2026-03-15
334,8,248,146,931,In Stock,2025-09-04
334,9,480,173,288,In Stock,2025-11-10
334,10,905,133,969,In Stock,2026-01-09
335,1,433,63,654,In Stock,2025-10-16
335,2,820,126,755,In Stock,2025-10-01
335,3,969,195,1073,In Stock,2025-08-17
335,4,485,66,919,In Stock,2026-05-20
335,5,799,172,1002,In Stock,2026-03-12
335,6,718,103,1101,In Stock,2026-02-01
335,7,443,183,1216,In Stock,2025-08-11
335,8,968,167,980,In Stock,2026-02-12
335,9,111,82,1445,In Stock,2026-05-24
335,10,935,166,996,In Stock,2026-01-17
336,1,662,67,502,In Stock,2025-11-14
336,2,238,107,967,In Stock,2026-02-22
336,3,39,53,498,Low Stock,2026-03-18
336,4,313,168,313,In Stock,2025-11-22
336,5,237,185,1304,In Stock,2026-03-21
336,6,947,164,1182,In Stock,2026-04-06
336,7,981,60,1290,In Stock,2026-06-10
336,8,743,157,1380,In Stock,2025-10-18
336,9,786,156,909,In Stock,2026-02-14
336,10,174,195,761,Low Stock,2025-12-11
337,1,395,126,1150,In Stock,2025-11-09
337,2,468,71,1138,In Stock,2025-10-30
337,3,597,87,938,In Stock,2025-08-11
337,4,634,78,800,In Stock,2025-09-09
337,5,41,143,1104,Low Stock,2026-06-29
337,6,510,63,375,In Stock,2026-01-30
337,7,434,113,542,In Stock,2025-11-18
337,8,751,55,1457,In Stock,2025-12-07
337,9,119,180,790,Low Stock,2026-04-29
337,10,192,134,1205,In Stock,2025-10-17
338,1,11,191,605,Low Stock,2026-02-15
338,2,652,68,553,In Stock,2026-05-17
338,3,771,146,776,In Stock,2026-06-18
338,4,921,103,503,In Stock,2026-06-20
338,5,898,191,657,In Stock,2026-02-10
338,6,327,180,919,In Stock,2026-03-09
338,7,303,136,1226,In Stock,2026-04-16
338,8,480,105,1297,In Stock,2026-06-11
338,9,938,68,1033,In Stock,2026-03-11
338,10,377,187,1237,In Stock,2026-01-11
339,1,156,144,313,In Stock,2026-06-20
339,2,903,177,435,In Stock,2026-05-31
339,3,403,177,1313,In Stock,2025-09-25
339,4,189,124,722,In Stock,2026-04-17
339,5,819,134,1277,In Stock,2026-06-06
339,6,612,165,1033,In Stock,2026-02-28
339,7,902,123,304,In Stock,2026-03-13
339,8,295,84,998,In Stock,2025-07-20
339,9,96,59,450,In Stock,2026-03-01
339,10,878,57,1089,In Stock,2025-11-02
340,1,532,125,1219,In Stock,2026-06-15
340,2,541,162,805,In Stock,2026-02-09
340,3,821,141,891,In Stock,2026-01-09
340,4,97,183,1181,Low Stock,2025-10-17
340,5,841,70,669,In Stock,2026-01-04
340,6,580,112,262,In Stock,2026-03-04
340,7,839,114,633,In Stock,2025-11-21
340,8,118,154,652,Low Stock,2026-04-25
340,9,827,125,476,In Stock,2026-05-16
340,10,439,64,1383,In Stock,2025-12-03
341,1,941,128,814,In Stock,2026-01-24
341,2,840,165,291,In Stock,2025-09-09
341,3,455,195,1381,In Stock,2026-05-30
341,4,117,137,682,Low Stock,2025-09-24
341,5,426,119,1387,In Stock,2026-04-21
341,6,511,122,691,In Stock,2026-05-04
341,7,894,183,1263,In Stock,2026-05-06
341,8,245,126,896,In Stock,2026-05-15
341,9,157,68,968,In Stock,2025-07-12
341,10,162,136,1159,In Stock,2025-08-28
342,1,293,185,582,In Stock,2026-06-08
342,2,362,96,449,In Stock,2026-04-27
342,3,989,93,684,In Stock,2026-05-10
342,4,950,96,305,In Stock,2026-04-16
342,5,674,185,1147,In Stock,2026-06-19
342,6,949,109,1208,In Stock,2025-08-29
342,7,439,125,784,In Stock,2025-10-03
342,8,498,112,601,In Stock,2025-10-27
342,9,496,98,1352,In Stock,2026-01-08
342,10,531,167,549,In Stock,2025-07-22
343,1,217,122,1095,In Stock,2025-10-17
343,2,691,60,208,In Stock,2025-12-11
343,3,948,51,481,In Stock,2025-07-20
343,4,727,76,411,In Stock,2026-06-16
343,5,719,168,1268,In Stock,2026-07-05
343,6,617,57,768,In Stock,2025-07-23
343,7,444,114,615,In Stock,2026-07-05
343,8,944,52,1356,In Stock,2025-10-20
343,9,199,89,1415,In Stock,2026-07-06
343,10,517,111,1316,In Stock,2026-04-24
344,1,50,55,460,Low Stock,2025-07-20
344,2,196,60,781,In Stock,2026-01-09
344,3,502,172,919,In Stock,2026-01-30
344,4,631,178,664,In Stock,2025-08-04
344,5,772,168,1193,In Stock,2025-09-01
344,6,278,129,526,In Stock,2026-06-10
344,7,233,169,1059,In Stock,2025-10-12
344,8,452,125,1138,In Stock,2025-12-26
344,9,696,154,1498,In Stock,2025-11-06
344,10,903,149,1392,In Stock,2025-07-17
345,1,830,74,567,In Stock,2026-02-09
345,2,200,122,389,In Stock,2025-08-12
345,3,680,190,1470,In Stock,2025-10-13
345,4,72,152,515,Low Stock,2026-04-22
345,5,616,114,1397,In Stock,2025-07-23
345,6,697,200,1188,In Stock,2025-11-13
345,7,885,169,574,In Stock,2025-08-13
345,8,70,79,311,Low Stock,2026-02-10
345,9,812,175,363,In Stock,2025-09-23
345,10,350,154,695,In Stock,2025-11-11
346,1,312,142,651,In Stock,2025-07-24
346,2,962,80,799,In Stock,2025-08-04
346,3,308,117,1171,In Stock,2025-12-29
346,4,63,114,842,Low Stock,2026-05-20
346,5,988,198,894,In Stock,2025-09-05
346,6,537,65,413,In Stock,2026-05-15
346,7,612,91,1054,In Stock,2026-05-25
346,8,85,169,451,Low Stock,2025-07-14
346,9,67,158,936,Low Stock,2025-12-26
346,10,892,109,295,In Stock,2025-12-28
347,1,325,149,258,In Stock,2025-08-10
347,2,861,77,739,In Stock,2026-04-20
347,3,215,157,1132,In Stock,2026-05-26
347,4,421,55,1130,In Stock,2026-05-05
347,5,361,115,385,In Stock,2025-09-29
347,6,166,97,884,In Stock,2025-12-21
347,7,610,157,317,In Stock,2025-07-12
347,8,568,190,784,In Stock,2026-04-16
347,9,634,70,1353,In Stock,2025-07-13
347,10,820,144,993,In Stock,2025-07-19
348,1,777,136,1366,In Stock,2026-01-04
348,2,729,183,1490,In Stock,2025-12-21
348,3,526,139,771,In Stock,2025-08-06
348,4,338,176,1484,In Stock,2025-11-12
348,5,17,155,581,Low Stock,2026-01-16
348,6,283,66,996,In Stock,2026-04-07
348,7,470,166,1255,In Stock,2026-03-14
348,8,150,105,419,In Stock,2026-02-23
348,9,996,197,950,In Stock,2026-07-05
348,10,483,122,294,In Stock,2025-10-13
349,1,763,75,1123,In Stock,2026-05-02
349,2,298,159,543,In Stock,2026-02-02
349,3,308,71,732,In Stock,2026-06-17
349,4,249,155,710,In Stock,2025-12-23
349,5,660,188,476,In Stock,2026-03-31
349,6,739,186,386,In Stock,2026-04-28
349,7,538,90,1430,In Stock,2025-08-24
349,8,672,67,363,In Stock,2026-04-04
349,9,627,178,1497,In Stock,2026-05-17
349,10,939,102,759,In Stock,2026-01-05
350,1,707,62,1017,In Stock,2026-06-04
350,2,169,194,1440,Low Stock,2026-07-03
350,3,705,121,258,In Stock,2026-05-04
350,4,548,102,1475,In Stock,2026-03-07
350,5,624,114,799,In Stock,2025-12-17
350,6,508,91,759,In Stock,2025-11-01
350,7,50,120,225,Low Stock,2026-05-01
350,8,281,56,1465,In Stock,2025-07-13
350,9,556,186,1042,In Stock,2026-05-29
350,10,17,166,1433,Low Stock,2026-04-10
351,1,421,148,798,In Stock,2026-04-20
351,2,176,128,1469,In Stock,2025-07-22
351,3,771,149,1155,In Stock,2026-04-05
351,4,841,193,609,In Stock,2025-11-04
351,5,369,50,674,In Stock,2026-04-14
351,6,799,78,447,In Stock,2026-04-19
351,7,5,123,841,Low Stock,2026-04-16
351,8,880,118,439,In Stock,2026-04-20
351,9,937,108,674,In Stock,2026-02-09
351,10,101,181,343,Low Stock,2026-02-21
352,1,639,168,1130,In Stock,2026-03-11
352,2,819,61,1227,In Stock,2026-06-04
352,3,667,69,679,In Stock,2026-06-29
352,4,383,186,629,In Stock,2026-01-17
352,5,1,52,1473,Low Stock,2025-08-15
352,6,589,198,1288,In Stock,2026-04-10
352,7,468,164,976,In Stock,2025-08-17
352,8,237,163,1205,In Stock,2026-05-26
352,9,142,84,706,In Stock,2026-02-14
352,10,291,55,308,In Stock,2025-10-12
353,1,219,105,1348,In Stock,2026-07-09
353,2,791,81,366,In Stock,2026-01-20
353,3,810,113,1375,In Stock,2026-01-05
353,4,648,81,826,In Stock,2025-09-06
353,5,150,82,1179,In Stock,2025-11-17
353,6,713,67,907,In Stock,2025-09-12
353,7,379,50,921,In Stock,2026-02-12
353,8,675,73,270,In Stock,2026-06-20
353,9,39,85,571,Low Stock,2025-08-22
353,10,673,70,524,In Stock,2026-02-12
354,1,906,128,1107,In Stock,2025-12-08
354,2,993,67,521,In Stock,2026-05-29
354,3,621,50,1134,In Stock,2025-10-05
354,4,180,101,1468,In Stock,2025-12-22
354,5,469,148,876,In Stock,2026-02-27
354,6,473,117,260,In Stock,2026-04-26
354,7,615,137,693,In Stock,2025-11-29
354,8,45,140,1329,Low Stock,2026-04-20
354,9,975,140,1495,In Stock,2025-08-14
354,10,286,169,1477,In Stock,2026-01-07
355,1,698,83,927,In Stock,2025-11-18
355,2,116,50,831,In Stock,2026-01-16
355,3,34,125,464,Low Stock,2025-08-20
355,4,815,70,730,In Stock,2025-10-18
355,5,3,174,1231,Low Stock,2026-05-18
355,6,127,180,628,Low Stock,2025-12-23
355,7,616,130,820,In Stock,2025-09-02
355,8,278,160,1027,In Stock,2025-11-24
355,9,369,159,1496,In Stock,2025-09-01
355,10,73,171,811,Low Stock,2026-03-11
356,1,990,196,947,In Stock,2025-08-16
356,2,541,52,645,In Stock,2026-03-12
356,3,182,194,674,Low Stock,2025-10-10
356,4,186,161,1143,In Stock,2025-10-19
356,5,258,64,1359,In Stock,2026-06-21
356,6,339,177,1212,In Stock,2025-09-15
356,7,576,137,1276,In Stock,2025-11-12
356,8,51,79,792,Low Stock,2025-10-04
356,9,664,99,468,In Stock,2026-06-17
356,10,514,172,422,In Stock,2025-12-07
357,1,107,93,1276,In Stock,2026-02-23
357,2,304,67,617,In Stock,2025-07-11
357,3,524,99,1162,In Stock,2026-03-03
357,4,580,60,917,In Stock,2025-08-21
357,5,543,98,1424,In Stock,2026-06-04
357,6,204,126,588,In Stock,2025-07-23
357,7,478,120,241,In Stock,2025-09-21
357,8,558,75,932,In Stock,2025-09-25
357,9,156,199,1291,Low Stock,2026-02-25
357,10,305,175,331,In Stock,2026-05-09
358,1,767,90,878,In Stock,2026-03-26
358,2,60,101,855,Low Stock,2025-08-13
358,3,781,88,671,In Stock,2026-06-29
358,4,64,196,437,Low Stock,2026-05-06
358,5,76,100,937,Low Stock,2025-10-27
358,6,128,200,672,Low Stock,2025-07-28
358,7,601,167,868,In Stock,2025-09-26
358,8,745,168,1029,In Stock,2026-06-02
358,9,111,149,806,Low Stock,2025-08-23
358,10,889,73,1483,In Stock,2025-07-19
359,1,695,98,291,In Stock,2026-05-17
359,2,910,82,583,In Stock,2026-01-17
359,3,238,191,1261,In Stock,2026-02-23
359,4,917,60,1010,In Stock,2025-08-18
359,5,722,133,710,In Stock,2025-11-22
359,6,860,93,1288,In Stock,2026-04-07
359,7,208,90,834,In Stock,2025-10-07
359,8,843,181,290,In Stock,2026-05-17
359,9,347,80,742,In Stock,2026-05-08
359,10,534,134,680,In Stock,2026-07-07
360,1,769,150,841,In Stock,2025-12-18
360,2,227,182,979,In Stock,2026-07-01
360,3,113,110,1053,In Stock,2026-03-27
360,4,790,58,846,In Stock,2025-12-30
360,5,181,97,973,In Stock,2026-01-05
360,6,778,180,495,In Stock,2026-01-24
360,7,726,92,1098,In Stock,2026-06-19
360,8,285,108,1354,In Stock,2026-03-30
360,9,347,145,1246,In Stock,2026-03-21
360,10,90,129,635,Low Stock,2026-07-09
361,1,767,74,1194,In Stock,2025-12-21
361,2,119,89,1426,In Stock,2026-01-12
361,3,601,147,935,In Stock,2026-05-10
361,4,714,81,806,In Stock,2026-02-13
361,5,692,146,405,In Stock,2025-11-05
361,6,919,61,889,In Stock,2025-11-12
361,7,134,199,1042,Low Stock,2026-05-19
361,8,428,173,684,In Stock,2025-08-14
361,9,339,74,596,In Stock,2026-05-24
361,10,945,55,939,In Stock,2025-07-12
362,1,880,159,936,In Stock,2026-03-14
362,2,51,102,309,Low Stock,2025-07-18
362,3,154,134,1211,In Stock,2025-10-30
362,4,460,116,1294,In Stock,2025-09-24
362,5,288,157,319,In Stock,2025-11-04
362,6,211,150,328,In Stock,2025-10-06
362,7,702,59,1235,In Stock,2026-01-31
362,8,199,187,1108,In Stock,2026-07-09
362,9,672,154,595,In Stock,2026-01-03
362,10,41,103,1407,Low Stock,2025-08-05
363,1,131,85,1467,In Stock,2026-06-29
363,2,909,188,791,In Stock,2026-03-29
363,3,52,156,1266,Low Stock,2026-02-06
363,4,289,100,1023,In Stock,2025-10-23
363,5,252,189,1477,In Stock,2025-10-29
363,6,211,58,431,In Stock,2025-10-09
363,7,460,147,1092,In Stock,2025-08-12
363,8,591,123,1080,In Stock,2025-09-17
363,9,480,56,774,In Stock,2026-01-04
363,10,622,67,894,In Stock,2025-10-23
364,1,63,113,1253,Low Stock,2026-05-14
364,2,389,97,1049,In Stock,2025-09-10
364,3,369,163,1249,In Stock,2026-04-03
364,4,205,78,799,In Stock,2026-04-12
364,5,337,186,1042,In Stock,2025-08-31
364,6,477,180,1109,In Stock,2025-09-27
364,7,472,172,1106,In Stock,2025-12-21
364,8,915,117,222,In Stock,2025-08-01
364,9,614,59,710,In Stock,2026-03-18
364,10,666,109,1367,In Stock,2025-10-05
365,1,448,190,321,In Stock,2026-02-22
365,2,934,145,345,In Stock,2026-03-17
365,3,877,75,637,In Stock,2025-12-16
365,4,537,84,890,In Stock,2025-09-30
365,5,990,109,255,In Stock,2025-08-04
365,6,9,122,1080,Low Stock,2025-09-26
365,7,47,78,596,Low Stock,2025-08-05
365,8,259,95,1278,In Stock,2026-06-27
365,9,754,87,588,In Stock,2026-04-08
365,10,543,187,344,In Stock,2026-03-16
366,1,769,59,1143,In Stock,2025-11-27
366,2,344,156,626,In Stock,2026-02-10
366,3,319,98,329,In Stock,2026-06-30
366,4,328,127,369,In Stock,2026-02-27
366,5,816,121,1423,In Stock,2025-10-20
366,6,511,180,1202,In Stock,2025-11-22
366,7,452,83,1487,In Stock,2026-07-11
366,8,930,133,240,In Stock,2025-08-27
366,9,204,193,1175,In Stock,2026-04-01
366,10,69,131,1220,Low Stock,2026-01-23
367,1,700,157,777,In Stock,2026-01-05
367,2,508,187,1376,In Stock,2025-09-19
367,3,429,158,1310,In Stock,2026-05-03
367,4,430,83,1359,In Stock,2025-07-30
367,5,176,70,913,In Stock,2026-01-01
367,6,439,76,1247,In Stock,2026-02-20
367,7,559,156,1382,In Stock,2026-03-21
367,8,468,134,1401,In Stock,2025-10-16
367,9,885,197,726,In Stock,2025-08-10
367,10,849,199,387,In Stock,2025-07-13
368,1,14,122,392,Low Stock,2026-07-06
368,2,590,73,754,In Stock,2025-08-19
368,3,784,182,286,In Stock,2025-11-17
368,4,335,115,1289,In Stock,2025-08-23
368,5,841,149,441,In Stock,2026-03-30
368,6,218,156,894,In Stock,2025-12-23
368,7,834,118,953,In Stock,2026-06-26
368,8,628,83,1316,In Stock,2025-12-17
368,9,1000,99,790,In Stock,2025-07-12
368,10,669,195,623,In Stock,2026-03-10
369,1,224,178,856,In Stock,2026-02-20
369,2,428,71,246,In Stock,2025-08-10
369,3,999,77,195,In Stock,2026-05-17
369,4,902,141,1007,In Stock,2026-04-20
369,5,327,73,296,In Stock,2026-01-15
369,6,4,185,1410,Low Stock,2026-04-06
369,7,333,199,492,In Stock,2025-09-27
369,8,340,73,1229,In Stock,2026-06-29
369,9,643,150,262,In Stock,2026-02-04
369,10,119,95,760,In Stock,2025-11-17
370,1,23,163,1374,Low Stock,2025-10-20
370,2,948,64,795,In Stock,2025-09-08
370,3,751,168,524,In Stock,2025-11-11
370,4,897,58,1064,In Stock,2026-01-08
370,5,69,113,288,Low Stock,2025-10-24
370,6,364,106,1121,In Stock,2026-04-01
370,7,499,176,1214,In Stock,2025-10-27
370,8,323,98,1411,In Stock,2026-05-11
370,9,695,132,1150,In Stock,2025-10-12
370,10,447,178,1341,In Stock,2026-05-20
371,1,282,157,1479,In Stock,2025-11-29
371,2,325,144,673,In Stock,2025-07-11
371,3,549,110,913,In Stock,2026-06-14
371,4,461,179,922,In Stock,2025-10-28
371,5,721,134,621,In Stock,2026-02-26
371,6,805,51,1147,In Stock,2026-04-12
371,7,484,99,1017,In Stock,2025-11-20
371,8,120,179,1186,Low Stock,2025-11-05
371,9,718,71,815,In Stock,2025-09-27
371,10,158,197,459,Low Stock,2025-12-10
372,1,469,64,1400,In Stock,2025-08-11
372,2,232,184,890,In Stock,2025-07-11
372,3,87,117,601,Low Stock,2026-03-17
372,4,773,180,1132,In Stock,2025-08-31
372,5,526,94,1273,In Stock,2026-01-08
372,6,976,90,1499,In Stock,2026-03-29
372,7,349,171,318,In Stock,2026-01-07
372,8,486,180,824,In Stock,2025-08-25
372,9,986,65,847,In Stock,2025-07-18
372,10,178,155,806,In Stock,2025-11-22
373,1,898,154,893,In Stock,2026-01-16
373,2,674,127,575,In Stock,2026-01-13
373,3,137,194,1221,Low Stock,2025-09-13
373,4,823,75,891,In Stock,2025-11-28
373,5,991,198,1440,In Stock,2026-02-06
373,6,116,130,620,Low Stock,2026-04-03
373,7,233,199,793,In Stock,2026-01-12
373,8,526,141,592,In Stock,2025-11-27
373,9,450,172,1308,In Stock,2025-11-16
373,10,260,118,749,In Stock,2025-10-22
374,1,404,129,1236,In Stock,2025-10-13
374,2,422,75,1029,In Stock,2026-06-26
374,3,327,71,1311,In Stock,2025-07-22
374,4,791,64,1235,In Stock,2025-08-08
374,5,81,84,815,Low Stock,2025-12-20
374,6,109,115,458,Low Stock,2025-09-06
374,7,212,169,378,In Stock,2025-09-06
374,8,233,178,1362,In Stock,2026-02-05
374,9,943,91,1395,In Stock,2026-02-28
374,10,480,167,931,In Stock,2025-11-06
375,1,806,90,1092,In Stock,2025-09-27
375,2,210,136,1325,In Stock,2026-02-21
375,3,418,147,884,In Stock,2025-10-29
375,4,489,76,855,In Stock,2026-07-09
375,5,752,144,660,In Stock,2025-11-20
375,6,582,113,854,In Stock,2025-12-25
375,7,862,50,1301,In Stock,2026-01-03
375,8,804,86,1344,In Stock,2025-09-16
375,9,384,186,1265,In Stock,2026-06-12
375,10,964,72,535,In Stock,2025-07-29
376,1,731,104,1344,In Stock,2026-04-19
376,2,449,154,376,In Stock,2025-12-12
376,3,447,177,1205,In Stock,2026-01-30
376,4,350,85,829,In Stock,2026-05-16
376,5,884,153,1351,In Stock,2026-01-25
376,6,73,76,824,Low Stock,2025-09-01
376,7,820,120,262,In Stock,2026-02-16
376,8,725,104,732,In Stock,2025-07-27
376,9,763,181,425,In Stock,2026-06-16
376,10,688,117,590,In Stock,2026-05-18
377,1,998,93,336,In Stock,2026-03-01
377,2,745,133,527,In Stock,2025-09-01
377,3,565,156,963,In Stock,2025-07-21
377,4,968,160,626,In Stock,2026-02-01
377,5,174,158,950,In Stock,2025-11-14
377,6,44,72,1325,Low Stock,2026-01-18
377,7,507,100,788,In Stock,2026-05-16
377,8,748,192,1493,In Stock,2026-06-23
377,9,366,126,874,In Stock,2025-08-28
377,10,958,107,1477,In Stock,2025-10-14
378,1,168,68,1023,In Stock,2026-07-11
378,2,756,194,1345,In Stock,2025-09-13
378,3,804,139,987,In Stock,2026-05-19
378,4,799,138,1407,In Stock,2026-05-06
378,5,83,174,668,Low Stock,2026-06-17
378,6,645,184,989,In Stock,2025-12-31
378,7,966,116,394,In Stock,2025-12-30
378,8,70,117,899,Low Stock,2026-05-07
378,9,938,122,246,In Stock,2025-12-23
378,10,675,76,820,In Stock,2026-04-07
379,1,972,82,742,In Stock,2026-06-03
379,2,23,192,906,Low Stock,2025-08-28
379,3,923,119,1012,In Stock,2026-03-30
379,4,194,56,221,In Stock,2026-02-08
379,5,14,158,1489,Low Stock,2026-07-06
379,6,449,97,689,In Stock,2025-08-11
379,7,434,138,654,In Stock,2025-11-02
379,8,418,180,1142,In Stock,2025-09-28
379,9,78,190,993,Low Stock,2025-12-26
379,10,980,145,722,In Stock,2025-11-23
380,1,200,104,275,In Stock,2026-04-30
380,2,989,178,937,In Stock,2025-11-24
380,3,957,85,879,In Stock,2026-03-18
380,4,184,79,1002,In Stock,2025-10-04
380,5,751,80,437,In Stock,2025-10-29
380,6,130,132,1032,Low Stock,2025-08-16
380,7,248,157,745,In Stock,2025-11-03
380,8,307,181,1309,In Stock,2025-11-14
380,9,676,91,1177,In Stock,2025-07-21
380,10,931,156,1273,In Stock,2025-12-26
381,1,725,169,1231,In Stock,2026-02-11
381,2,467,169,1379,In Stock,2026-01-13
381,3,518,172,925,In Stock,2026-04-01
381,4,726,175,1134,In Stock,2025-07-28
381,5,194,154,1471,In Stock,2026-01-01
381,6,126,133,890,Low Stock,2025-11-01
381,7,907,151,1241,In Stock,2026-01-06
381,8,956,92,1393,In Stock,2025-08-11
381,9,4,60,1070,Low Stock,2025-11-26
381,10,157,125,1307,In Stock,2025-12-05
382,1,300,77,200,In Stock,2026-05-29
382,2,731,123,889,In Stock,2026-01-20
382,3,254,166,1226,In Stock,2026-05-29
382,4,129,102,1412,In Stock,2026-01-04
382,5,839,141,883,In Stock,2026-01-27
382,6,608,94,1294,In Stock,2026-05-20
382,7,637,158,875,In Stock,2025-09-05
382,8,206,108,568,In Stock,2025-08-16
382,9,434,179,784,In Stock,2026-05-21
382,10,701,146,407,In Stock,2025-09-03
383,1,227,122,431,In Stock,2026-01-15
383,2,913,132,593,In Stock,2026-05-04
383,3,764,176,737,In Stock,2025-09-02
383,4,778,101,444,In Stock,2025-12-12
383,5,339,139,1312,In Stock,2025-12-17
383,6,183,62,534,In Stock,2025-08-21
383,7,490,68,1358,In Stock,2025-10-17
383,8,541,62,1478,In Stock,2025-12-14
383,9,32,192,929,Low Stock,2025-10-25
383,10,276,96,541,In Stock,2025-09-13
384,1,16,100,1260,Low Stock,2026-01-09
384,2,25,104,889,Low Stock,2026-01-21
384,3,502,52,1300,In Stock,2025-12-15
384,4,661,187,1104,In Stock,2025-12-28
384,5,167,163,445,In Stock,2026-02-27
384,6,475,192,1201,In Stock,2025-10-15
384,7,378,165,920,In Stock,2026-01-05
384,8,9,175,1033,Low Stock,2025-11-10
384,9,522,131,413,In Stock,2026-06-23
384,10,84,107,876,Low Stock,2026-02-09
385,1,833,160,1258,In Stock,2025-08-11
385,2,231,114,480,In Stock,2026-03-20
385,3,189,199,659,Low Stock,2026-05-17
385,4,490,198,929,In Stock,2025-08-09
385,5,820,160,272,In Stock,2025-12-03
385,6,4,170,487,Low Stock,2025-09-14
385,7,661,111,667,In Stock,2026-05-05
385,8,424,103,809,In Stock,2026-07-05
385,9,50,147,554,Low Stock,2026-01-27
385,10,285,106,966,In Stock,2026-02-28
386,1,423,177,1140,In Stock,2026-03-03
386,2,959,139,741,In Stock,2025-11-03
386,3,799,125,399,In Stock,2026-05-04
386,4,9,190,1373,Low Stock,2026-02-01
386,5,880,175,728,In Stock,2025-10-08
386,6,440,93,691,In Stock,2026-01-09
386,7,732,91,339,In Stock,2025-10-01
386,8,918,59,693,In Stock,2026-03-18
386,9,370,145,961,In Stock,2026-03-03
386,10,186,101,920,In Stock,2025-09-30
387,1,498,80,475,In Stock,2025-09-29
387,2,103,121,302,Low Stock,2026-04-24
387,3,857,76,1165,In Stock,2025-12-17
387,4,972,148,517,In Stock,2025-11-17
387,5,239,73,239,In Stock,2026-01-12
387,6,31,190,405,Low Stock,2026-02-10
387,7,645,142,757,In Stock,2026-06-02
387,8,761,199,1492,In Stock,2025-11-26
387,9,995,144,1278,In Stock,2025-10-20
387,10,658,75,742,In Stock,2026-01-19
388,1,158,185,1023,Low Stock,2026-05-28
388,2,728,104,1257,In Stock,2026-02-27
388,3,25,182,1241,Low Stock,2025-10-06
388,4,828,145,1131,In Stock,2025-11-17
388,5,788,116,456,In Stock,2026-01-05
388,6,375,177,992,In Stock,2025-12-23
388,7,781,142,1063,In Stock,2025-11-22
388,8,905,98,1011,In Stock,2026-01-20
388,9,353,58,992,In Stock,2026-05-25
388,10,828,198,1060,In Stock,2026-04-02
389,1,108,162,1437,Low Stock,2026-05-08
389,2,757,79,1486,In Stock,2026-03-15
389,3,845,53,603,In Stock,2025-09-21
389,4,265,120,532,In Stock,2025-08-20
389,5,162,71,1332,In Stock,2025-08-27
389,6,576,154,961,In Stock,2025-09-21
389,7,804,200,1110,In Stock,2026-03-09
389,8,113,87,1203,In Stock,2025-09-18
389,9,11,170,733,Low Stock,2026-04-27
389,10,608,59,1456,In Stock,2026-07-10
390,1,865,107,943,In Stock,2025-10-04
390,2,668,131,1039,In Stock,2026-01-03
390,3,752,161,1463,In Stock,2026-04-15
390,4,616,64,362,In Stock,2026-02-08
390,5,592,154,287,In Stock,2026-07-06
390,6,772,177,305,In Stock,2025-10-10
390,7,131,68,499,In Stock,2026-01-15
390,8,870,164,464,In Stock,2025-11-22
390,9,44,194,659,Low Stock,2025-12-09
390,10,761,186,698,In Stock,2025-09-17
391,1,406,73,1041,In Stock,2025-10-15
391,2,503,92,954,In Stock,2026-06-17
391,3,3,86,1089,Low Stock,2025-08-22
391,4,0,51,755,Out of Stock,2025-10-16
391,5,22,159,1131,Low Stock,2025-07-29
391,6,37,96,559,Low Stock,2026-01-20
391,7,651,113,724,In Stock,2026-02-20
391,8,737,183,1419,In Stock,2025-08-27
391,9,642,96,1037,In Stock,2026-04-05
391,10,608,101,882,In Stock,2026-04-08
392,1,894,181,1224,In Stock,2026-02-14
392,2,61,62,851,Low Stock,2026-03-19
392,3,437,196,654,In Stock,2025-10-23
392,4,337,134,1111,In Stock,2026-04-04
392,5,13,103,411,Low Stock,2025-08-28
392,6,449,158,260,In Stock,2026-05-25
392,7,247,184,1006,In Stock,2026-02-20
392,8,264,101,306,In Stock,2026-04-09
392,9,824,152,422,In Stock,2026-06-12
392,10,924,50,667,In Stock,2025-11-05
393,1,19,176,1034,Low Stock,2026-06-15
393,2,241,154,1357,In Stock,2025-11-02
393,3,367,122,789,In Stock,2026-05-24
393,4,712,51,390,In Stock,2026-04-14
393,5,508,115,1213,In Stock,2025-10-23
393,6,59,102,1340,Low Stock,2025-10-12
393,7,587,148,1242,In Stock,2025-11-06
393,8,643,63,1482,In Stock,2026-04-05
393,9,186,113,707,In Stock,2025-10-11
393,10,8,149,1306,Low Stock,2025-09-09
394,1,63,145,1103,Low Stock,2026-07-05
394,2,323,99,1461,In Stock,2026-06-03
394,3,463,142,730,In Stock,2025-08-10
394,4,936,191,914,In Stock,2025-10-02
394,5,11,164,1164,Low Stock,2025-10-09
394,6,5,178,838,Low Stock,2026-02-21
394,7,556,70,1104,In Stock,2026-06-16
394,8,529,135,832,In Stock,2025-11-15
394,9,924,53,255,In Stock,2025-07-25
394,10,460,138,278,In Stock,2025-08-15
395,1,965,80,1057,In Stock,2026-01-04
395,2,841,62,962,In Stock,2025-07-21
395,3,171,196,712,Low Stock,2025-08-12
395,4,672,143,997,In Stock,2026-04-05
395,5,845,52,811,In Stock,2026-02-02
395,6,621,181,524,In Stock,2025-08-25
395,7,409,110,1021,In Stock,2025-10-14
395,8,816,185,1162,In Stock,2026-05-11
395,9,519,52,721,In Stock,2026-03-28
395,10,316,194,1052,In Stock,2026-04-19
396,1,83,109,1124,Low Stock,2026-01-07
396,2,36,199,600,Low Stock,2025-07-19
396,3,988,192,1041,In Stock,2026-03-17
396,4,224,146,725,In Stock,2025-08-10
396,5,23,118,891,Low Stock,2025-09-29
396,6,881,179,1315,In Stock,2025-09-13
396,7,28,66,1165,Low Stock,2025-12-06
396,8,75,188,1070,Low Stock,2025-11-08
396,9,54,140,937,Low Stock,2026-04-04
396,10,597,91,280,In Stock,2026-06-19
397,1,19,166,682,Low Stock,2026-01-21
397,2,539,142,1214,In Stock,2026-02-05
397,3,698,99,1429,In Stock,2025-10-05
397,4,340,88,1414,In Stock,2025-10-13
397,5,353,183,937,In Stock,2025-12-23
397,6,949,122,244,In Stock,2025-12-29
397,7,574,143,673,In Stock,2025-11-14
397,8,850,79,966,In Stock,2026-04-10
397,9,539,72,1225,In Stock,2025-12-11
397,10,348,142,839,In Stock,2025-10-21
398,1,946,75,449,In Stock,2026-02-05
398,2,575,154,376,In Stock,2026-03-30
398,3,685,193,420,In Stock,2025-08-13
398,4,19,104,427,Low Stock,2026-04-26
398,5,913,120,906,In Stock,2026-01-06
398,6,748,169,1068,In Stock,2026-01-18
398,7,487,86,854,In Stock,2025-07-19
398,8,970,116,468,In Stock,2025-12-10
398,9,148,93,1454,In Stock,2025-09-09
398,10,971,139,1089,In Stock,2025-09-23
399,1,251,101,860,In Stock,2025-11-01
399,2,657,94,1115,In Stock,2026-04-11
399,3,312,139,801,In Stock,2026-05-06
399,4,599,107,310,In Stock,2025-11-21
399,5,512,79,1408,In Stock,2025-11-16
399,6,459,154,634,In Stock,2026-03-21
399,7,94,146,456,Low Stock,2025-12-14
399,8,771,147,814,In Stock,2025-09-08
399,9,758,190,1213,In Stock,2026-06-25
399,10,555,176,340,In Stock,2026-02-28
400,1,67,198,1366,Low Stock,2025-12-22
400,2,612,100,555,In Stock,2026-06-30
400,3,684,125,493,In Stock,2026-04-16
400,4,257,97,771,In Stock,2025-11-07
400,5,522,74,847,In Stock,2025-12-12
400,6,348,150,258,In Stock,2025-12-06
400,7,929,102,1259,In Stock,2026-05-21
400,8,418,132,1278,In Stock,2026-06-09
400,9,497,121,534,In Stock,2026-06-05
400,10,232,197,1433,In Stock,2025-08-29
401,1,358,163,383,In Stock,2026-02-24
401,2,470,160,462,In Stock,2025-07-15
401,3,767,149,1352,In Stock,2026-06-12
401,4,189,91,1134,In Stock,2025-10-10
401,5,341,129,492,In Stock,2026-04-08
401,6,462,59,1212,In Stock,2026-05-21
401,7,810,135,894,In Stock,2025-07-17
401,8,872,140,409,In Stock,2026-02-20
401,9,420,198,1442,In Stock,2026-04-27
401,10,24,199,1425,Low Stock,2026-06-14
402,1,795,102,720,In Stock,2026-06-17
402,2,300,60,1222,In Stock,2026-06-13
402,3,368,115,480,In Stock,2026-02-05
402,4,552,171,1084,In Stock,2026-04-04
402,5,852,74,923,In Stock,2026-02-16
402,6,320,67,549,In Stock,2025-11-15
402,7,429,132,247,In Stock,2025-08-12
402,8,903,143,1382,In Stock,2026-06-19
402,9,637,199,1076,In Stock,2026-01-03
402,10,837,166,1284,In Stock,2025-11-02
403,1,158,83,548,In Stock,2025-08-02
403,2,896,178,1344,In Stock,2025-11-02
403,3,465,182,873,In Stock,2025-11-30
403,4,893,189,341,In Stock,2025-11-16
403,5,407,149,1193,In Stock,2026-04-08
403,6,274,120,566,In Stock,2026-06-27
403,7,686,84,627,In Stock,2026-04-12
403,8,865,120,1468,In Stock,2026-02-25
403,9,202,107,315,In Stock,2026-01-08
403,10,760,158,1347,In Stock,2026-02-20
404,1,893,182,1051,In Stock,2026-05-23
404,2,191,56,1196,In Stock,2025-12-22
404,3,797,132,732,In Stock,2026-05-10
404,4,316,187,976,In Stock,2025-12-31
404,5,721,101,562,In Stock,2025-11-17
404,6,625,164,727,In Stock,2025-10-01
404,7,819,171,1250,In Stock,2025-08-09
404,8,555,188,1489,In Stock,2026-03-20
404,9,144,80,788,In Stock,2026-01-11
404,10,281,180,1362,In Stock,2026-07-06
405,1,925,68,634,In Stock,2026-07-06
405,2,73,121,1492,Low Stock,2026-03-27
405,3,750,94,1090,In Stock,2025-09-29
405,4,621,163,1376,In Stock,2026-06-12
405,5,7,85,239,Low Stock,2026-05-10
405,6,601,83,644,In Stock,2026-01-06
405,7,843,99,1073,In Stock,2026-06-09
405,8,810,70,280,In Stock,2026-02-06
405,9,998,81,480,In Stock,2026-04-13
405,10,181,60,660,In Stock,2025-10-28
406,1,998,165,587,In Stock,2026-06-07
406,2,773,58,1407,In Stock,2025-09-16
406,3,229,145,421,In Stock,2026-04-17
406,4,519,162,1102,In Stock,2026-05-10
406,5,893,106,363,In Stock,2025-11-23
406,6,334,78,1363,In Stock,2025-09-23
406,7,850,162,567,In Stock,2025-08-13
406,8,885,141,493,In Stock,2026-05-30
406,9,948,93,230,In Stock,2026-07-05
406,10,952,154,615,In Stock,2025-07-16
407,1,860,143,1456,In Stock,2025-07-16
407,2,898,193,1126,In Stock,2025-11-09
407,3,399,165,434,In Stock,2026-06-27
407,4,760,75,263,In Stock,2026-04-05
407,5,71,90,1273,Low Stock,2025-09-27
407,6,792,165,1298,In Stock,2026-01-29
407,7,741,64,1025,In Stock,2025-09-25
407,8,597,170,1047,In Stock,2025-12-06
407,9,971,105,507,In Stock,2026-03-21
407,10,921,110,1286,In Stock,2025-11-22
408,1,573,121,559,In Stock,2025-09-02
408,2,95,106,1296,Low Stock,2025-09-13
408,3,822,187,1077,In Stock,2025-08-20
408,4,748,163,822,In Stock,2025-08-29
408,5,590,187,1328,In Stock,2025-12-24
408,6,179,167,455,In Stock,2025-12-26
408,7,107,69,1200,In Stock,2026-03-02
408,8,925,58,388,In Stock,2025-09-14
408,9,818,53,563,In Stock,2025-11-28
408,10,684,142,1137,In Stock,2026-05-06
409,1,346,50,909,In Stock,2026-02-07
409,2,852,123,980,In Stock,2025-10-23
409,3,724,169,554,In Stock,2025-09-23
409,4,800,51,663,In Stock,2026-06-06
409,5,6,120,646,Low Stock,2025-10-24
409,6,343,174,479,In Stock,2025-11-01
409,7,863,132,874,In Stock,2025-07-12
409,8,662,99,809,In Stock,2026-05-17
409,9,209,167,1424,In Stock,2025-12-23
409,10,727,84,870,In Stock,2026-05-06
410,1,108,143,951,Low Stock,2026-03-21
410,2,115,197,409,Low Stock,2026-03-10
410,3,125,62,478,In Stock,2026-01-07
410,4,404,82,359,In Stock,2025-07-19
410,5,148,191,1268,Low Stock,2026-05-08
410,6,399,185,425,In Stock,2025-11-07
410,7,544,157,1201,In Stock,2026-06-26
410,8,210,74,1254,In Stock,2025-08-19
410,9,740,116,356,In Stock,2026-03-13
410,10,465,81,367,In Stock,2025-09-17
411,1,429,84,1173,In Stock,2025-09-22
411,2,188,125,377,In Stock,2026-05-12
411,3,344,134,540,In Stock,2026-06-04
411,4,149,176,657,Low Stock,2026-04-09
411,5,369,160,296,In Stock,2026-06-12
411,6,699,91,788,In Stock,2026-07-06
411,7,530,183,308,In Stock,2025-11-07
411,8,176,72,296,In Stock,2026-03-25
411,9,926,178,671,In Stock,2026-02-12
411,10,164,186,1147,Low Stock,2025-09-16
412,1,558,197,804,In Stock,2026-02-06
412,2,973,81,831,In Stock,2026-01-21
412,3,409,172,952,In Stock,2025-09-10
412,4,173,175,1319,Low Stock,2026-04-14
412,5,579,150,1005,In Stock,2026-06-23
412,6,306,191,375,In Stock,2025-07-29
412,7,61,100,590,Low Stock,2026-06-16
412,8,143,110,567,In Stock,2025-12-02
412,9,876,165,349,In Stock,2026-01-05
412,10,383,103,1096,In Stock,2026-01-08
413,1,502,61,214,In Stock,2026-01-13
413,2,130,158,752,Low Stock,2026-01-10
413,3,462,116,1178,In Stock,2025-10-18
413,4,766,52,387,In Stock,2026-07-10
413,5,267,128,1137,In Stock,2025-07-12
413,6,392,184,1321,In Stock,2025-11-30
413,7,941,66,825,In Stock,2026-05-11
413,8,172,58,886,In Stock,2026-07-07
413,9,677,152,594,In Stock,2026-01-27
413,10,29,69,424,Low Stock,2026-06-13
414,1,446,110,955,In Stock,2026-06-18
414,2,280,58,836,In Stock,2025-10-10
414,3,305,130,505,In Stock,2026-01-12
414,4,550,82,992,In Stock,2026-01-26
414,5,571,114,964,In Stock,2026-03-14
414,6,509,193,309,In Stock,2025-12-07
414,7,10,64,285,Low Stock,2026-04-15
414,8,491,53,205,In Stock,2025-10-10
414,9,226,73,907,In Stock,2026-01-09
414,10,502,52,1090,In Stock,2026-04-09
415,1,141,185,395,Low Stock,2025-12-27
415,2,89,111,916,Low Stock,2026-04-25
415,3,143,58,887,In Stock,2026-06-07
415,4,282,56,1099,In Stock,2026-05-18
415,5,634,141,1149,In Stock,2026-06-20
415,6,537,197,708,In Stock,2026-03-13
415,7,709,95,1159,In Stock,2025-09-05
415,8,776,174,1340,In Stock,2025-10-23
415,9,731,62,598,In Stock,2025-11-05
415,10,899,181,1258,In Stock,2025-12-12
416,1,654,150,689,In Stock,2026-03-15
416,2,566,71,172,In Stock,2026-06-05
416,3,553,77,545,In Stock,2025-10-10
416,4,614,82,820,In Stock,2026-03-29
416,5,694,109,764,In Stock,2025-12-06
416,6,233,191,540,In Stock,2025-10-30
416,7,986,188,1068,In Stock,2026-06-15
416,8,262,114,500,In Stock,2025-07-26
416,9,59,134,237,Low Stock,2026-01-07
416,10,751,70,425,In Stock,2025-08-13
417,1,494,125,285,In Stock,2025-10-01
417,2,859,132,1284,In Stock,2026-02-15
417,3,830,82,1269,In Stock,2025-08-30
417,4,465,72,1105,In Stock,2025-12-20
417,5,998,199,982,In Stock,2026-07-11
417,6,588,151,1203,In Stock,2025-07-22
417,7,620,188,984,In Stock,2025-09-10
417,8,407,108,837,In Stock,2026-01-04
417,9,270,193,419,In Stock,2025-11-12
417,10,513,137,276,In Stock,2026-04-24
418,1,352,126,984,In Stock,2025-09-13
418,2,464,189,817,In Stock,2026-02-19
418,3,311,172,740,In Stock,2026-04-10
418,4,786,158,1396,In Stock,2026-04-20
418,5,812,172,478,In Stock,2025-08-02
418,6,517,96,1154,In Stock,2025-11-23
418,7,392,63,494,In Stock,2025-11-08
418,8,300,81,1308,In Stock,2026-02-15
418,9,231,197,1393,In Stock,2025-12-26
418,10,65,152,1060,Low Stock,2026-04-01
419,1,237,137,631,In Stock,2025-12-05
419,2,717,87,457,In Stock,2026-03-30
419,3,980,144,1040,In Stock,2026-04-25
419,4,196,192,679,In Stock,2025-11-01
419,5,202,200,1457,In Stock,2025-08-21
419,6,873,146,1434,In Stock,2025-12-15
419,7,507,182,1211,In Stock,2026-04-28
419,8,721,140,838,In Stock,2025-11-20
419,9,938,143,1083,In Stock,2025-12-02
419,10,990,51,1259,In Stock,2026-05-11
420,1,263,50,1260,In Stock,2025-09-12
420,2,324,179,1457,In Stock,2026-03-11
420,3,286,75,672,In Stock,2026-06-27
420,4,299,154,1460,In Stock,2026-04-02
420,5,65,81,598,Low Stock,2025-08-02
420,6,288,124,1342,In Stock,2026-03-05
420,7,650,64,1434,In Stock,2025-11-21
420,8,777,162,838,In Stock,2026-04-03
420,9,185,159,1146,In Stock,2026-01-12
420,10,304,129,1039,In Stock,2026-02-28
421,1,185,114,1192,In Stock,2026-02-21
421,2,195,184,849,In Stock,2026-05-22
421,3,4,190,1396,Low Stock,2026-01-23
421,4,729,123,697,In Stock,2026-06-27
421,5,144,130,917,In Stock,2025-12-31
421,6,369,51,183,In Stock,2025-11-11
421,7,177,157,1295,In Stock,2025-10-12
421,8,610,164,1345,In Stock,2025-11-01
421,9,302,125,801,In Stock,2025-07-15
421,10,56,102,1486,Low Stock,2026-06-10
422,1,18,89,948,Low Stock,2025-10-02
422,2,330,130,738,In Stock,2025-09-01
422,3,204,74,337,In Stock,2026-03-20
422,4,190,114,997,In Stock,2025-07-30
422,5,668,137,1198,In Stock,2025-11-21
422,6,855,100,697,In Stock,2025-12-10
422,7,25,98,659,Low Stock,2025-09-26
422,8,469,165,315,In Stock,2025-09-27
422,9,757,58,269,In Stock,2026-04-14
422,10,459,185,815,In Stock,2026-05-22
423,1,724,53,1426,In Stock,2026-05-20
423,2,416,149,898,In Stock,2025-09-29
423,3,596,53,385,In Stock,2025-10-09
423,4,95,154,663,Low Stock,2025-10-12
423,5,321,78,1188,In Stock,2026-05-17
423,6,714,177,1490,In Stock,2026-05-05
423,7,996,105,477,In Stock,2025-08-23
423,8,498,120,1493,In Stock,2025-11-25
423,9,140,152,1472,Low Stock,2026-04-23
423,10,123,125,300,Low Stock,2026-04-22
424,1,387,98,1350,In Stock,2025-08-25
424,2,922,69,1497,In Stock,2026-02-02
424,3,696,138,257,In Stock,2025-10-21
424,4,381,150,1482,In Stock,2026-04-30
424,5,384,116,492,In Stock,2025-07-28
424,6,43,166,1186,Low Stock,2026-03-08
424,7,949,87,1303,In Stock,2025-11-03
424,8,784,145,913,In Stock,2025-11-04
424,9,24,57,665,Low Stock,2025-09-13
424,10,393,197,1235,In Stock,2025-07-30
425,1,962,164,914,In Stock,2025-10-06
425,2,243,73,200,In Stock,2025-07-24
425,3,216,136,344,In Stock,2026-06-01
425,4,578,118,1368,In Stock,2025-08-03
425,5,815,121,1334,In Stock,2025-11-02
425,6,223,101,680,In Stock,2025-07-16
425,7,63,108,532,Low Stock,2025-08-17
425,8,537,126,594,In Stock,2025-10-10
425,9,534,82,1306,In Stock,2026-03-19
425,10,218,125,1212,In Stock,2026-05-18
426,1,181,148,725,In Stock,2026-06-06
426,2,556,86,1487,In Stock,2026-04-21
426,3,988,104,1390,In Stock,2025-09-01
426,4,846,167,1043,In Stock,2026-03-11
426,5,20,152,254,Low Stock,2025-08-08
426,6,786,110,1342,In Stock,2025-07-15
426,7,967,115,1269,In Stock,2025-11-30
426,8,695,61,263,In Stock,2026-05-11
426,9,767,133,1275,In Stock,2026-05-18
426,10,59,167,1334,Low Stock,2026-05-17
427,1,530,196,1328,In Stock,2026-07-10
427,2,825,69,620,In Stock,2025-11-15
427,3,30,88,526,Low Stock,2026-01-06
427,4,14,142,820,Low Stock,2025-11-12
427,5,500,175,1364,In Stock,2026-05-25
427,6,684,60,464,In Stock,2026-06-20
427,7,108,69,349,In Stock,2025-12-05
427,8,240,139,997,In Stock,2025-11-07
427,9,681,86,1236,In Stock,2026-06-22
427,10,336,183,1374,In Stock,2026-03-17
428,1,706,138,1029,In Stock,2026-01-17
428,2,529,119,529,In Stock,2025-09-23
428,3,804,113,771,In Stock,2025-12-15
428,4,58,123,901,Low Stock,2026-01-02
428,5,927,173,968,In Stock,2025-08-20
428,6,807,50,960,In Stock,2026-06-24
428,7,293,70,210,In Stock,2026-03-17
428,8,409,160,816,In Stock,2026-01-21
428,9,242,189,412,In Stock,2025-08-25
428,10,453,141,786,In Stock,2026-05-12
429,1,733,86,669,In Stock,2026-06-25
429,2,807,186,588,In Stock,2026-06-26
429,3,309,178,1391,In Stock,2026-03-01
429,4,187,56,939,In Stock,2025-08-21
429,5,940,186,498,In Stock,2026-04-26
429,6,121,185,1302,Low Stock,2026-05-13
429,7,158,76,1346,In Stock,2025-12-24
429,8,612,54,1406,In Stock,2026-05-11
429,9,821,91,1166,In Stock,2026-01-01
429,10,774,122,457,In Stock,2025-08-23
430,1,592,187,333,In Stock,2025-10-21
430,2,741,136,1091,In Stock,2025-12-18
430,3,232,61,501,In Stock,2026-04-02
430,4,674,140,491,In Stock,2026-02-27
430,5,718,158,1062,In Stock,2026-07-11
430,6,87,71,489,In Stock,2026-05-30
430,7,43,191,919,Low Stock,2025-12-26
430,8,620,172,737,In Stock,2026-01-16
430,9,158,139,559,In Stock,2026-06-18
430,10,984,155,1308,In Stock,2026-06-27
431,1,28,119,1477,Low Stock,2026-06-26
431,2,961,72,1362,In Stock,2026-04-29
431,3,678,194,909,In Stock,2025-10-11
431,4,918,71,685,In Stock,2025-07-16
431,5,337,78,778,In Stock,2025-10-29
431,6,429,79,1206,In Stock,2026-02-07
431,7,591,160,387,In Stock,2026-06-06
431,8,543,111,573,In Stock,2025-07-26
431,9,928,192,392,In Stock,2025-07-11
431,10,922,192,1026,In Stock,2026-04-20
432,1,891,169,1217,In Stock,2026-04-16
432,2,766,162,747,In Stock,2025-08-13
432,3,951,97,799,In Stock,2025-09-13
432,4,990,169,452,In Stock,2025-11-18
432,5,852,167,892,In Stock,2025-08-14
432,6,566,90,1196,In Stock,2026-05-12
432,7,300,123,608,In Stock,2025-08-30
432,8,301,62,1359,In Stock,2026-04-13
432,9,904,91,345,In Stock,2025-11-13
432,10,435,163,494,In Stock,2026-02-26
433,1,846,99,914,In Stock,2025-12-27
433,2,141,120,433,In Stock,2025-10-02
433,3,88,197,303,Low Stock,2026-01-15
433,4,697,55,829,In Stock,2026-06-13
433,5,648,69,432,In Stock,2025-08-23
433,6,90,93,1095,Low Stock,2026-03-21
433,7,907,96,1184,In Stock,2026-05-25
433,8,334,55,620,In Stock,2025-09-27
433,9,99,145,572,Low Stock,2026-03-08
433,10,319,161,468,In Stock,2026-01-04
434,1,375,135,968,In Stock,2026-05-01
434,2,955,139,1282,In Stock,2026-04-07
434,3,467,125,1468,In Stock,2025-09-29
434,4,474,99,908,In Stock,2026-07-01
434,5,754,105,625,In Stock,2026-01-05
434,6,249,65,1461,In Stock,2026-04-29
434,7,825,135,753,In Stock,2026-05-09
434,8,618,95,619,In Stock,2025-09-26
434,9,252,54,963,In Stock,2026-02-01
434,10,724,138,275,In Stock,2025-10-27
435,1,603,113,293,In Stock,2026-05-07
435,2,487,165,588,In Stock,2026-06-09
435,3,15,56,800,Low Stock,2025-07-19
435,4,271,168,1229,In Stock,2026-01-07
435,5,759,105,932,In Stock,2026-03-21
435,6,674,155,764,In Stock,2026-02-08
435,7,70,170,1028,Low Stock,2025-11-09
435,8,24,57,190,Low Stock,2026-04-07
435,9,839,51,244,In Stock,2025-08-21
435,10,773,200,392,In Stock,2025-08-02
436,1,491,148,1218,In Stock,2026-05-02
436,2,503,80,284,In Stock,2026-04-20
436,3,615,140,589,In Stock,2026-02-22
436,4,467,114,1019,In Stock,2026-03-27
436,5,908,173,1132,In Stock,2026-02-24
436,6,134,145,652,Low Stock,2026-04-14
436,7,593,90,1150,In Stock,2025-08-09
436,8,643,197,1160,In Stock,2025-08-23
436,9,571,113,645,In Stock,2026-05-07
436,10,913,193,1373,In Stock,2025-11-15
437,1,726,70,884,In Stock,2026-06-08
437,2,334,178,1264,In Stock,2026-07-09
437,3,221,148,599,In Stock,2026-03-09
437,4,467,148,707,In Stock,2025-12-30
437,5,931,131,1011,In Stock,2025-12-09
437,6,514,57,497,In Stock,2026-01-23
437,7,733,135,1124,In Stock,2026-03-05
437,8,672,132,417,In Stock,2026-03-08
437,9,412,100,1111,In Stock,2026-06-07
437,10,623,121,247,In Stock,2025-12-03
438,1,507,178,639,In Stock,2025-10-05
438,2,326,101,474,In Stock,2025-12-15
438,3,481,157,1059,In Stock,2026-04-16
438,4,711,116,699,In Stock,2025-09-15
438,5,910,151,1129,In Stock,2025-10-06
438,6,73,86,1437,Low Stock,2025-09-27
438,7,905,81,1157,In Stock,2025-08-09
438,8,587,170,1021,In Stock,2025-10-02
438,9,935,160,551,In Stock,2025-11-29
438,10,837,151,761,In Stock,2025-12-16
439,1,434,64,205,In Stock,2025-10-24
439,2,696,129,614,In Stock,2025-11-08
439,3,974,98,1492,In Stock,2025-08-16
439,4,539,62,385,In Stock,2025-08-11
439,5,148,105,1223,In Stock,2025-12-29
439,6,678,196,300,In Stock,2025-10-23
439,7,756,140,1369,In Stock,2025-08-23
439,8,621,182,1248,In Stock,2026-05-05
439,9,161,124,1107,In Stock,2026-03-23
439,10,13,101,1429,Low Stock,2025-09-12
440,1,434,53,1274,In Stock,2025-10-05
440,2,627,79,481,In Stock,2026-03-09
440,3,368,191,1226,In Stock,2025-09-02
440,4,554,127,1117,In Stock,2025-09-20
440,5,690,146,728,In Stock,2026-04-14
440,6,744,191,847,In Stock,2025-09-26
440,7,990,141,643,In Stock,2026-04-22
440,8,295,179,897,In Stock,2026-03-28
440,9,899,187,313,In Stock,2026-04-25
440,10,961,162,691,In Stock,2025-08-09
441,1,907,174,646,In Stock,2025-12-13
441,2,862,75,1035,In Stock,2025-08-08
441,3,456,193,714,In Stock,2026-04-04
441,4,974,164,510,In Stock,2025-08-10
441,5,598,81,376,In Stock,2025-07-16
441,6,257,196,1259,In Stock,2026-03-04
441,7,444,101,540,In Stock,2025-12-23
441,8,516,136,987,In Stock,2026-01-22
441,9,214,159,1353,In Stock,2025-07-15
441,10,609,133,1466,In Stock,2025-09-09
442,1,436,60,162,In Stock,2025-08-08
442,2,189,163,841,In Stock,2025-12-23
442,3,209,123,1058,In Stock,2025-10-02
442,4,429,167,875,In Stock,2026-02-16
442,5,55,84,671,Low Stock,2026-03-20
442,6,528,50,324,In Stock,2026-05-03
442,7,41,189,442,Low Stock,2026-06-07
442,8,353,169,1499,In Stock,2026-01-16
442,9,180,170,1301,In Stock,2025-07-30
442,10,609,67,223,In Stock,2025-10-29
443,1,964,132,955,In Stock,2026-06-23
443,2,817,154,473,In Stock,2026-02-18
443,3,303,196,938,In Stock,2025-10-05
443,4,263,60,903,In Stock,2026-01-06
443,5,113,173,763,Low Stock,2026-01-09
443,6,262,180,725,In Stock,2026-04-23
443,7,735,139,1006,In Stock,2026-06-29
443,8,184,96,865,In Stock,2026-04-17
443,9,205,188,744,In Stock,2026-05-30
443,10,989,51,1367,In Stock,2026-01-04
444,1,484,140,1032,In Stock,2025-11-19
444,2,588,64,1082,In Stock,2026-02-26
444,3,104,126,1403,Low Stock,2025-09-22
444,4,434,141,1298,In Stock,2026-02-03
444,5,81,80,564,In Stock,2025-09-27
444,6,605,166,669,In Stock,2026-01-11
444,7,324,71,596,In Stock,2026-01-11
444,8,656,136,648,In Stock,2025-07-24
444,9,703,125,1020,In Stock,2025-10-05
444,10,391,53,227,In Stock,2025-12-27
445,1,344,174,571,In Stock,2026-03-14
445,2,92,129,949,Low Stock,2025-10-22
445,3,970,133,462,In Stock,2026-04-10
445,4,809,89,232,In Stock,2026-01-31
445,5,971,51,151,In Stock,2026-01-09
445,6,634,110,1133,In Stock,2025-10-10
445,7,116,128,588,Low Stock,2025-11-04
445,8,507,126,1351,In Stock,2025-11-11
445,9,576,170,736,In Stock,2025-09-13
445,10,397,136,573,In Stock,2026-04-05
446,1,144,163,962,Low Stock,2026-05-18
446,2,102,93,1034,In Stock,2025-08-30
446,3,76,108,972,Low Stock,2025-08-11
446,4,112,128,1015,Low Stock,2026-06-28
446,5,628,166,519,In Stock,2025-09-26
446,6,174,194,640,Low Stock,2025-10-06
446,7,485,168,1246,In Stock,2026-05-28
446,8,244,52,480,In Stock,2026-03-28
446,9,984,163,509,In Stock,2026-01-31
446,10,658,113,765,In Stock,2025-12-19
447,1,258,124,1331,In Stock,2025-08-26
447,2,825,137,449,In Stock,2025-10-04
447,3,737,169,1217,In Stock,2025-08-20
447,4,990,178,300,In Stock,2026-04-19
447,5,564,143,1232,In Stock,2025-07-13
447,6,810,186,718,In Stock,2026-06-16
447,7,511,144,1028,In Stock,2025-08-12
447,8,877,148,1303,In Stock,2025-08-31
447,9,901,149,1309,In Stock,2026-06-03
447,10,507,54,169,In Stock,2026-03-16
448,1,979,165,408,In Stock,2025-09-10
448,2,763,81,561,In Stock,2025-07-16
448,3,849,129,1362,In Stock,2025-10-17
448,4,847,60,1046,In Stock,2026-06-12
448,5,702,171,1417,In Stock,2025-11-12
448,6,930,191,1289,In Stock,2026-02-22
448,7,200,85,1281,In Stock,2026-01-16
448,8,782,181,525,In Stock,2025-11-13
448,9,768,135,568,In Stock,2025-10-10
448,10,583,114,737,In Stock,2026-01-21
449,1,230,196,1072,In Stock,2026-07-02
449,2,446,57,206,In Stock,2025-07-29
449,3,620,157,945,In Stock,2026-02-17
449,4,438,93,1292,In Stock,2026-01-18
449,5,683,124,1280,In Stock,2026-01-02
449,6,710,140,786,In Stock,2026-06-20
449,7,773,115,1304,In Stock,2026-06-30
449,8,215,144,895,In Stock,2026-02-27
449,9,375,140,1340,In Stock,2025-11-12
449,10,81,123,672,Low Stock,2025-12-14
450,1,803,147,1169,In Stock,2025-11-01
450,2,46,71,590,Low Stock,2025-10-25
450,3,465,143,1194,In Stock,2026-03-30
450,4,285,161,1164,In Stock,2025-10-13
450,5,452,178,1049,In Stock,2025-07-20
450,6,147,149,563,Low Stock,2026-06-14
450,7,855,191,453,In Stock,2026-07-02
450,8,376,111,1390,In Stock,2025-10-11
450,9,825,97,625,In Stock,2025-10-28
450,10,124,51,1496,In Stock,2026-02-23
451,1,831,174,1182,In Stock,2026-04-05
451,2,455,153,275,In Stock,2026-01-05
451,3,551,85,1243,In Stock,2026-04-21
451,4,640,79,859,In Stock,2025-07-11
451,5,726,121,1444,In Stock,2025-11-10
451,6,247,100,968,In Stock,2025-09-08
451,7,747,89,274,In Stock,2025-09-03
451,8,238,130,402,In Stock,2026-02-15
451,9,38,164,729,Low Stock,2026-04-17
451,10,141,67,724,In Stock,2025-07-11
452,1,55,147,257,Low Stock,2025-12-23
452,2,348,61,940,In Stock,2025-12-17
452,3,186,180,376,In Stock,2026-04-25
452,4,988,152,531,In Stock,2026-07-02
452,5,355,167,571,In Stock,2026-07-03
452,6,852,112,913,In Stock,2025-09-30
452,7,158,123,872,In Stock,2025-12-22
452,8,223,52,1134,In Stock,2025-11-14
452,9,395,162,1158,In Stock,2025-08-16
452,10,536,58,564,In Stock,2025-09-19
453,1,995,198,528,In Stock,2026-05-09
453,2,863,97,652,In Stock,2025-12-16
453,3,251,163,1403,In Stock,2025-08-12
453,4,80,127,1104,Low Stock,2025-08-27
453,5,885,196,466,In Stock,2025-12-13
453,6,395,60,1003,In Stock,2025-11-17
453,7,507,96,548,In Stock,2026-02-09
453,8,602,60,378,In Stock,2026-01-12
453,9,173,94,908,In Stock,2025-12-06
453,10,19,64,1416,Low Stock,2025-11-20
454,1,868,133,397,In Stock,2026-02-21
454,2,213,175,1394,In Stock,2026-01-29
454,3,355,166,806,In Stock,2026-04-24
454,4,153,84,913,In Stock,2025-08-05
454,5,823,64,326,In Stock,2026-03-15
454,6,602,91,787,In Stock,2025-12-06
454,7,629,157,797,In Stock,2025-11-13
454,8,321,153,1122,In Stock,2025-10-04
454,9,279,65,877,In Stock,2025-07-17
454,10,710,80,1421,In Stock,2025-10-17
455,1,189,135,554,In Stock,2026-05-21
455,2,571,98,894,In Stock,2026-06-19
455,3,1000,85,1394,In Stock,2026-04-18
455,4,88,134,376,Low Stock,2025-11-22
455,5,393,66,1308,In Stock,2025-12-27
455,6,610,120,407,In Stock,2025-10-29
455,7,533,74,687,In Stock,2026-05-07
455,8,515,146,1167,In Stock,2025-12-18
455,9,105,107,738,Low Stock,2026-07-09
455,10,851,158,760,In Stock,2026-05-03
456,1,141,175,695,Low Stock,2026-07-05
456,2,484,151,564,In Stock,2025-10-23
456,3,362,101,267,In Stock,2025-11-27
456,4,602,158,1073,In Stock,2026-03-15
456,5,946,119,587,In Stock,2025-08-05
456,6,332,86,225,In Stock,2026-02-08
456,7,717,171,295,In Stock,2026-04-21
456,8,857,152,1340,In Stock,2026-02-24
456,9,139,144,650,Low Stock,2025-08-13
456,10,205,147,533,In Stock,2026-05-10
457,1,842,98,1090,In Stock,2025-12-22
457,2,596,191,567,In Stock,2026-02-03
457,3,169,99,677,In Stock,2025-07-15
457,4,352,148,1188,In Stock,2025-11-25
457,5,111,97,299,In Stock,2026-01-10
457,6,767,130,312,In Stock,2026-03-05
457,7,572,159,700,In Stock,2025-09-02
457,8,358,194,1121,In Stock,2026-02-16
457,9,709,123,550,In Stock,2026-06-09
457,10,935,180,1345,In Stock,2025-10-05
458,1,535,156,373,In Stock,2026-03-31
458,2,13,199,1250,Low Stock,2025-10-25
458,3,373,143,808,In Stock,2025-12-29
458,4,390,138,328,In Stock,2026-05-27
458,5,271,124,650,In Stock,2025-11-19
458,6,438,176,1096,In Stock,2025-12-18
458,7,85,146,464,Low Stock,2026-05-28
458,8,614,144,1420,In Stock,2025-11-30
458,9,540,147,1142,In Stock,2026-01-13
458,10,742,165,1325,In Stock,2025-11-16
459,1,824,53,796,In Stock,2025-11-26
459,2,41,182,283,Low Stock,2025-08-25
459,3,964,181,1115,In Stock,2025-11-02
459,4,216,68,1246,In Stock,2025-09-26
459,5,410,155,1137,In Stock,2026-01-03
459,6,52,132,502,Low Stock,2026-03-11
459,7,248,110,801,In Stock,2025-12-30
459,8,883,66,315,In Stock,2025-12-24
459,9,229,65,180,In Stock,2026-06-01
459,10,888,188,1279,In Stock,2025-11-23
460,1,653,174,454,In Stock,2026-04-17
460,2,956,125,245,In Stock,2026-02-09
460,3,387,157,1306,In Stock,2026-01-31
460,4,886,143,677,In Stock,2025-07-12
460,5,337,196,1326,In Stock,2025-07-14
460,6,149,70,267,In Stock,2026-05-29
460,7,928,114,367,In Stock,2025-11-22
460,8,67,137,730,Low Stock,2026-06-27
460,9,306,184,1446,In Stock,2026-01-12
460,10,624,71,945,In Stock,2025-07-14
461,1,739,93,1352,In Stock,2025-09-15
461,2,376,179,938,In Stock,2025-12-12
461,3,472,51,631,In Stock,2025-08-22
461,4,197,142,1138,In Stock,2026-01-09
461,5,318,67,1433,In Stock,2025-10-26
461,6,542,200,1209,In Stock,2026-06-10
461,7,663,125,1015,In Stock,2026-07-07
461,8,529,87,770,In Stock,2025-09-18
461,9,531,75,1380,In Stock,2026-04-20
461,10,963,118,475,In Stock,2026-04-26
462,1,755,154,400,In Stock,2026-07-09
462,2,190,113,1338,In Stock,2026-01-01
462,3,884,116,1066,In Stock,2025-08-30
462,4,213,59,552,In Stock,2025-12-18
462,5,613,86,728,In Stock,2025-10-18
462,6,999,55,274,In Stock,2026-01-24
462,7,855,124,445,In Stock,2026-06-25
462,8,228,138,408,In Stock,2025-09-28
462,9,850,190,1284,In Stock,2025-12-16
462,10,668,168,906,In Stock,2025-07-12
463,1,254,141,1432,In Stock,2025-10-29
463,2,699,60,585,In Stock,2026-04-19
463,3,573,62,686,In Stock,2026-07-02
463,4,957,65,1284,In Stock,2026-01-23
463,5,144,83,209,In Stock,2026-04-02
463,6,930,129,1367,In Stock,2025-10-19
463,7,665,160,752,In Stock,2026-03-09
463,8,541,154,1398,In Stock,2025-09-17
463,9,970,79,421,In Stock,2026-07-11
463,10,331,137,400,In Stock,2025-11-18
464,1,4,118,1465,Low Stock,2026-03-08
464,2,267,91,1000,In Stock,2025-09-12
464,3,371,66,1436,In Stock,2026-01-24
464,4,868,103,741,In Stock,2026-01-13
464,5,454,82,593,In Stock,2026-05-28
464,6,44,184,701,Low Stock,2026-05-14
464,7,970,72,1228,In Stock,2025-12-20
464,8,53,52,480,In Stock,2026-01-14
464,9,8,131,745,Low Stock,2025-10-02
464,10,637,90,1429,In Stock,2025-12-05
465,1,178,186,413,Low Stock,2026-05-23
465,2,415,116,246,In Stock,2025-09-18
465,3,556,115,297,In Stock,2026-04-11
465,4,893,128,1021,In Stock,2026-06-01
465,5,99,149,1406,Low Stock,2025-08-04
465,6,718,128,1348,In Stock,2026-02-16
465,7,690,73,734,In Stock,2026-05-06
465,8,17,54,680,Low Stock,2026-01-02
465,9,346,199,350,In Stock,2026-06-24
465,10,256,161,1428,In Stock,2026-04-11
466,1,154,124,1412,In Stock,2026-05-16
466,2,396,157,302,In Stock,2026-02-04
466,3,627,71,445,In Stock,2025-07-15
466,4,467,116,1334,In Stock,2025-08-30
466,5,851,84,451,In Stock,2025-12-03
466,6,745,192,866,In Stock,2026-02-07
466,7,946,181,1437,In Stock,2025-11-30
466,8,771,190,567,In Stock,2025-09-02
466,9,908,129,800,In Stock,2026-01-29
466,10,765,155,1198,In Stock,2025-08-26
467,1,134,160,940,Low Stock,2026-06-12
467,2,640,99,815,In Stock,2026-04-06
467,3,537,118,919,In Stock,2025-10-16
467,4,598,100,256,In Stock,2026-07-02
467,5,520,148,701,In Stock,2025-08-31
467,6,947,165,1093,In Stock,2026-02-06
467,7,329,191,577,In Stock,2025-10-04
467,8,158,160,673,Low Stock,2026-04-02
467,9,717,88,1457,In Stock,2026-06-21
467,10,752,120,1232,In Stock,2026-06-23
468,1,295,58,1434,In Stock,2025-12-14
468,2,133,169,556,Low Stock,2026-02-21
468,3,34,92,783,Low Stock,2026-01-06
468,4,836,190,738,In Stock,2025-08-25
468,5,843,143,255,In Stock,2026-06-04
468,6,564,146,1342,In Stock,2026-02-26
468,7,272,87,541,In Stock,2025-11-29
468,8,61,187,406,Low Stock,2025-09-11
468,9,677,180,693,In Stock,2026-03-21
468,10,472,65,1401,In Stock,2026-02-26
469,1,730,71,426,In Stock,2026-02-03
469,2,443,112,1376,In Stock,2026-05-21
469,3,340,166,783,In Stock,2025-11-01
469,4,976,70,633,In Stock,2025-10-12
469,5,36,194,1233,Low Stock,2026-06-10
469,6,713,115,691,In Stock,2025-10-21
469,7,546,115,700,In Stock,2026-06-03
469,8,997,51,1491,In Stock,2026-03-01
469,9,365,132,1300,In Stock,2026-03-06
469,10,656,156,813,In Stock,2025-11-22
470,1,818,52,741,In Stock,2026-06-23
470,2,183,127,239,In Stock,2025-07-28
470,3,645,190,611,In Stock,2026-04-26
470,4,822,79,305,In Stock,2025-09-21
470,5,177,142,1458,In Stock,2025-08-28
470,6,993,179,459,In Stock,2025-12-15
470,7,401,77,916,In Stock,2026-05-09
470,8,76,68,1407,In Stock,2025-08-27
470,9,325,159,1216,In Stock,2025-11-21
470,10,430,90,1257,In Stock,2026-06-13
471,1,545,199,1398,In Stock,2025-07-17
471,2,272,128,1219,In Stock,2025-10-18
471,3,695,196,1021,In Stock,2026-07-04
471,4,600,112,518,In Stock,2025-11-29
471,5,443,99,603,In Stock,2025-11-17
471,6,558,181,1291,In Stock,2025-08-18
471,7,608,186,733,In Stock,2025-07-21
471,8,717,75,1218,In Stock,2025-07-15
471,9,223,163,1305,In Stock,2025-07-15
471,10,523,137,1476,In Stock,2026-05-27
472,1,710,180,543,In Stock,2026-05-11
472,2,997,62,1368,In Stock,2026-05-26
472,3,521,187,812,In Stock,2026-01-19
472,4,541,168,1012,In Stock,2026-02-24
472,5,426,163,539,In Stock,2026-01-14
472,6,990,195,1453,In Stock,2026-01-18
472,7,877,109,1130,In Stock,2025-12-25
472,8,246,150,1263,In Stock,2026-06-19
472,9,278,154,393,In Stock,2026-05-02
472,10,421,198,1274,In Stock,2026-05-05
473,1,652,158,282,In Stock,2026-03-18
473,2,869,61,187,In Stock,2026-04-21
473,3,578,75,449,In Stock,2025-09-23
473,4,488,177,391,In Stock,2026-05-22
473,5,783,102,343,In Stock,2025-09-24
473,6,148,85,609,In Stock,2026-04-17
473,7,418,111,826,In Stock,2025-11-16
473,8,257,137,1407,In Stock,2026-04-16
473,9,758,193,1225,In Stock,2025-07-17
473,10,882,130,1270,In Stock,2025-11-24
474,1,316,64,1207,In Stock,2025-12-20
474,2,809,69,455,In Stock,2026-05-14
474,3,635,191,330,In Stock,2026-01-24
474,4,581,121,1294,In Stock,2026-01-02
474,5,504,121,331,In Stock,2025-08-26
474,6,465,116,1175,In Stock,2025-11-09
474,7,52,134,1261,Low Stock,2026-06-25
474,8,345,133,1375,In Stock,2026-06-19
474,9,902,80,1136,In Stock,2026-05-07
474,10,674,75,1290,In Stock,2026-02-03
475,1,32,179,361,Low Stock,2025-10-24
475,2,894,67,1209,In Stock,2025-12-01
475,3,287,161,947,In Stock,2026-07-05
475,4,977,151,343,In Stock,2025-09-09
475,5,471,192,382,In Stock,2025-09-01
475,6,390,119,540,In Stock,2025-08-25
475,7,972,110,1189,In Stock,2025-07-21
475,8,110,182,1230,Low Stock,2025-07-31
475,9,165,78,705,In Stock,2025-12-03
475,10,261,58,1320,In Stock,2026-03-01
476,1,856,173,377,In Stock,2025-11-22
476,2,887,92,1138,In Stock,2026-04-07
476,3,981,180,712,In Stock,2026-05-23
476,4,831,126,1443,In Stock,2025-07-13
476,5,115,177,553,Low Stock,2026-03-03
476,6,457,192,1065,In Stock,2025-09-09
476,7,537,148,751,In Stock,2025-08-18
476,8,191,84,1485,In Stock,2025-08-21
476,9,589,86,478,In Stock,2025-07-28
476,10,657,157,1320,In Stock,2026-05-25
477,1,950,173,1347,In Stock,2025-10-21
477,2,345,173,1382,In Stock,2025-08-15
477,3,135,92,1201,In Stock,2025-09-08
477,4,690,57,941,In Stock,2025-09-24
477,5,666,82,558,In Stock,2026-05-04
477,6,471,120,239,In Stock,2026-02-26
477,7,188,135,408,In Stock,2025-12-15
477,8,534,142,463,In Stock,2026-04-15
477,9,331,137,893,In Stock,2026-04-02
477,10,885,102,893,In Stock,2025-11-13
478,1,715,197,1358,In Stock,2026-03-12
478,2,25,147,443,Low Stock,2025-08-14
478,3,300,60,162,In Stock,2026-02-21
478,4,854,59,681,In Stock,2026-01-28
478,5,185,195,1279,Low Stock,2025-11-18
478,6,15,108,1092,Low Stock,2026-05-23
478,7,498,160,361,In Stock,2026-04-15
478,8,531,84,890,In Stock,2025-11-26
478,9,219,155,284,In Stock,2026-02-17
478,10,142,162,1473,Low Stock,2025-09-13
479,1,735,128,845,In Stock,2025-12-11
479,2,899,117,327,In Stock,2025-12-26
479,3,38,183,1195,Low Stock,2025-10-11
479,4,820,138,1439,In Stock,2025-08-20
479,5,237,73,306,In Stock,2025-11-12
479,6,101,52,934,In Stock,2025-09-24
479,7,991,58,587,In Stock,2026-05-18
479,8,429,144,507,In Stock,2025-11-09
479,9,4,87,556,Low Stock,2025-12-18
479,10,81,83,1023,Low Stock,2026-05-24
480,1,370,86,890,In Stock,2025-12-23
480,2,513,152,1407,In Stock,2025-09-22
480,3,304,98,760,In Stock,2025-07-22
480,4,641,164,1371,In Stock,2025-07-21
480,5,599,144,511,In Stock,2025-11-29
480,6,10,153,725,Low Stock,2026-06-03
480,7,721,89,525,In Stock,2026-01-09
480,8,888,133,670,In Stock,2025-10-26
480,9,209,191,728,In Stock,2025-08-12
480,10,643,170,1159,In Stock,2026-05-03
481,1,553,64,1414,In Stock,2025-08-06
481,2,941,187,420,In Stock,2026-03-13
481,3,286,69,800,In Stock,2025-11-14
481,4,566,161,1106,In Stock,2025-12-06
481,5,834,51,1210,In Stock,2026-03-20
481,6,869,78,1013,In Stock,2025-10-05
481,7,482,51,564,In Stock,2025-08-17
481,8,511,184,477,In Stock,2025-07-22
481,9,625,84,217,In Stock,2026-04-07
481,10,906,152,1120,In Stock,2026-04-01
482,1,278,69,705,In Stock,2025-11-25
482,2,931,187,451,In Stock,2025-07-23
482,3,227,102,1449,In Stock,2025-09-20
482,4,57,169,1442,Low Stock,2025-09-26
482,5,90,85,590,In Stock,2026-01-14
482,6,698,56,1109,In Stock,2026-06-05
482,7,805,77,586,In Stock,2025-12-28
482,8,673,198,1418,In Stock,2025-10-29
482,9,542,105,775,In Stock,2025-11-29
482,10,522,72,896,In Stock,2026-06-18
483,1,627,176,1359,In Stock,2025-07-30
483,2,696,136,942,In Stock,2025-12-25
483,3,386,107,343,In Stock,2026-06-26
483,4,526,171,333,In Stock,2025-08-07
483,5,807,88,693,In Stock,2026-06-16
483,6,706,130,453,In Stock,2025-08-08
483,7,689,140,1180,In Stock,2026-05-05
483,8,20,196,1357,Low Stock,2025-08-20
483,9,210,100,413,In Stock,2025-12-08
483,10,52,99,1210,Low Stock,2026-04-27
484,1,162,115,829,In Stock,2025-09-30
484,2,758,175,485,In Stock,2026-02-10
484,3,777,76,1343,In Stock,2025-12-01
484,4,787,83,1366,In Stock,2025-10-03
484,5,817,144,539,In Stock,2025-11-21
484,6,390,99,982,In Stock,2025-12-28
484,7,104,100,570,In Stock,2026-07-03
484,8,237,176,679,In Stock,2026-05-15
484,9,876,142,648,In Stock,2026-04-27
484,10,813,99,889,In Stock,2026-06-21
485,1,558,134,934,In Stock,2026-01-04
485,2,821,141,1282,In Stock,2026-06-18
485,3,493,89,1349,In Stock,2026-04-11
485,4,987,193,1078,In Stock,2026-02-01
485,5,726,111,510,In Stock,2025-08-08
485,6,192,139,411,In Stock,2026-03-03
485,7,927,148,1136,In Stock,2025-12-17
485,8,81,174,336,Low Stock,2025-08-18
485,9,494,200,927,In Stock,2025-09-10
485,10,82,67,624,In Stock,2026-05-20
486,1,613,110,529,In Stock,2025-08-28
486,2,953,177,824,In Stock,2025-10-28
486,3,313,52,817,In Stock,2026-03-31
486,4,666,194,788,In Stock,2026-05-04
486,5,28,74,905,Low Stock,2026-01-03
486,6,152,80,941,In Stock,2025-12-04
486,7,234,105,884,In Stock,2025-07-24
486,8,46,90,284,Low Stock,2025-08-17
486,9,335,116,1192,In Stock,2025-10-21
486,10,741,75,1414,In Stock,2025-08-20
487,1,320,100,1060,In Stock,2026-05-24
487,2,403,55,724,In Stock,2025-08-10
487,3,277,182,523,In Stock,2026-05-17
487,4,284,114,1122,In Stock,2025-12-02
487,5,92,99,1212,Low Stock,2025-08-16
487,6,793,117,870,In Stock,2026-05-21
487,7,515,106,309,In Stock,2025-08-26
487,8,95,123,1132,Low Stock,2026-07-09
487,9,190,140,1096,In Stock,2026-03-11
487,10,32,104,728,Low Stock,2026-04-14
488,1,900,77,543,In Stock,2025-08-09
488,2,919,56,490,In Stock,2026-03-04
488,3,534,62,1362,In Stock,2025-10-20
488,4,96,183,678,Low Stock,2025-07-25
488,5,601,51,458,In Stock,2025-10-09
488,6,663,114,885,In Stock,2025-09-09
488,7,147,101,1121,In Stock,2026-06-29
488,8,702,182,346,In Stock,2025-10-08
488,9,354,53,440,In Stock,2026-03-06
488,10,942,117,507,In Stock,2025-09-24
489,1,139,105,1313,In Stock,2025-12-08
489,2,254,64,383,In Stock,2026-05-14
489,3,449,67,1336,In Stock,2025-11-22
489,4,10,117,571,Low Stock,2025-11-19
489,5,419,186,1179,In Stock,2026-04-13
489,6,500,93,567,In Stock,2025-07-24
489,7,425,93,1195,In Stock,2025-11-30
489,8,448,128,950,In Stock,2026-03-20
489,9,555,155,690,In Stock,2025-08-13
489,10,72,166,1360,Low Stock,2025-10-07
490,1,53,68,881,Low Stock,2026-05-12
490,2,916,129,605,In Stock,2026-03-29
490,3,852,72,793,In Stock,2025-10-12
490,4,789,97,235,In Stock,2026-03-24
490,5,930,113,523,In Stock,2025-07-18
490,6,918,129,1123,In Stock,2025-11-02
490,7,738,121,383,In Stock,2026-04-23
490,8,419,65,717,In Stock,2025-08-03
490,9,658,157,1407,In Stock,2025-12-07
490,10,736,115,719,In Stock,2025-08-21
491,1,235,59,1494,In Stock,2026-03-05
491,2,966,109,1142,In Stock,2025-11-20
491,3,145,154,471,Low Stock,2026-04-08
491,4,285,85,1406,In Stock,2025-12-01
491,5,847,90,613,In Stock,2026-04-11
491,6,6,104,1025,Low Stock,2025-10-19
491,7,73,107,652,Low Stock,2025-11-22
491,8,703,129,574,In Stock,2026-07-10
491,9,225,91,1107,In Stock,2025-08-20
491,10,845,68,897,In Stock,2025-10-30
492,1,71,134,494,Low Stock,2025-09-03
492,2,870,154,362,In Stock,2026-03-12
492,3,356,84,782,In Stock,2026-06-27
492,4,295,62,1205,In Stock,2026-04-18
492,5,30,149,753,Low Stock,2026-02-18
492,6,911,88,539,In Stock,2026-06-13
492,7,117,105,583,In Stock,2025-09-11
492,8,645,122,229,In Stock,2026-05-22
492,9,919,151,680,In Stock,2025-08-13
492,10,778,176,1388,In Stock,2025-12-04
493,1,917,132,569,In Stock,2025-09-27
493,2,331,57,497,In Stock,2025-12-30
493,3,696,182,1012,In Stock,2025-12-25
493,4,292,177,303,In Stock,2026-05-27
493,5,769,62,396,In Stock,2026-01-08
493,6,473,112,1069,In Stock,2026-01-29
493,7,472,136,598,In Stock,2026-06-27
493,8,567,154,482,In Stock,2026-01-16
493,9,622,151,756,In Stock,2026-01-06
493,10,645,168,658,In Stock,2026-01-08
494,1,487,63,691,In Stock,2026-01-15
494,2,216,113,1261,In Stock,2025-10-20
494,3,196,157,1449,In Stock,2025-12-15
494,4,522,193,850,In Stock,2025-07-20
494,5,186,89,529,In Stock,2026-02-02
494,6,443,83,1460,In Stock,2026-05-20
494,7,442,177,298,In Stock,2025-11-29
494,8,946,93,591,In Stock,2026-03-20
494,9,558,93,870,In Stock,2026-01-14
494,10,15,121,1083,Low Stock,2026-03-01
495,1,242,98,380,In Stock,2026-05-14
495,2,230,175,786,In Stock,2026-01-15
495,3,196,52,762,In Stock,2025-10-04
495,4,738,110,524,In Stock,2025-09-01
495,5,443,115,951,In Stock,2025-09-06
495,6,997,66,954,In Stock,2026-05-06
495,7,868,101,571,In Stock,2026-05-10
495,8,617,121,1029,In Stock,2025-11-01
495,9,4,54,1194,Low Stock,2026-06-12
495,10,721,129,816,In Stock,2025-10-05
496,1,651,62,1096,In Stock,2025-10-13
496,2,710,122,715,In Stock,2026-05-31
496,3,163,85,595,In Stock,2026-03-18
496,4,985,142,1176,In Stock,2025-12-08
496,5,289,57,1012,In Stock,2026-01-07
496,6,213,111,609,In Stock,2026-02-02
496,7,99,101,242,Low Stock,2025-11-16
496,8,387,54,619,In Stock,2026-05-31
496,9,169,192,1385,Low Stock,2026-02-25
496,10,225,160,270,In Stock,2025-12-30
497,1,900,145,1229,In Stock,2026-03-01
497,2,558,99,1467,In Stock,2026-04-19
497,3,131,84,1447,In Stock,2026-04-25
497,4,760,138,1169,In Stock,2025-10-05
497,5,137,161,998,Low Stock,2025-08-12
497,6,167,98,232,In Stock,2025-10-25
497,7,251,177,1274,In Stock,2026-01-10
497,8,74,98,1079,Low Stock,2026-01-21
497,9,19,131,943,Low Stock,2026-05-11
497,10,875,193,936,In Stock,2025-07-31
498,1,458,181,295,In Stock,2025-10-16
498,2,660,163,320,In Stock,2025-11-12
498,3,987,156,713,In Stock,2025-12-06
498,4,648,79,654,In Stock,2026-01-11
498,5,445,108,745,In Stock,2026-01-02
498,6,507,61,609,In Stock,2025-08-03
498,7,493,61,194,In Stock,2026-03-20
498,8,866,168,1040,In Stock,2025-08-25
498,9,542,51,1322,In Stock,2026-04-27
498,10,553,102,903,In Stock,2025-09-07
499,1,916,67,1196,In Stock,2026-06-12
499,2,447,149,705,In Stock,2026-01-20
499,3,193,176,866,In Stock,2026-03-10
499,4,964,66,411,In Stock,2026-01-20
499,5,868,50,893,In Stock,2026-01-15
499,6,70,82,1367,Low Stock,2025-10-31
499,7,441,104,1081,In Stock,2026-06-09
499,8,963,85,281,In Stock,2025-10-03
499,9,869,143,1370,In Stock,2026-05-14
499,10,740,92,1059,In Stock,2026-03-05
500,1,995,149,707,In Stock,2025-09-27
500,2,831,80,1026,In Stock,2025-11-18
500,3,309,169,1465,In Stock,2026-01-18
500,4,159,195,1275,Low Stock,2026-06-14
500,5,147,85,221,In Stock,2025-11-14
500,6,388,99,726,In Stock,2026-07-06
500,7,574,80,314,In Stock,2025-09-20
500,8,785,165,658,In Stock,2025-11-05
500,9,474,91,821,In Stock,2025-11-01
500,10,627,121,690,In Stock,2025-12-10
