Customer_ID,Membership_Level,Reward_Points,Join_Date,Expiry_Date,Status
1,Silver,46953,2023-05-22,2024-05-21,Active
2,Bronze,269,2023-05-04,2024-05-03,Active
3,Gold,13591,2026-04-10,2027-04-10,Active
4,Bronze,28221,2022-04-12,2023-04-12,Active
5,Bronze,38087,2023-11-06,2024-11-05,Active
6,Bronze,5692,2025-11-06,2026-11-06,Active
7,Bronze,12892,2026-01-17,2027-01-17,Active
8,Silver,8069,2023-11-12,2024-11-11,Active
9,Bronze,19821,2024-10-11,2025-10-11,Inactive
10,Bronze,34665,2025-07-14,2026-07-14,Active
11,Bronze,43532,2023-04-07,2024-04-06,Active
12,Bronze,41857,2022-07-27,2023-07-27,Inactive
13,Bronze,41352,2024-12-31,2025-12-31,Active
14,Silver,38135,2025-12-12,2026-12-12,Active
15,Gold,43800,2023-08-19,2024-08-18,Active
16,Bronze,36989,2024-07-05,2025-07-05,Active
17,Silver,28119,2026-05-02,2027-05-02,Active
18,Bronze,32149,2026-03-27,2027-03-27,Active
19,Silver,15791,2022-02-15,2023-02-15,Active
20,Bronze,15133,2023-03-16,2024-03-15,Active
21,Gold,23754,2022-12-23,2023-12-23,Active
22,Bronze,45987,2025-12-18,2026-12-18,Active
23,Bronze,28070,2021-08-07,2022-08-07,Active
24,Gold,23870,2025-08-15,2026-08-15,Active
25,Bronze,18260,2021-08-02,2022-08-02,Inactive
26,Silver,30332,2024-07-29,2025-07-29,Active
27,Gold,16890,2023-09-13,2024-09-12,Active
28,Bronze,14599,2022-12-08,2023-12-08,Active
29,Gold,27456,2022-02-06,2023-02-06,Active
30,Bronze,36514,2024-05-10,2025-05-10,Active
31,Silver,39573,2022-08-07,2023-08-07,Active
32,Silver,37343,2023-10-30,2024-10-29,Active
33,Silver,26371,2025-11-19,2026-11-19,Active
34,Bronze,39748,2021-11-04,2022-11-04,Active
35,Bronze,8951,2022-05-06,2023-05-06,Active
36,Silver,22975,2025-10-12,2026-10-12,Active
37,Bronze,33436,2022-09-28,2023-09-28,Active
38,Bronze,40415,2023-09-13,2024-09-12,Active
39,Bronze,35580,2023-11-23,2024-11-22,Active
40,Bronze,17032,2023-02-25,2024-02-25,Active
41,Bronze,35224,2026-01-30,2027-01-30,Active
42,Bronze,31245,2024-08-17,2025-08-17,Active
43,Bronze,6536,2022-10-08,2023-10-08,Active
44,Bronze,1762,2025-08-31,2026-08-31,Active
45,Gold,3169,2025-03-03,2026-03-03,Active
46,Bronze,5978,2026-06-21,2027-06-21,Active
47,Platinum,41459,2026-03-21,2027-03-21,Active
48,Bronze,33751,2023-04-21,2024-04-20,Active
49,Bronze,13567,2024-07-25,2025-07-25,Active
50,Bronze,48364,2022-01-11,2023-01-11,Active
51,Gold,426,2022-09-12,2023-09-12,Active
52,Silver,4374,2022-09-04,2023-09-04,Active
53,Gold,43393,2022-03-01,2023-03-01,Inactive
54,Silver,2892,2025-03-28,2026-03-28,Active
55,Silver,18091,2025-08-16,2026-08-16,Active
56,Silver,5485,2026-04-28,2027-04-28,Active
57,Gold,38737,2023-11-24,2024-11-23,Active
58,Silver,3586,2022-12-31,2023-12-31,Inactive
59,Silver,9281,2026-04-25,2027-04-25,Active
60,Bronze,37022,2025-08-04,2026-08-04,Active
61,Bronze,348,2026-03-22,2027-03-22,Active
62,Silver,27924,2024-07-20,2025-07-20,Inactive
63,Gold,948,2026-03-11,2027-03-11,Active
64,Bronze,12411,2022-12-01,2023-12-01,Active
65,Bronze,26907,2026-05-30,2027-05-30,Active
66,Silver,41932,2024-01-31,2025-01-30,Active
67,Silver,37030,2025-11-03,2026-11-03,Active
68,Bronze,31100,2024-12-24,2025-12-24,Active
69,Gold,46806,2022-03-26,2023-03-26,Active
70,Bronze,38543,2023-08-29,2024-08-28,Active
71,Bronze,17379,2021-08-24,2022-08-24,Active
72,Bronze,45097,2024-09-24,2025-09-24,Active
73,Bronze,26810,2023-10-23,2024-10-22,Active
74,Silver,44153,2024-06-01,2025-06-01,Inactive
75,Bronze,23156,2026-06-30,2027-06-30,Active
76,Platinum,19194,2024-05-31,2025-05-31,Active
77,Bronze,25420,2021-12-04,2022-12-04,Active
78,Silver,31676,2022-06-04,2023-06-04,Active
79,Bronze,48516,2025-11-05,2026-11-05,Active
80,Gold,48457,2025-07-12,2026-07-12,Active
81,Silver,37910,2025-04-14,2026-04-14,Active
82,Bronze,25809,2023-11-22,2024-11-21,Active
83,Gold,29598,2025-04-12,2026-04-12,Active
84,Bronze,27741,2024-03-18,2025-03-18,Active
85,Silver,3003,2025-04-04,2026-04-04,Active
86,Silver,5695,2025-01-18,2026-01-18,Active
87,Gold,38331,2025-08-10,2026-08-10,Active
88,Bronze,31326,2025-02-18,2026-02-18,Active
89,Silver,15038,2022-08-09,2023-08-09,Active
90,Bronze,14809,2026-05-27,2027-05-27,Active
91,Bronze,4704,2023-05-12,2024-05-11,Active
92,Platinum,37258,2024-06-29,2025-06-29,Active
93,Gold,13950,2022-09-22,2023-09-22,Active
94,Bronze,12292,2024-02-14,2025-02-13,Active
95,Bronze,36843,2023-11-30,2024-11-29,Active
96,Silver,34121,2021-08-23,2022-08-23,Active
97,Gold,2547,2022-02-13,2023-02-13,Active
98,Gold,4290,2024-03-05,2025-03-05,Active
99,Silver,48045,2026-06-01,2027-06-01,Active
100,Silver,578,2022-03-08,2023-03-08,Active
101,Bronze,721,2025-06-02,2026-06-02,Active
102,Bronze,32783,2023-02-25,2024-02-25,Active
103,Bronze,7230,2025-11-16,2026-11-16,Active
104,Platinum,12390,2024-05-17,2025-05-17,Active
105,Silver,42789,2023-05-03,2024-05-02,Active
106,Bronze,25354,2025-02-17,2026-02-17,Active
107,Gold,2974,2026-03-29,2027-03-29,Active
108,Bronze,28996,2024-12-06,2025-12-06,Active
109,Bronze,43940,2025-10-22,2026-10-22,Active
110,Bronze,14009,2022-03-29,2023-03-29,Active
111,Bronze,21254,2022-07-11,2023-07-11,Active
112,Bronze,14456,2022-04-19,2023-04-19,Inactive
113,Bronze,44365,2021-10-09,2022-10-09,Active
114,Silver,24519,2025-02-23,2026-02-23,Active
115,Bronze,35216,2022-05-30,2023-05-30,Active
116,Gold,14672,2021-10-24,2022-10-24,Active
117,Bronze,47993,2023-12-09,2024-12-08,Active
118,Gold,26818,2023-11-17,2024-11-16,Active
119,Silver,2758,2022-02-02,2023-02-02,Active
120,Gold,26250,2023-09-07,2024-09-06,Active
121,Bronze,46251,2023-06-02,2024-06-01,Active
122,Silver,29294,2023-04-08,2024-04-07,Active
123,Gold,40269,2023-01-28,2024-01-28,Active
124,Bronze,14534,2021-07-26,2022-07-26,Active
125,Gold,45818,2023-10-10,2024-10-09,Active
126,Gold,49814,2021-11-12,2022-11-12,Active
127,Gold,47549,2022-03-27,2023-03-27,Active
128,Bronze,1305,2023-05-21,2024-05-20,Active
129,Bronze,14388,2024-08-18,2025-08-18,Active
130,Silver,35877,2026-01-14,2027-01-14,Active
131,Bronze,21024,2023-01-17,2024-01-17,Inactive
132,Platinum,25610,2022-07-30,2023-07-30,Active
133,Bronze,46756,2023-07-27,2024-07-26,Active
134,Bronze,17727,2022-04-29,2023-04-29,Active
135,Silver,29787,2025-02-25,2026-02-25,Active
136,Platinum,34246,2025-04-28,2026-04-28,Active
137,Bronze,43962,2022-06-28,2023-06-28,Inactive
138,Silver,32323,2024-04-22,2025-04-22,Active
139,Bronze,13178,2025-08-16,2026-08-16,Active
140,Gold,45558,2024-10-12,2025-10-12,Active
141,Bronze,41774,2021-11-05,2022-11-05,Active
142,Gold,28732,2024-10-28,2025-10-28,Inactive
143,Bronze,18027,2023-05-18,2024-05-17,Active
144,Bronze,23604,2022-09-26,2023-09-26,Active
145,Silver,44842,2023-05-15,2024-05-14,Inactive
146,Silver,21242,2024-01-03,2025-01-02,Active
147,Bronze,35247,2026-03-26,2027-03-26,Active
148,Platinum,43777,2025-05-03,2026-05-03,Active
149,Platinum,17630,2025-11-19,2026-11-19,Active
150,Silver,27883,2022-08-02,2023-08-02,Active
151,Bronze,11732,2022-12-03,2023-12-03,Inactive
152,Bronze,40860,2022-06-08,2023-06-08,Active
153,Bronze,14165,2021-08-20,2022-08-20,Active
154,Gold,5023,2026-01-21,2027-01-21,Inactive
155,Bronze,19719,2023-06-17,2024-06-16,Active
156,Platinum,34177,2023-07-14,2024-07-13,Active
157,Bronze,37302,2021-08-25,2022-08-25,Active
158,Bronze,42075,2022-03-16,2023-03-16,Active
159,Gold,12610,2024-05-02,2025-05-02,Active
160,Bronze,29634,2023-02-19,2024-02-19,Active
161,Gold,13581,2023-03-22,2024-03-21,Active
162,Silver,26474,2024-05-26,2025-05-26,Inactive
163,Bronze,28325,2025-07-23,2026-07-23,Active
164,Silver,28144,2024-09-11,2025-09-11,Active
165,Silver,38363,2021-12-04,2022-12-04,Active
166,Bronze,41234,2021-10-22,2022-10-22,Active
167,Bronze,360,2024-08-04,2025-08-04,Active
168,Silver,14021,2024-06-29,2025-06-29,Active
169,Bronze,49993,2025-01-09,2026-01-09,Active
170,Silver,17433,2022-04-29,2023-04-29,Active
171,Bronze,31378,2023-10-06,2024-10-05,Active
172,Bronze,10229,2021-12-18,2022-12-18,Active
173,Bronze,35981,2022-05-17,2023-05-17,Inactive
174,Bronze,42102,2025-06-18,2026-06-18,Active
175,Bronze,37102,2025-04-26,2026-04-26,Active
176,Silver,29047,2025-09-21,2026-09-21,Active
177,Bronze,38503,2024-06-23,2025-06-23,Active
178,Silver,33000,2022-01-08,2023-01-08,Inactive
179,Bronze,20589,2022-08-22,2023-08-22,Active
180,Bronze,23775,2023-08-06,2024-08-05,Active
181,Bronze,11899,2022-07-06,2023-07-06,Active
182,Bronze,28418,2021-10-20,2022-10-20,Active
183,Gold,674,2024-09-15,2025-09-15,Inactive
184,Bronze,8547,2024-11-05,2025-11-05,Active
185,Gold,14322,2024-07-09,2025-07-09,Active
186,Bronze,9972,2026-06-14,2027-06-14,Active
187,Silver,4694,2024-10-07,2025-10-07,Active
188,Silver,38882,2023-06-25,2024-06-24,Inactive
189,Silver,47388,2025-11-21,2026-11-21,Active
190,Silver,42950,2022-04-23,2023-04-23,Active
191,Bronze,23402,2026-02-10,2027-02-10,Active
192,Bronze,19120,2022-09-01,2023-09-01,Active
193,Silver,46489,2024-05-17,2025-05-17,Inactive
194,Silver,9124,2024-06-30,2025-06-30,Active
195,Bronze,5674,2025-09-26,2026-09-26,Active
196,Gold,23940,2024-04-07,2025-04-07,Active
197,Silver,768,2026-04-15,2027-04-15,Active
198,Bronze,2102,2026-05-18,2027-05-18,Active
199,Bronze,4911,2022-03-25,2023-03-25,Active
200,Bronze,6642,2024-04-17,2025-04-17,Inactive
201,Silver,8532,2026-02-25,2027-02-25,Active
202,Bronze,22890,2024-04-18,2025-04-18,Active
203,Bronze,5428,2024-03-11,2025-03-11,Active
204,Bronze,23336,2022-05-13,2023-05-13,Active
205,Bronze,3225,2024-03-04,2025-03-04,Active
206,Silver,22764,2023-05-09,2024-05-08,Active
207,Silver,10662,2025-11-13,2026-11-13,Active
208,Gold,23356,2023-02-19,2024-02-19,Active
209,Gold,32969,2022-03-07,2023-03-07,Active
210,Bronze,38526,2025-12-22,2026-12-22,Active
211,Gold,32825,2023-04-10,2024-04-09,Active
212,Gold,18172,2025-09-24,2026-09-24,Active
213,Silver,20894,2021-10-31,2022-10-31,Active
214,Bronze,12909,2025-04-11,2026-04-11,Active
215,Bronze,40362,2023-08-12,2024-08-11,Active
216,Bronze,8382,2024-12-13,2025-12-13,Inactive
217,Silver,25518,2024-08-14,2025-08-14,Active
218,Silver,21210,2022-01-10,2023-01-10,Active
219,Silver,27344,2022-10-08,2023-10-08,Active
220,Bronze,23553,2023-09-26,2024-09-25,Active
221,Silver,47565,2021-11-22,2022-11-22,Active
222,Bronze,45956,2025-01-24,2026-01-24,Active
223,Silver,38304,2023-01-12,2024-01-12,Inactive
224,Bronze,33992,2025-09-14,2026-09-14,Active
225,Bronze,26772,2025-10-05,2026-10-05,Active
226,Bronze,22070,2021-09-26,2022-09-26,Active
227,Bronze,16503,2026-04-01,2027-04-01,Active
228,Gold,2065,2022-11-05,2023-11-05,Active
229,Gold,42333,2024-06-13,2025-06-13,Active
230,Silver,36409,2024-11-11,2025-11-11,Active
231,Bronze,30265,2023-03-06,2024-03-05,Active
232,Bronze,14544,2021-08-11,2022-08-11,Active
233,Bronze,7753,2026-03-22,2027-03-22,Active
234,Gold,45030,2023-08-04,2024-08-03,Active
235,Silver,9464,2022-06-08,2023-06-08,Active
236,Platinum,36134,2025-02-28,2026-02-28,Active
237,Silver,32478,2025-08-11,2026-08-11,Active
238,Silver,49800,2023-05-26,2024-05-25,Active
239,Bronze,28572,2023-01-02,2024-01-02,Active
240,Bronze,42824,2025-01-07,2026-01-07,Active
241,Platinum,26224,2024-06-03,2025-06-03,Active
242,Bronze,23425,2022-12-24,2023-12-24,Active
243,Gold,39566,2021-09-17,2022-09-17,Active
244,Silver,34770,2022-09-23,2023-09-23,Active
245,Bronze,39194,2023-10-26,2024-10-25,Active
246,Bronze,1763,2022-01-14,2023-01-14,Active
247,Silver,2586,2023-03-23,2024-03-22,Inactive
248,Bronze,30449,2025-03-20,2026-03-20,Active
249,Bronze,29906,2024-10-28,2025-10-28,Inactive
250,Gold,15572,2023-10-10,2024-10-09,Active
251,Bronze,34337,2024-05-04,2025-05-04,Active
252,Silver,44877,2026-04-27,2027-04-27,Active
253,Gold,48314,2024-02-14,2025-02-13,Active
254,Gold,16272,2023-10-25,2024-10-24,Inactive
255,Bronze,24021,2025-07-03,2026-07-03,Active
256,Bronze,25073,2022-03-30,2023-03-30,Inactive
257,Silver,18947,2022-01-06,2023-01-06,Active
258,Bronze,16005,2022-01-09,2023-01-09,Active
259,Silver,23297,2022-10-23,2023-10-23,Active
260,Bronze,26289,2023-08-18,2024-08-17,Active
261,Gold,19285,2024-10-05,2025-10-05,Active
262,Bronze,39163,2021-11-24,2022-11-24,Active
263,Bronze,25699,2025-10-29,2026-10-29,Active
264,Silver,26408,2024-08-12,2025-08-12,Active
265,Bronze,15128,2022-07-01,2023-07-01,Active
266,Silver,20150,2025-12-07,2026-12-07,Active
267,Silver,7373,2024-03-21,2025-03-21,Active
268,Silver,26897,2024-05-11,2025-05-11,Active
269,Gold,16852,2022-10-17,2023-10-17,Active
270,Bronze,15057,2024-08-25,2025-08-25,Active
271,Bronze,9431,2023-08-22,2024-08-21,Active
272,Silver,47520,2024-02-14,2025-02-13,Active
273,Bronze,10344,2023-06-07,2024-06-06,Active
274,Platinum,42869,2022-10-09,2023-10-09,Active
275,Silver,9968,2022-01-03,2023-01-03,Active
276,Bronze,44946,2025-12-24,2026-12-24,Active
277,Bronze,49051,2024-05-13,2025-05-13,Active
278,Silver,49463,2025-01-06,2026-01-06,Active
279,Bronze,7758,2023-02-16,2024-02-16,Active
280,Bronze,39781,2022-01-21,2023-01-21,Active
281,Bronze,18170,2025-02-18,2026-02-18,Active
282,Silver,18670,2024-09-24,2025-09-24,Active
283,Silver,15728,2025-08-22,2026-08-22,Active
284,Silver,24176,2026-01-08,2027-01-08,Active
285,Silver,33382,2025-08-31,2026-08-31,Active
286,Silver,12460,2022-04-28,2023-04-28,Active
287,Silver,32831,2026-02-06,2027-02-06,Active
288,Bronze,48673,2024-01-10,2025-01-09,Inactive
289,Bronze,39265,2022-03-10,2023-03-10,Active
290,Bronze,36374,2023-12-10,2024-12-09,Active
291,Bronze,37890,2026-04-18,2027-04-18,Active
292,Gold,9927,2022-04-13,2023-04-13,Active
293,Silver,40281,2023-07-02,2024-07-01,Active
294,Bronze,19385,2024-09-09,2025-09-09,Inactive
295,Bronze,33844,2021-08-14,2022-08-14,Active
296,Silver,30347,2026-06-21,2027-06-21,Active
297,Gold,19252,2021-10-13,2022-10-13,Active
298,Silver,14802,2025-06-22,2026-06-22,Active
299,Gold,22261,2022-11-11,2023-11-11,Active
300,Gold,7690,2024-02-20,2025-02-19,Active
301,Silver,32935,2025-11-24,2026-11-24,Active
302,Silver,40289,2022-05-02,2023-05-02,Active
303,Bronze,41999,2023-10-18,2024-10-17,Active
304,Silver,48076,2023-02-09,2024-02-09,Active
305,Bronze,11970,2023-07-17,2024-07-16,Active
306,Gold,30862,2023-10-21,2024-10-20,Active
307,Silver,1754,2022-09-18,2023-09-18,Active
308,Silver,40961,2023-05-13,2024-05-12,Active
309,Silver,49695,2025-12-28,2026-12-28,Active
310,Bronze,43114,2022-09-18,2023-09-18,Active
311,Bronze,47790,2025-12-22,2026-12-22,Active
312,Gold,45585,2024-09-29,2025-09-29,Active
313,Silver,37971,2025-05-11,2026-05-11,Active
314,Bronze,40055,2024-03-02,2025-03-02,Active
315,Silver,18839,2023-10-20,2024-10-19,Active
316,Gold,46217,2025-06-30,2026-06-30,Active
317,Silver,35307,2022-11-29,2023-11-29,Active
318,Silver,3035,2022-10-28,2023-10-28,Active
319,Bronze,38792,2023-08-03,2024-08-02,Active
320,Gold,46002,2023-01-06,2024-01-06,Active
321,Bronze,3719,2022-09-29,2023-09-29,Active
322,Silver,49614,2024-01-24,2025-01-23,Active
323,Gold,2978,2022-04-17,2023-04-17,Inactive
324,Bronze,35716,2022-04-09,2023-04-09,Active
325,Bronze,47615,2026-02-02,2027-02-02,Active
326,Silver,19312,2022-07-19,2023-07-19,Active
327,Silver,16677,2023-01-11,2024-01-11,Active
328,Bronze,47867,2023-05-09,2024-05-08,Active
329,Silver,42518,2025-11-27,2026-11-27,Active
330,Bronze,15235,2023-07-08,2024-07-07,Inactive
331,Bronze,9841,2021-12-01,2022-12-01,Active
332,Gold,13435,2025-02-12,2026-02-12,Active
333,Gold,13526,2022-08-25,2023-08-25,Active
334,Bronze,9181,2025-12-07,2026-12-07,Active
335,Silver,5419,2026-02-07,2027-02-07,Active
336,Bronze,46722,2023-07-08,2024-07-07,Active
337,Bronze,20740,2025-10-31,2026-10-31,Active
338,Silver,35687,2022-01-15,2023-01-15,Inactive
339,Platinum,915,2024-07-28,2025-07-28,Active
340,Bronze,11913,2022-06-17,2023-06-17,Active
341,Bronze,24567,2025-06-25,2026-06-25,Active
342,Silver,736,2023-09-15,2024-09-14,Inactive
343,Silver,38045,2024-03-12,2025-03-12,Active
344,Platinum,25410,2022-08-02,2023-08-02,Active
345,Gold,22420,2023-02-03,2024-02-03,Active
346,Gold,34479,2024-03-11,2025-03-11,Active
347,Bronze,7712,2022-12-24,2023-12-24,Inactive
348,Silver,35012,2023-07-24,2024-07-23,Active
349,Silver,10074,2022-03-18,2023-03-18,Active
350,Bronze,24988,2023-08-16,2024-08-15,Active
351,Bronze,13803,2023-02-16,2024-02-16,Active
352,Silver,34392,2022-11-26,2023-11-26,Active
353,Bronze,38359,2022-01-12,2023-01-12,Active
354,Bronze,33162,2026-06-12,2027-06-12,Active
355,Bronze,14165,2023-07-07,2024-07-06,Active
356,Bronze,25078,2024-04-24,2025-04-24,Active
357,Bronze,35628,2025-05-08,2026-05-08,Active
358,Bronze,10987,2023-11-18,2024-11-17,Active
359,Silver,44974,2023-09-17,2024-09-16,Active
360,Silver,31286,2026-01-06,2027-01-06,Active
361,Silver,8854,2026-06-14,2027-06-14,Active
362,Silver,38526,2023-04-21,2024-04-20,Active
363,Bronze,34684,2023-12-05,2024-12-04,Active
364,Gold,1156,2023-03-28,2024-03-27,Active
365,Bronze,5924,2024-12-27,2025-12-27,Active
366,Silver,34435,2025-06-28,2026-06-28,Active
367,Gold,8082,2022-04-25,2023-04-25,Inactive
368,Bronze,1932,2025-07-03,2026-07-03,Active
369,Gold,23819,2025-09-30,2026-09-30,Active
370,Silver,49599,2023-01-29,2024-01-29,Inactive
371,Platinum,29081,2025-04-05,2026-04-05,Active
372,Silver,43779,2021-07-15,2022-07-15,Active
373,Bronze,13817,2025-06-11,2026-06-11,Active
374,Bronze,39818,2023-02-19,2024-02-19,Active
375,Bronze,48960,2022-01-03,2023-01-03,Active
376,Bronze,8111,2022-05-28,2023-05-28,Active
377,Silver,48539,2022-03-14,2023-03-14,Active
378,Gold,12811,2023-05-07,2024-05-06,Active
379,Bronze,17669,2024-07-07,2025-07-07,Active
380,Silver,47149,2022-10-21,2023-10-21,Active
381,Bronze,35865,2021-12-29,2022-12-29,Active
382,Silver,22968,2023-10-15,2024-10-14,Active
383,Bronze,11895,2023-10-11,2024-10-10,Active
384,Bronze,13226,2021-12-29,2022-12-29,Active
385,Bronze,32545,2025-08-21,2026-08-21,Active
386,Bronze,24150,2023-10-14,2024-10-13,Active
387,Platinum,33252,2024-05-29,2025-05-29,Active
388,Bronze,19225,2022-05-02,2023-05-02,Active
389,Bronze,6913,2022-11-13,2023-11-13,Active
390,Bronze,8679,2024-07-19,2025-07-19,Active
391,Bronze,24177,2025-05-09,2026-05-09,Active
392,Silver,10610,2024-12-29,2025-12-29,Active
393,Silver,41882,2026-01-13,2027-01-13,Active
394,Bronze,11393,2022-09-08,2023-09-08,Active
395,Silver,36501,2021-07-11,2022-07-11,Active
396,Bronze,20775,2023-06-03,2024-06-02,Active
397,Bronze,8324,2024-06-16,2025-06-16,Active
398,Gold,18311,2024-11-15,2025-11-15,Active
399,Bronze,29544,2021-07-24,2022-07-24,Active
400,Silver,6422,2022-11-14,2023-11-14,Active
401,Bronze,12918,2025-05-19,2026-05-19,Inactive
402,Silver,15531,2023-08-07,2024-08-06,Active
403,Gold,26610,2024-09-26,2025-09-26,Inactive
404,Bronze,32446,2025-06-25,2026-06-25,Inactive
405,Bronze,33553,2022-08-22,2023-08-22,Active
406,Silver,543,2022-07-31,2023-07-31,Active
407,Bronze,8381,2024-08-25,2025-08-25,Active
408,Bronze,12926,2025-12-14,2026-12-14,Active
409,Gold,15805,2025-01-18,2026-01-18,Active
410,Bronze,30626,2026-04-17,2027-04-17,Active
411,Bronze,19947,2022-11-04,2023-11-04,Active
412,Platinum,45570,2025-02-24,2026-02-24,Active
413,Bronze,28057,2022-02-20,2023-02-20,Inactive
414,Silver,49125,2023-03-31,2024-03-30,Active
415,Bronze,33101,2023-12-07,2024-12-06,Active
416,Silver,22780,2025-06-18,2026-06-18,Active
417,Gold,16684,2024-12-21,2025-12-21,Active
418,Silver,47763,2025-01-13,2026-01-13,Active
419,Silver,26187,2021-11-27,2022-11-27,Active
420,Bronze,1089,2026-01-03,2027-01-03,Active
421,Bronze,17774,2026-04-18,2027-04-18,Active
422,Gold,40969,2025-07-13,2026-07-13,Active
423,Silver,5853,2022-03-04,2023-03-04,Active
424,Bronze,37539,2023-09-16,2024-09-15,Active
425,Gold,32064,2023-02-01,2024-02-01,Active
426,Bronze,38100,2021-12-16,2022-12-16,Active
427,Bronze,36943,2023-12-20,2024-12-19,Active
428,Bronze,42526,2022-02-01,2023-02-01,Active
429,Gold,9934,2022-01-11,2023-01-11,Active
430,Silver,33047,2022-02-11,2023-02-11,Active
431,Bronze,40569,2025-04-29,2026-04-29,Active
432,Silver,13164,2025-03-09,2026-03-09,Active
433,Silver,2794,2026-03-08,2027-03-08,Active
434,Bronze,30514,2022-08-23,2023-08-23,Active
435,Bronze,11873,2023-10-08,2024-10-07,Active
436,Bronze,26551,2023-11-30,2024-11-29,Active
437,Bronze,37495,2026-01-04,2027-01-04,Active
438,Gold,22857,2026-05-12,2027-05-12,Active
439,Silver,10068,2025-07-12,2026-07-12,Active
440,Bronze,2895,2023-02-11,2024-02-11,Active
441,Bronze,38003,2025-09-14,2026-09-14,Inactive
442,Bronze,48559,2023-02-26,2024-02-26,Active
443,Gold,34144,2023-08-11,2024-08-10,Active
444,Silver,34842,2024-10-07,2025-10-07,Active
445,Bronze,21092,2024-10-13,2025-10-13,Active
446,Silver,1447,2023-12-07,2024-12-06,Active
447,Bronze,10111,2024-07-18,2025-07-18,Active
448,Bronze,16272,2024-03-12,2025-03-12,Active
449,Platinum,28016,2023-08-21,2024-08-20,Active
450,Gold,16354,2022-03-14,2023-03-14,Active
451,Silver,3213,2025-07-12,2026-07-12,Active
452,Gold,40407,2024-04-16,2025-04-16,Active
453,Bronze,31341,2024-11-19,2025-11-19,Active
454,Bronze,11614,2022-04-22,2023-04-22,Active
455,Silver,5251,2024-07-01,2025-07-01,Active
456,Bronze,9372,2022-09-06,2023-09-06,Active
457,Bronze,38254,2026-05-27,2027-05-27,Active
458,Bronze,2978,2023-11-30,2024-11-29,Active
459,Silver,39626,2024-06-27,2025-06-27,Active
460,Silver,37099,2022-05-25,2023-05-25,Active
461,Bronze,36298,2023-06-22,2024-06-21,Active
462,Bronze,29573,2021-12-01,2022-12-01,Active
463,Bronze,41873,2026-03-16,2027-03-16,Active
464,Bronze,47238,2022-03-25,2023-03-25,Active
465,Bronze,24167,2025-02-11,2026-02-11,Active
466,Platinum,42129,2024-02-11,2025-02-10,Active
467,Bronze,1231,2022-12-16,2023-12-16,Active
468,Bronze,25459,2023-07-05,2024-07-04,Active
469,Bronze,13430,2026-05-13,2027-05-13,Active
470,Gold,37102,2023-05-07,2024-05-06,Active
471,Silver,14792,2022-11-15,2023-11-15,Inactive
472,Silver,38655,2023-11-16,2024-11-15,Active
473,Bronze,387,2024-01-16,2025-01-15,Active
474,Bronze,27063,2022-04-05,2023-04-05,Active
475,Bronze,48019,2025-05-26,2026-05-26,Active
476,Bronze,2030,2025-09-08,2026-09-08,Inactive
477,Bronze,1237,2024-01-24,2025-01-23,Active
478,Bronze,45749,2025-05-20,2026-05-20,Active
479,Bronze,9744,2023-05-16,2024-05-15,Active
480,Silver,12962,2022-08-18,2023-08-18,Active
481,Bronze,14548,2023-11-06,2024-11-05,Active
482,Gold,31816,2025-06-17,2026-06-17,Active
483,Bronze,45219,2024-04-14,2025-04-14,Active
484,Gold,42049,2025-02-11,2026-02-11,Active
485,Silver,12385,2021-09-10,2022-09-10,Active
486,Silver,17209,2023-02-27,2024-02-27,Active
487,Gold,26988,2022-12-30,2023-12-30,Active
488,Platinum,35352,2023-02-20,2024-02-20,Active
489,Silver,46991,2025-02-16,2026-02-16,Active
490,Gold,34965,2023-09-20,2024-09-19,Inactive
491,Platinum,29454,2024-01-16,2025-01-15,Active
492,Bronze,39515,2022-05-02,2023-05-02,Active
493,Gold,42157,2024-03-04,2025-03-04,Active
494,Bronze,43387,2023-01-22,2024-01-22,Active
495,Bronze,41808,2022-07-01,2023-07-01,Inactive
496,Silver,29634,2022-10-24,2023-10-24,Active
497,Bronze,39616,2024-02-03,2025-02-02,Active
498,Bronze,7159,2025-10-24,2026-10-24,Active
499,Bronze,12984,2023-03-08,2024-03-07,Active
500,Bronze,49145,2022-09-15,2023-09-15,Active
501,Silver,24195,2023-06-08,2024-06-07,Active
502,Silver,14374,2022-06-02,2023-06-02,Inactive
503,Bronze,20704,2025-01-22,2026-01-22,Active
504,Platinum,22864,2022-05-08,2023-05-08,Inactive
505,Silver,1896,2025-01-28,2026-01-28,Active
506,Bronze,2295,2026-03-31,2027-03-31,Active
507,Silver,44745,2022-07-12,2023-07-12,Active
508,Silver,35158,2023-07-08,2024-07-07,Active
509,Silver,33606,2023-05-17,2024-05-16,Inactive
510,Silver,1745,2023-06-23,2024-06-22,Active
511,Silver,45592,2025-05-15,2026-05-15,Active
512,Bronze,48617,2021-09-28,2022-09-28,Active
513,Silver,28427,2021-09-07,2022-09-07,Active
514,Silver,48543,2026-01-12,2027-01-12,Active
515,Bronze,9174,2022-12-16,2023-12-16,Active
516,Bronze,16345,2025-04-15,2026-04-15,Active
517,Silver,28772,2025-02-08,2026-02-08,Active
518,Silver,2650,2025-09-03,2026-09-03,Active
519,Gold,13722,2023-03-04,2024-03-03,Inactive
520,Silver,42881,2025-11-05,2026-11-05,Active
521,Silver,40289,2024-02-14,2025-02-13,Active
522,Platinum,34753,2023-03-04,2024-03-03,Active
523,Silver,30215,2022-02-20,2023-02-20,Active
524,Gold,38039,2024-10-14,2025-10-14,Active
525,Platinum,47757,2025-05-01,2026-05-01,Active
526,Bronze,49490,2022-03-14,2023-03-14,Active
527,Gold,2630,2023-08-23,2024-08-22,Active
528,Silver,37361,2023-12-08,2024-12-07,Active
529,Bronze,47709,2021-12-05,2022-12-05,Active
530,Bronze,4424,2024-12-27,2025-12-27,Inactive
531,Silver,33900,2023-07-02,2024-07-01,Active
532,Bronze,30614,2021-07-11,2022-07-11,Active
533,Platinum,10243,2026-06-20,2027-06-20,Active
534,Silver,15816,2022-08-29,2023-08-29,Active
535,Bronze,14677,2022-06-10,2023-06-10,Active
536,Bronze,11029,2026-05-05,2027-05-05,Active
537,Silver,21305,2025-05-22,2026-05-22,Active
538,Bronze,31076,2021-10-09,2022-10-09,Active
539,Silver,28529,2025-06-18,2026-06-18,Active
540,Silver,34847,2022-06-15,2023-06-15,Active
541,Bronze,26679,2024-03-19,2025-03-19,Active
542,Bronze,30045,2021-12-04,2022-12-04,Active
543,Bronze,31997,2022-10-19,2023-10-19,Active
544,Bronze,5045,2022-05-27,2023-05-27,Active
545,Bronze,47184,2025-01-07,2026-01-07,Active
546,Bronze,33975,2024-07-17,2025-07-17,Active
547,Bronze,42165,2022-09-13,2023-09-13,Active
548,Bronze,29360,2025-07-24,2026-07-24,Active
549,Bronze,19661,2023-01-10,2024-01-10,Active
550,Gold,24884,2025-11-15,2026-11-15,Active
551,Bronze,7742,2025-03-30,2026-03-30,Active
552,Bronze,42243,2024-05-12,2025-05-12,Active
553,Bronze,47517,2024-02-29,2025-02-28,Active
554,Platinum,27679,2025-08-21,2026-08-21,Active
555,Bronze,43461,2024-06-24,2025-06-24,Active
556,Silver,8861,2025-01-29,2026-01-29,Active
557,Bronze,33796,2026-05-19,2027-05-19,Active
558,Bronze,24795,2024-05-31,2025-05-31,Active
559,Bronze,34499,2024-03-26,2025-03-26,Active
560,Silver,26398,2024-08-06,2025-08-06,Active
561,Bronze,10261,2024-02-02,2025-02-01,Active
562,Bronze,33299,2021-10-20,2022-10-20,Active
563,Bronze,9962,2025-11-24,2026-11-24,Active
564,Bronze,49946,2026-05-26,2027-05-26,Active
565,Gold,4502,2025-05-01,2026-05-01,Inactive
566,Bronze,21486,2025-11-22,2026-11-22,Active
567,Platinum,22304,2022-08-29,2023-08-29,Active
568,Silver,30008,2023-02-13,2024-02-13,Active
569,Bronze,1130,2021-10-26,2022-10-26,Active
570,Bronze,10087,2023-07-05,2024-07-04,Inactive
571,Silver,13796,2025-11-11,2026-11-11,Active
572,Silver,848,2021-08-27,2022-08-27,Active
573,Gold,45534,2023-02-23,2024-02-23,Inactive
574,Bronze,4516,2021-08-12,2022-08-12,Active
575,Bronze,3272,2024-01-28,2025-01-27,Active
576,Bronze,21781,2022-12-22,2023-12-22,Inactive
577,Bronze,41652,2025-07-12,2026-07-12,Active
578,Bronze,49144,2023-11-27,2024-11-26,Active
579,Gold,24844,2023-01-21,2024-01-21,Active
580,Bronze,49419,2021-10-16,2022-10-16,Inactive
581,Bronze,15672,2024-09-28,2025-09-28,Active
582,Bronze,9661,2021-08-19,2022-08-19,Active
583,Silver,41936,2025-07-30,2026-07-30,Active
584,Bronze,18077,2022-01-18,2023-01-18,Active
585,Silver,12492,2023-06-15,2024-06-14,Active
586,Bronze,14316,2021-08-10,2022-08-10,Active
587,Platinum,16029,2024-02-14,2025-02-13,Inactive
588,Bronze,3883,2022-06-01,2023-06-01,Active
589,Bronze,29801,2024-02-14,2025-02-13,Inactive
590,Bronze,11530,2022-06-11,2023-06-11,Inactive
591,Gold,20848,2024-07-24,2025-07-24,Active
592,Bronze,44992,2022-05-26,2023-05-26,Active
593,Bronze,9315,2026-04-08,2027-04-08,Active
594,Platinum,8771,2026-03-19,2027-03-19,Active
595,Bronze,39630,2023-10-21,2024-10-20,Active
596,Gold,38385,2025-06-13,2026-06-13,Active
597,Silver,47758,2023-06-10,2024-06-09,Active
598,Bronze,11101,2022-09-04,2023-09-04,Active
599,Silver,563,2021-10-07,2022-10-07,Active
600,Gold,3834,2025-08-02,2026-08-02,Active
601,Gold,17157,2022-02-07,2023-02-07,Active
602,Bronze,13205,2022-01-30,2023-01-30,Active
603,Bronze,10618,2026-06-07,2027-06-07,Active
604,Bronze,33231,2025-01-01,2026-01-01,Active
605,Platinum,43843,2026-03-31,2027-03-31,Active
606,Bronze,46228,2025-11-04,2026-11-04,Active
607,Silver,31008,2023-08-09,2024-08-08,Inactive
608,Gold,46036,2024-10-03,2025-10-03,Active
609,Gold,5149,2022-12-01,2023-12-01,Active
610,Bronze,46711,2025-08-19,2026-08-19,Inactive
611,Bronze,30024,2024-09-16,2025-09-16,Active
612,Gold,41916,2022-10-25,2023-10-25,Active
613,Bronze,31835,2021-12-05,2022-12-05,Active
614,Bronze,26900,2025-08-25,2026-08-25,Active
615,Bronze,28655,2023-09-08,2024-09-07,Active
616,Bronze,10181,2025-05-05,2026-05-05,Active
617,Silver,16601,2025-02-12,2026-02-12,Active
618,Bronze,14989,2026-02-28,2027-02-28,Active
619,Silver,14213,2025-07-31,2026-07-31,Active
620,Silver,6373,2022-12-07,2023-12-07,Active
621,Silver,2662,2024-11-16,2025-11-16,Active
622,Bronze,40520,2024-05-06,2025-05-06,Active
623,Platinum,44910,2024-08-16,2025-08-16,Active
624,Gold,19751,2022-10-05,2023-10-05,Active
625,Bronze,31284,2025-03-17,2026-03-17,Active
626,Bronze,13249,2022-03-01,2023-03-01,Active
627,Bronze,36814,2021-07-30,2022-07-30,Active
628,Bronze,1393,2022-05-23,2023-05-23,Inactive
629,Bronze,1879,2026-05-13,2027-05-13,Active
630,Bronze,24679,2024-10-12,2025-10-12,Active
631,Bronze,16953,2021-12-03,2022-12-03,Active
632,Bronze,44714,2025-12-03,2026-12-03,Active
633,Silver,45621,2022-05-21,2023-05-21,Active
634,Bronze,13985,2025-01-20,2026-01-20,Active
635,Gold,22685,2025-06-26,2026-06-26,Active
636,Gold,7114,2025-07-14,2026-07-14,Active
637,Silver,3844,2026-05-01,2027-05-01,Active
638,Silver,10479,2022-11-14,2023-11-14,Inactive
639,Bronze,44149,2026-02-01,2027-02-01,Active
640,Bronze,29417,2023-10-10,2024-10-09,Active
641,Gold,31854,2024-09-24,2025-09-24,Active
642,Bronze,6549,2025-01-28,2026-01-28,Active
643,Bronze,39026,2025-02-14,2026-02-14,Active
644,Bronze,385,2024-08-28,2025-08-28,Active
645,Bronze,42260,2026-06-20,2027-06-20,Active
646,Silver,5402,2021-12-05,2022-12-05,Active
647,Bronze,26494,2022-06-23,2023-06-23,Active
648,Silver,8579,2026-07-04,2027-07-04,Active
649,Bronze,23654,2026-02-01,2027-02-01,Active
650,Silver,37901,2022-11-15,2023-11-15,Active
651,Bronze,42222,2023-10-21,2024-10-20,Active
652,Silver,42906,2025-09-17,2026-09-17,Active
653,Silver,23193,2022-11-17,2023-11-17,Active
654,Silver,49329,2021-12-18,2022-12-18,Active
655,Bronze,34338,2024-02-13,2025-02-12,Active
656,Bronze,23364,2024-10-13,2025-10-13,Active
657,Bronze,14356,2025-10-05,2026-10-05,Active
658,Bronze,7070,2025-11-28,2026-11-28,Active
659,Bronze,40878,2024-09-19,2025-09-19,Active
660,Silver,5140,2026-01-01,2027-01-01,Active
661,Gold,4721,2025-05-22,2026-05-22,Active
662,Bronze,45337,2023-05-22,2024-05-21,Active
663,Gold,20045,2022-03-02,2023-03-02,Active
664,Platinum,22825,2025-07-15,2026-07-15,Active
665,Silver,38460,2026-07-03,2027-07-03,Active
666,Silver,37398,2025-10-14,2026-10-14,Inactive
667,Bronze,23882,2024-11-12,2025-11-12,Active
668,Gold,41785,2023-10-19,2024-10-18,Active
669,Bronze,41380,2024-09-27,2025-09-27,Active
670,Silver,7834,2024-06-16,2025-06-16,Active
671,Bronze,7773,2024-10-26,2025-10-26,Active
672,Bronze,46629,2023-03-19,2024-03-18,Active
673,Bronze,25652,2021-11-09,2022-11-09,Active
674,Gold,28631,2025-04-12,2026-04-12,Inactive
675,Silver,5710,2024-04-05,2025-04-05,Active
676,Bronze,8447,2025-12-13,2026-12-13,Active
677,Bronze,25871,2025-05-02,2026-05-02,Active
678,Bronze,16589,2024-01-28,2025-01-27,Active
679,Bronze,33372,2026-04-11,2027-04-11,Active
680,Bronze,14284,2025-03-31,2026-03-31,Active
681,Silver,43236,2022-04-02,2023-04-02,Active
682,Bronze,31363,2025-08-03,2026-08-03,Active
683,Bronze,26908,2022-08-15,2023-08-15,Active
684,Bronze,45299,2026-07-10,2027-07-10,Active
685,Bronze,25869,2024-08-27,2025-08-27,Active
686,Silver,21445,2023-08-21,2024-08-20,Active
687,Bronze,24363,2026-01-31,2027-01-31,Active
688,Bronze,6728,2024-05-16,2025-05-16,Active
689,Bronze,25273,2025-08-07,2026-08-07,Active
690,Silver,36493,2025-03-12,2026-03-12,Active
691,Gold,13765,2025-06-30,2026-06-30,Active
692,Bronze,20515,2023-01-28,2024-01-28,Active
693,Bronze,29456,2025-06-18,2026-06-18,Active
694,Bronze,26100,2024-12-05,2025-12-05,Active
695,Bronze,17567,2021-09-25,2022-09-25,Active
696,Bronze,25627,2022-12-16,2023-12-16,Inactive
697,Bronze,21936,2024-07-10,2025-07-10,Active
698,Gold,8166,2025-05-04,2026-05-04,Active
699,Silver,40903,2021-11-24,2022-11-24,Active
700,Bronze,14127,2023-11-10,2024-11-09,Active
701,Gold,17316,2026-02-17,2027-02-17,Inactive
702,Bronze,42448,2026-02-14,2027-02-14,Active
703,Bronze,34685,2023-11-19,2024-11-18,Active
704,Bronze,11641,2022-09-03,2023-09-03,Active
705,Silver,16374,2021-11-18,2022-11-18,Active
706,Bronze,15260,2023-03-04,2024-03-03,Active
707,Gold,22191,2024-10-03,2025-10-03,Active
708,Bronze,4418,2025-08-29,2026-08-29,Active
709,Silver,2728,2025-10-12,2026-10-12,Active
710,Silver,45432,2022-04-24,2023-04-24,Active
711,Bronze,37989,2023-01-18,2024-01-18,Active
712,Bronze,46040,2024-10-12,2025-10-12,Active
713,Silver,23765,2021-12-05,2022-12-05,Active
714,Bronze,18383,2021-09-13,2022-09-13,Inactive
715,Bronze,18997,2021-08-14,2022-08-14,Active
716,Silver,15649,2024-01-06,2025-01-05,Active
717,Bronze,33203,2025-01-20,2026-01-20,Active
718,Bronze,38258,2022-10-24,2023-10-24,Active
719,Silver,38064,2024-04-26,2025-04-26,Active
720,Bronze,17665,2022-01-18,2023-01-18,Active
721,Bronze,18460,2025-07-06,2026-07-06,Active
722,Bronze,4428,2021-07-20,2022-07-20,Active
723,Bronze,44556,2021-12-25,2022-12-25,Active
724,Silver,47128,2026-01-20,2027-01-20,Active
725,Bronze,1036,2022-06-27,2023-06-27,Active
726,Silver,2358,2026-01-06,2027-01-06,Active
727,Silver,23085,2025-05-02,2026-05-02,Active
728,Silver,14871,2024-06-03,2025-06-03,Active
729,Bronze,39720,2025-02-15,2026-02-15,Active
730,Silver,41903,2022-01-11,2023-01-11,Active
731,Gold,41499,2023-12-30,2024-12-29,Active
732,Bronze,20867,2024-10-18,2025-10-18,Active
733,Gold,20890,2022-08-17,2023-08-17,Active
734,Silver,11655,2021-11-21,2022-11-21,Active
735,Bronze,12388,2023-01-31,2024-01-31,Inactive
736,Silver,1869,2022-11-22,2023-11-22,Active
737,Silver,35179,2026-01-30,2027-01-30,Active
738,Silver,37386,2025-11-17,2026-11-17,Active
739,Bronze,6268,2026-01-25,2027-01-25,Active
740,Silver,36978,2024-04-05,2025-04-05,Active
741,Bronze,9997,2023-10-05,2024-10-04,Active
742,Silver,12045,2025-04-18,2026-04-18,Active
743,Silver,41366,2025-01-25,2026-01-25,Active
744,Gold,8063,2021-08-10,2022-08-10,Inactive
745,Silver,6780,2023-12-25,2024-12-24,Active
746,Platinum,34468,2023-01-20,2024-01-20,Active
747,Silver,16292,2025-10-04,2026-10-04,Active
748,Bronze,21023,2026-01-15,2027-01-15,Inactive
749,Silver,16352,2023-01-05,2024-01-05,Active
750,Silver,41772,2023-09-30,2024-09-29,Active
751,Bronze,37266,2022-02-20,2023-02-20,Active
752,Platinum,3319,2021-11-23,2022-11-23,Active
753,Bronze,5563,2024-09-03,2025-09-03,Inactive
754,Bronze,38178,2023-10-06,2024-10-05,Active
755,Silver,10353,2025-09-30,2026-09-30,Active
756,Bronze,17981,2023-09-05,2024-09-04,Active
757,Gold,15674,2025-03-10,2026-03-10,Active
758,Bronze,34709,2023-11-06,2024-11-05,Active
759,Bronze,30139,2025-02-21,2026-02-21,Inactive
760,Bronze,33994,2021-08-16,2022-08-16,Active
761,Platinum,13400,2026-06-06,2027-06-06,Active
762,Bronze,35301,2023-05-08,2024-05-07,Active
763,Silver,25704,2023-03-16,2024-03-15,Active
764,Bronze,26754,2026-02-05,2027-02-05,Active
765,Bronze,44658,2022-05-03,2023-05-03,Active
766,Bronze,18530,2025-08-27,2026-08-27,Active
767,Silver,11751,2022-03-26,2023-03-26,Inactive
768,Bronze,18963,2021-11-15,2022-11-15,Active
769,Silver,40459,2025-02-12,2026-02-12,Active
770,Bronze,31927,2024-11-29,2025-11-29,Active
771,Bronze,11518,2022-02-06,2023-02-06,Active
772,Bronze,37842,2022-07-14,2023-07-14,Inactive
773,Bronze,20285,2024-05-10,2025-05-10,Active
774,Bronze,12397,2024-05-27,2025-05-27,Active
775,Silver,12907,2026-07-04,2027-07-04,Active
776,Silver,19569,2023-10-04,2024-10-03,Active
777,Silver,25410,2024-04-21,2025-04-21,Active
778,Bronze,16236,2025-12-05,2026-12-05,Active
779,Silver,35737,2025-03-19,2026-03-19,Active
780,Platinum,9755,2023-09-10,2024-09-09,Active
781,Silver,41029,2024-01-31,2025-01-30,Active
782,Bronze,45647,2023-03-30,2024-03-29,Active
783,Silver,769,2025-05-05,2026-05-05,Active
784,Silver,38872,2026-01-13,2027-01-13,Inactive
785,Bronze,33497,2023-04-24,2024-04-23,Active
786,Gold,31649,2023-02-25,2024-02-25,Active
787,Bronze,30473,2024-12-22,2025-12-22,Active
788,Bronze,40066,2026-04-29,2027-04-29,Active
789,Bronze,31187,2021-07-20,2022-07-20,Active
790,Gold,8161,2022-12-24,2023-12-24,Active
791,Gold,46454,2024-04-14,2025-04-14,Inactive
792,Bronze,19406,2023-03-28,2024-03-27,Active
793,Silver,5914,2023-04-01,2024-03-31,Active
794,Bronze,9652,2022-02-09,2023-02-09,Active
795,Silver,24451,2023-12-15,2024-12-14,Active
796,Bronze,43974,2024-07-16,2025-07-16,Active
797,Bronze,42770,2025-06-14,2026-06-14,Active
798,Silver,30960,2024-10-22,2025-10-22,Active
799,Silver,27718,2023-08-21,2024-08-20,Inactive
800,Bronze,21638,2024-10-30,2025-10-30,Active
801,Silver,18234,2026-05-23,2027-05-23,Active
802,Gold,48645,2023-11-08,2024-11-07,Inactive
803,Silver,40670,2024-05-09,2025-05-09,Active
804,Silver,37868,2025-11-24,2026-11-24,Active
805,Bronze,40195,2024-01-11,2025-01-10,Active
806,Bronze,35401,2023-09-30,2024-09-29,Active
807,Silver,40434,2026-05-19,2027-05-19,Active
808,Bronze,42241,2026-03-27,2027-03-27,Active
809,Silver,13765,2023-09-23,2024-09-22,Active
810,Platinum,21304,2024-09-03,2025-09-03,Active
811,Silver,21758,2024-12-22,2025-12-22,Inactive
812,Silver,8598,2024-02-05,2025-02-04,Active
813,Bronze,8174,2022-08-22,2023-08-22,Inactive
814,Gold,44825,2026-03-20,2027-03-20,Active
815,Bronze,48607,2022-10-19,2023-10-19,Active
816,Gold,1940,2024-02-20,2025-02-19,Inactive
817,Platinum,49496,2024-06-04,2025-06-04,Active
818,Gold,14449,2025-06-28,2026-06-28,Active
819,Silver,47488,2022-04-03,2023-04-03,Active
820,Bronze,23619,2024-04-02,2025-04-02,Inactive
821,Gold,8221,2021-11-03,2022-11-03,Active
822,Silver,41886,2023-04-18,2024-04-17,Active
823,Gold,35255,2024-03-14,2025-03-14,Inactive
824,Silver,36808,2025-03-28,2026-03-28,Active
825,Gold,25661,2021-11-08,2022-11-08,Active
826,Silver,18598,2022-03-07,2023-03-07,Active
827,Bronze,48382,2022-05-27,2023-05-27,Active
828,Bronze,20729,2023-10-15,2024-10-14,Active
829,Gold,7439,2022-05-06,2023-05-06,Active
830,Bronze,29018,2022-09-25,2023-09-25,Active
831,Silver,46264,2022-07-11,2023-07-11,Active
832,Silver,42809,2023-11-03,2024-11-02,Active
833,Bronze,36080,2023-04-30,2024-04-29,Active
834,Gold,29475,2024-12-24,2025-12-24,Active
835,Bronze,19409,2021-10-10,2022-10-10,Active
836,Bronze,30363,2023-05-18,2024-05-17,Active
837,Bronze,37135,2024-08-10,2025-08-10,Active
838,Platinum,6797,2021-12-24,2022-12-24,Active
839,Bronze,12614,2023-10-09,2024-10-08,Active
840,Silver,24247,2022-04-11,2023-04-11,Active
841,Gold,15644,2021-11-07,2022-11-07,Active
842,Gold,46946,2023-08-24,2024-08-23,Inactive
843,Platinum,4159,2022-04-21,2023-04-21,Active
844,Silver,37893,2023-06-28,2024-06-27,Active
845,Gold,45661,2023-06-21,2024-06-20,Inactive
846,Bronze,23419,2025-09-12,2026-09-12,Active
847,Bronze,17277,2023-08-24,2024-08-23,Active
848,Gold,35884,2024-01-12,2025-01-11,Inactive
849,Bronze,10302,2025-08-10,2026-08-10,Active
850,Bronze,44292,2025-02-04,2026-02-04,Active
851,Silver,17479,2025-01-17,2026-01-17,Active
852,Silver,16127,2023-09-27,2024-09-26,Active
853,Silver,4832,2021-11-16,2022-11-16,Inactive
854,Silver,36537,2023-06-23,2024-06-22,Active
855,Silver,31258,2024-11-19,2025-11-19,Active
856,Platinum,36407,2026-01-24,2027-01-24,Active
857,Silver,30773,2024-08-30,2025-08-30,Active
858,Platinum,30195,2021-09-09,2022-09-09,Active
859,Gold,12365,2024-11-08,2025-11-08,Active
860,Gold,19899,2021-11-02,2022-11-02,Inactive
861,Silver,43159,2025-01-26,2026-01-26,Active
862,Silver,34162,2025-02-10,2026-02-10,Active
863,Bronze,34595,2021-09-07,2022-09-07,Active
864,Bronze,24276,2022-12-23,2023-12-23,Active
865,Silver,45256,2023-01-13,2024-01-13,Active
866,Bronze,21032,2024-11-27,2025-11-27,Inactive
867,Bronze,26247,2026-07-07,2027-07-07,Active
868,Silver,8186,2026-07-11,2027-07-11,Active
869,Silver,4662,2021-11-02,2022-11-02,Active
870,Bronze,7472,2022-10-03,2023-10-03,Active
871,Silver,48258,2023-01-17,2024-01-17,Active
872,Gold,16838,2023-02-23,2024-02-23,Active
873,Silver,48106,2024-09-06,2025-09-06,Active
874,Bronze,28954,2022-04-27,2023-04-27,Active
875,Bronze,22509,2023-11-09,2024-11-08,Active
876,Silver,23576,2021-07-18,2022-07-18,Active
877,Bronze,2954,2021-12-22,2022-12-22,Active
878,Gold,44883,2022-02-17,2023-02-17,Active
879,Bronze,5730,2024-01-28,2025-01-27,Active
880,Bronze,44304,2024-03-27,2025-03-27,Active
881,Bronze,25500,2021-12-09,2022-12-09,Active
882,Silver,27673,2025-07-07,2026-07-07,Active
883,Silver,17906,2023-10-13,2024-10-12,Active
884,Bronze,2466,2023-02-22,2024-02-22,Active
885,Bronze,36611,2022-11-30,2023-11-30,Inactive
886,Platinum,5197,2025-12-25,2026-12-25,Inactive
887,Silver,3888,2022-10-11,2023-10-11,Active
888,Gold,10702,2022-06-30,2023-06-30,Active
889,Gold,3243,2026-04-11,2027-04-11,Active
890,Gold,12041,2024-12-26,2025-12-26,Active
891,Silver,35509,2025-11-26,2026-11-26,Active
892,Bronze,32864,2024-04-21,2025-04-21,Active
893,Gold,43245,2022-09-03,2023-09-03,Active
894,Gold,17660,2022-04-10,2023-04-10,Active
895,Bronze,9597,2023-05-29,2024-05-28,Active
896,Gold,10666,2022-01-20,2023-01-20,Active
897,Bronze,13440,2021-09-23,2022-09-23,Active
898,Bronze,26426,2024-12-21,2025-12-21,Active
899,Silver,36134,2026-05-22,2027-05-22,Active
900,Gold,26546,2026-04-19,2027-04-19,Active
901,Bronze,135,2023-03-05,2024-03-04,Active
902,Bronze,2126,2026-03-26,2027-03-26,Active
903,Silver,13012,2023-08-31,2024-08-30,Active
904,Silver,49173,2025-09-14,2026-09-14,Active
905,Platinum,48165,2025-05-07,2026-05-07,Active
906,Bronze,23656,2022-12-24,2023-12-24,Active
907,Bronze,24144,2026-04-15,2027-04-15,Active
908,Silver,15234,2025-12-19,2026-12-19,Inactive
909,Bronze,31776,2022-11-06,2023-11-06,Active
910,Bronze,38094,2026-06-04,2027-06-04,Active
911,Bronze,48702,2021-08-23,2022-08-23,Active
912,Silver,13641,2021-08-24,2022-08-24,Active
913,Bronze,2220,2022-06-26,2023-06-26,Inactive
914,Gold,12398,2022-02-13,2023-02-13,Active
915,Bronze,45795,2025-11-06,2026-11-06,Active
916,Bronze,17671,2022-06-07,2023-06-07,Inactive
917,Bronze,24271,2022-11-05,2023-11-05,Active
918,Gold,22421,2021-08-13,2022-08-13,Active
919,Silver,13238,2024-10-07,2025-10-07,Active
920,Bronze,22742,2026-03-07,2027-03-07,Active
921,Silver,33318,2023-01-06,2024-01-06,Active
922,Gold,25006,2026-04-13,2027-04-13,Active
923,Silver,13704,2021-10-10,2022-10-10,Inactive
924,Silver,27407,2022-08-05,2023-08-05,Inactive
925,Silver,38062,2022-06-16,2023-06-16,Active
926,Bronze,28596,2025-07-08,2026-07-08,Active
927,Silver,41863,2023-11-25,2024-11-24,Active
928,Silver,34762,2023-03-24,2024-03-23,Active
929,Silver,40473,2024-03-17,2025-03-17,Active
930,Silver,48791,2025-01-18,2026-01-18,Active
931,Platinum,37337,2022-07-11,2023-07-11,Active
932,Bronze,42555,2022-09-06,2023-09-06,Active
933,Silver,25359,2022-07-02,2023-07-02,Active
934,Gold,41710,2024-09-21,2025-09-21,Active
935,Bronze,30699,2025-10-30,2026-10-30,Active
936,Bronze,43664,2023-02-17,2024-02-17,Active
937,Gold,21278,2024-02-08,2025-02-07,Active
938,Silver,4985,2025-05-14,2026-05-14,Active
939,Bronze,47530,2023-04-18,2024-04-17,Active
940,Bronze,1723,2025-07-20,2026-07-20,Active
941,Bronze,44709,2023-02-06,2024-02-06,Inactive
942,Silver,26336,2023-09-15,2024-09-14,Active
943,Bronze,31110,2023-07-17,2024-07-16,Active
944,Bronze,14045,2022-10-11,2023-10-11,Active
945,Bronze,25481,2023-03-26,2024-03-25,Active
946,Bronze,11671,2025-01-18,2026-01-18,Inactive
947,Bronze,36360,2022-08-03,2023-08-03,Active
948,Gold,16281,2021-08-24,2022-08-24,Active
949,Silver,20349,2025-12-27,2026-12-27,Inactive
950,Platinum,25766,2025-01-29,2026-01-29,Active
951,Bronze,22648,2021-07-29,2022-07-29,Active
952,Silver,30527,2024-05-25,2025-05-25,Active
953,Silver,49618,2022-07-27,2023-07-27,Active
954,Gold,38945,2022-06-13,2023-06-13,Active
955,Bronze,25900,2026-03-18,2027-03-18,Active
956,Silver,47681,2026-01-22,2027-01-22,Active
957,Gold,26510,2022-05-24,2023-05-24,Active
958,Gold,46452,2021-09-06,2022-09-06,Active
959,Silver,33506,2026-04-03,2027-04-03,Active
960,Bronze,45065,2022-07-13,2023-07-13,Active
961,Bronze,38752,2023-01-13,2024-01-13,Active
962,Platinum,19337,2023-03-07,2024-03-06,Active
963,Gold,41349,2024-04-12,2025-04-12,Active
964,Silver,38442,2023-08-14,2024-08-13,Active
965,Platinum,3172,2024-12-20,2025-12-20,Active
966,Bronze,49870,2022-11-04,2023-11-04,Active
967,Bronze,47947,2025-06-25,2026-06-25,Active
968,Bronze,49889,2022-09-06,2023-09-06,Active
969,Platinum,39090,2026-04-13,2027-04-13,Active
970,Bronze,9803,2024-12-16,2025-12-16,Active
971,Gold,17523,2023-12-16,2024-12-15,Active
972,Bronze,25928,2025-02-14,2026-02-14,Active
973,Bronze,35393,2023-01-05,2024-01-05,Active
974,Bronze,273,2026-01-01,2027-01-01,Active
975,Gold,41936,2022-09-20,2023-09-20,Active
976,Bronze,26248,2022-05-18,2023-05-18,Active
977,Bronze,36587,2022-10-04,2023-10-04,Active
978,Bronze,20425,2022-07-31,2023-07-31,Active
979,Bronze,31317,2024-01-05,2025-01-04,Active
980,Bronze,46607,2022-04-25,2023-04-25,Active
981,Silver,8022,2024-02-18,2025-02-17,Active
982,Gold,32825,2025-12-12,2026-12-12,Active
983,Silver,4735,2024-07-06,2025-07-06,Active
984,Bronze,47025,2024-12-31,2025-12-31,Active
985,Bronze,17048,2026-01-15,2027-01-15,Active
986,Bronze,40650,2021-07-13,2022-07-13,Active
987,Gold,3789,2023-11-29,2024-11-28,Active
988,Silver,47982,2022-02-21,2023-02-21,Active
989,Bronze,44073,2023-03-02,2024-03-01,Active
990,Bronze,10780,2023-05-26,2024-05-25,Inactive
991,Bronze,1384,2024-09-28,2025-09-28,Active
992,Platinum,592,2021-11-26,2022-11-26,Active
993,Silver,15804,2024-02-16,2025-02-15,Active
994,Gold,16582,2022-05-04,2023-05-04,Active
995,Silver,35996,2023-07-15,2024-07-14,Inactive
996,Bronze,4348,2022-01-30,2023-01-30,Active
997,Bronze,40375,2023-06-09,2024-06-08,Active
998,Silver,16834,2025-10-29,2026-10-29,Active
999,Silver,36466,2023-03-26,2024-03-25,Active
1000,Bronze,43130,2024-05-28,2025-05-28,Active
1001,Bronze,15723,2026-07-04,2027-07-04,Inactive
1002,Bronze,10093,2024-03-17,2025-03-17,Active
1003,Bronze,41062,2023-09-04,2024-09-03,Active
1004,Silver,1848,2023-09-27,2024-09-26,Inactive
1005,Silver,32398,2022-06-09,2023-06-09,Active
1006,Bronze,46650,2024-05-11,2025-05-11,Active
1007,Bronze,46345,2024-05-27,2025-05-27,Active
1008,Silver,42367,2023-08-23,2024-08-22,Active
1009,Silver,31705,2023-01-03,2024-01-03,Active
1010,Bronze,6284,2026-02-19,2027-02-19,Active
1011,Bronze,4490,2023-10-06,2024-10-05,Active
1012,Bronze,34182,2021-09-13,2022-09-13,Active
1013,Bronze,26891,2024-08-24,2025-08-24,Active
1014,Silver,39830,2025-07-17,2026-07-17,Active
1015,Gold,15532,2021-12-22,2022-12-22,Active
1016,Silver,23758,2023-12-17,2024-12-16,Active
1017,Silver,7825,2022-04-10,2023-04-10,Active
1018,Bronze,27197,2026-05-10,2027-05-10,Active
1019,Bronze,31533,2026-01-11,2027-01-11,Inactive
1020,Silver,47549,2025-02-09,2026-02-09,Inactive
1021,Gold,19941,2024-11-29,2025-11-29,Active
1022,Silver,36582,2024-07-21,2025-07-21,Active
1023,Bronze,18005,2021-09-23,2022-09-23,Active
1024,Bronze,23164,2025-03-12,2026-03-12,Active
1025,Bronze,42244,2021-10-20,2022-10-20,Active
1026,Bronze,25200,2023-09-19,2024-09-18,Active
1027,Silver,21648,2024-07-20,2025-07-20,Active
1028,Silver,28397,2025-10-28,2026-10-28,Active
1029,Platinum,16251,2025-06-16,2026-06-16,Active
1030,Silver,48528,2025-09-03,2026-09-03,Inactive
1031,Gold,36860,2023-11-05,2024-11-04,Active
1032,Bronze,15767,2023-02-28,2024-02-28,Active
1033,Bronze,40261,2025-09-14,2026-09-14,Active
1034,Silver,33092,2026-04-29,2027-04-29,Active
1035,Silver,22339,2023-01-17,2024-01-17,Active
1036,Platinum,45764,2024-08-18,2025-08-18,Active
1037,Gold,19707,2024-10-15,2025-10-15,Active
1038,Gold,4137,2025-10-15,2026-10-15,Active
1039,Bronze,3363,2023-09-14,2024-09-13,Active
1040,Bronze,35335,2025-07-27,2026-07-27,Active
1041,Gold,29355,2024-07-01,2025-07-01,Active
1042,Bronze,6683,2024-09-15,2025-09-15,Active
1043,Silver,801,2023-04-18,2024-04-17,Active
1044,Bronze,49955,2021-12-27,2022-12-27,Active
1045,Silver,43536,2023-07-22,2024-07-21,Active
1046,Bronze,5580,2026-05-15,2027-05-15,Active
1047,Silver,32762,2022-05-03,2023-05-03,Active
1048,Gold,482,2022-09-02,2023-09-02,Active
1049,Gold,14646,2026-04-25,2027-04-25,Active
1050,Bronze,35081,2023-08-05,2024-08-04,Active
1051,Silver,16377,2023-05-15,2024-05-14,Active
1052,Silver,2165,2022-09-28,2023-09-28,Active
1053,Platinum,19977,2024-05-02,2025-05-02,Active
1054,Bronze,5425,2026-04-16,2027-04-16,Active
1055,Gold,15221,2023-10-23,2024-10-22,Active
1056,Gold,46788,2024-09-25,2025-09-25,Active
1057,Gold,9660,2025-08-05,2026-08-05,Active
1058,Bronze,28417,2021-12-20,2022-12-20,Active
1059,Silver,30948,2025-01-28,2026-01-28,Active
1060,Bronze,12991,2023-05-27,2024-05-26,Active
1061,Bronze,48878,2021-09-02,2022-09-02,Active
1062,Bronze,37217,2023-06-13,2024-06-12,Inactive
1063,Gold,16378,2024-11-18,2025-11-18,Active
1064,Bronze,36245,2026-03-04,2027-03-04,Active
1065,Bronze,4259,2023-01-07,2024-01-07,Active
1066,Bronze,47260,2024-01-01,2024-12-31,Active
1067,Bronze,20209,2026-05-12,2027-05-12,Inactive
1068,Silver,45800,2026-04-11,2027-04-11,Active
1069,Gold,30118,2021-12-11,2022-12-11,Active
1070,Silver,39518,2024-11-19,2025-11-19,Active
1071,Silver,29097,2021-12-26,2022-12-26,Active
1072,Bronze,18107,2022-05-10,2023-05-10,Active
1073,Platinum,44835,2024-08-08,2025-08-08,Inactive
1074,Bronze,12490,2025-04-16,2026-04-16,Inactive
1075,Bronze,5133,2024-10-11,2025-10-11,Active
1076,Silver,27548,2022-08-24,2023-08-24,Active
1077,Gold,8410,2024-12-01,2025-12-01,Active
1078,Bronze,9540,2022-02-16,2023-02-16,Active
1079,Bronze,8309,2022-10-30,2023-10-30,Active
1080,Bronze,26104,2022-01-17,2023-01-17,Active
1081,Gold,10005,2025-11-16,2026-11-16,Active
1082,Bronze,28247,2022-12-11,2023-12-11,Active
1083,Bronze,2615,2024-11-17,2025-11-17,Active
1084,Bronze,33999,2021-11-06,2022-11-06,Active
1085,Bronze,35338,2024-01-28,2025-01-27,Active
1086,Bronze,21514,2024-04-29,2025-04-29,Inactive
1087,Silver,28074,2022-07-03,2023-07-03,Active
1088,Bronze,23775,2023-09-28,2024-09-27,Active
1089,Gold,46708,2023-08-22,2024-08-21,Active
1090,Silver,46439,2024-09-29,2025-09-29,Active
1091,Bronze,43461,2025-10-26,2026-10-26,Active
1092,Silver,10952,2022-01-01,2023-01-01,Inactive
1093,Gold,10049,2025-02-05,2026-02-05,Active
1094,Bronze,30257,2023-08-04,2024-08-03,Inactive
1095,Silver,32426,2022-12-29,2023-12-29,Active
1096,Bronze,44060,2023-03-09,2024-03-08,Active
1097,Bronze,37665,2025-07-16,2026-07-16,Active
1098,Silver,31952,2023-10-22,2024-10-21,Active
1099,Bronze,19709,2023-10-13,2024-10-12,Active
1100,Bronze,26235,2022-07-23,2023-07-23,Active
1101,Platinum,38002,2024-09-29,2025-09-29,Active
1102,Silver,28565,2022-04-23,2023-04-23,Active
1103,Gold,32874,2025-08-01,2026-08-01,Active
1104,Silver,5367,2021-09-13,2022-09-13,Active
1105,Silver,19251,2021-11-13,2022-11-13,Active
1106,Bronze,38989,2022-09-06,2023-09-06,Active
1107,Silver,24132,2025-06-14,2026-06-14,Active
1108,Silver,5010,2021-11-30,2022-11-30,Active
1109,Bronze,44605,2021-12-02,2022-12-02,Active
1110,Bronze,2214,2024-04-02,2025-04-02,Active
1111,Silver,18548,2024-11-22,2025-11-22,Active
1112,Silver,1005,2022-03-07,2023-03-07,Active
1113,Gold,29166,2023-05-19,2024-05-18,Active
1114,Bronze,18554,2026-02-26,2027-02-26,Active
1115,Silver,18646,2023-01-07,2024-01-07,Active
1116,Silver,4617,2025-03-23,2026-03-23,Active
1117,Bronze,38411,2021-07-16,2022-07-16,Active
1118,Silver,16382,2025-05-11,2026-05-11,Active
1119,Silver,8041,2024-06-04,2025-06-04,Inactive
1120,Bronze,27628,2024-09-13,2025-09-13,Active
1121,Bronze,37475,2021-09-25,2022-09-25,Active
1122,Bronze,16929,2026-05-08,2027-05-08,Active
1123,Silver,40398,2024-05-14,2025-05-14,Active
1124,Silver,7749,2024-12-09,2025-12-09,Active
1125,Silver,48119,2024-02-23,2025-02-22,Active
1126,Silver,6130,2024-02-12,2025-02-11,Active
1127,Bronze,10952,2026-03-24,2027-03-24,Active
1128,Bronze,19278,2022-08-31,2023-08-31,Active
1129,Silver,5317,2025-01-18,2026-01-18,Active
1130,Gold,9578,2025-09-22,2026-09-22,Active
1131,Silver,21761,2021-09-21,2022-09-21,Active
1132,Bronze,21327,2023-12-13,2024-12-12,Active
1133,Bronze,46000,2021-08-12,2022-08-12,Active
1134,Bronze,13471,2025-08-20,2026-08-20,Active
1135,Silver,49863,2024-08-12,2025-08-12,Inactive
1136,Silver,34925,2022-03-12,2023-03-12,Active
1137,Silver,23685,2026-06-01,2027-06-01,Active
1138,Silver,20328,2021-08-19,2022-08-19,Active
1139,Silver,20108,2022-11-13,2023-11-13,Active
1140,Silver,21616,2021-12-18,2022-12-18,Active
1141,Bronze,32656,2025-06-19,2026-06-19,Active
1142,Silver,12126,2022-05-13,2023-05-13,Active
1143,Bronze,28292,2026-04-19,2027-04-19,Active
1144,Silver,36799,2023-07-04,2024-07-03,Active
1145,Bronze,11983,2024-12-07,2025-12-07,Active
1146,Silver,5481,2021-11-02,2022-11-02,Active
1147,Silver,12851,2022-10-05,2023-10-05,Active
1148,Bronze,16258,2022-04-12,2023-04-12,Active
1149,Silver,28511,2025-08-07,2026-08-07,Inactive
1150,Bronze,31512,2024-09-28,2025-09-28,Active
1151,Gold,24228,2022-02-02,2023-02-02,Active
1152,Silver,19460,2023-06-27,2024-06-26,Active
1153,Gold,6457,2023-01-08,2024-01-08,Active
1154,Bronze,3118,2026-05-25,2027-05-25,Active
1155,Bronze,2896,2021-11-03,2022-11-03,Active
1156,Bronze,45156,2025-06-11,2026-06-11,Active
1157,Silver,7849,2021-12-20,2022-12-20,Active
1158,Silver,41684,2021-10-20,2022-10-20,Active
1159,Gold,26548,2026-02-28,2027-02-28,Active
1160,Bronze,12694,2024-12-18,2025-12-18,Active
1161,Bronze,43504,2026-05-01,2027-05-01,Active
1162,Silver,15717,2025-07-05,2026-07-05,Active
1163,Bronze,27130,2026-03-22,2027-03-22,Active
1164,Silver,46570,2021-10-30,2022-10-30,Active
1165,Silver,18586,2024-05-16,2025-05-16,Active
1166,Silver,11527,2023-04-09,2024-04-08,Active
1167,Bronze,36205,2021-07-25,2022-07-25,Active
1168,Silver,28879,2024-08-04,2025-08-04,Active
1169,Silver,42260,2022-02-12,2023-02-12,Active
1170,Bronze,14915,2026-07-10,2027-07-10,Active
1171,Bronze,26965,2024-02-05,2025-02-04,Active
1172,Silver,29615,2022-07-01,2023-07-01,Active
1173,Bronze,16812,2022-03-21,2023-03-21,Active
1174,Platinum,22815,2021-09-14,2022-09-14,Active
1175,Bronze,36101,2022-03-16,2023-03-16,Active
1176,Gold,16130,2022-09-17,2023-09-17,Active
1177,Silver,34944,2023-06-17,2024-06-16,Active
1178,Bronze,9096,2024-12-14,2025-12-14,Active
1179,Bronze,4675,2025-03-25,2026-03-25,Active
1180,Platinum,17257,2022-12-02,2023-12-02,Active
1181,Gold,12780,2023-04-11,2024-04-10,Active
1182,Bronze,42458,2022-09-27,2023-09-27,Active
1183,Bronze,21729,2022-07-04,2023-07-04,Active
1184,Bronze,17449,2022-03-18,2023-03-18,Inactive
1185,Bronze,26510,2021-12-22,2022-12-22,Inactive
1186,Bronze,31285,2024-01-03,2025-01-02,Active
1187,Gold,22890,2026-06-30,2027-06-30,Active
1188,Bronze,30552,2025-02-27,2026-02-27,Active
1189,Bronze,44310,2025-01-31,2026-01-31,Active
1190,Gold,20604,2024-03-26,2025-03-26,Active
1191,Bronze,24507,2024-02-16,2025-02-15,Active
1192,Silver,30692,2023-10-17,2024-10-16,Active
1193,Bronze,30445,2021-07-19,2022-07-19,Active
1194,Bronze,16345,2024-02-24,2025-02-23,Active
1195,Bronze,4857,2023-06-17,2024-06-16,Active
1196,Bronze,44537,2023-08-11,2024-08-10,Active
1197,Bronze,2044,2024-04-19,2025-04-19,Active
1198,Bronze,17105,2025-05-20,2026-05-20,Active
1199,Gold,30452,2024-01-17,2025-01-16,Active
1200,Silver,47912,2026-05-07,2027-05-07,Active
1201,Bronze,41595,2024-01-09,2025-01-08,Active
1202,Silver,7612,2023-08-31,2024-08-30,Inactive
1203,Bronze,42871,2025-03-30,2026-03-30,Active
1204,Silver,48679,2023-12-15,2024-12-14,Active
1205,Bronze,35305,2022-04-19,2023-04-19,Active
1206,Silver,32829,2022-12-03,2023-12-03,Active
1207,Silver,42206,2021-09-11,2022-09-11,Active
1208,Silver,7566,2022-01-16,2023-01-16,Inactive
1209,Gold,29711,2026-02-22,2027-02-22,Inactive
1210,Silver,43115,2025-01-31,2026-01-31,Active
1211,Bronze,32239,2024-07-13,2025-07-13,Active
1212,Gold,41422,2023-06-23,2024-06-22,Active
1213,Bronze,36941,2025-11-04,2026-11-04,Active
1214,Bronze,40776,2026-06-05,2027-06-05,Active
1215,Bronze,22296,2025-02-19,2026-02-19,Inactive
1216,Bronze,7592,2024-08-28,2025-08-28,Inactive
1217,Bronze,45316,2026-03-07,2027-03-07,Active
1218,Silver,46168,2021-12-05,2022-12-05,Active
1219,Silver,28993,2023-09-14,2024-09-13,Active
1220,Gold,25265,2026-04-22,2027-04-22,Active
1221,Bronze,13142,2024-02-04,2025-02-03,Active
1222,Bronze,3775,2025-02-25,2026-02-25,Active
1223,Bronze,12137,2022-07-28,2023-07-28,Active
1224,Bronze,47918,2022-02-02,2023-02-02,Active
1225,Bronze,28024,2026-02-02,2027-02-02,Inactive
1226,Bronze,17086,2022-04-07,2023-04-07,Active
1227,Bronze,37744,2021-08-18,2022-08-18,Active
1228,Silver,20339,2021-07-19,2022-07-19,Active
1229,Platinum,8898,2025-01-02,2026-01-02,Active
1230,Silver,43747,2021-10-16,2022-10-16,Active
1231,Bronze,13714,2023-10-10,2024-10-09,Active
1232,Silver,4911,2022-12-13,2023-12-13,Active
1233,Platinum,8096,2026-06-23,2027-06-23,Active
1234,Bronze,13140,2022-06-17,2023-06-17,Active
1235,Bronze,25127,2021-10-12,2022-10-12,Active
1236,Bronze,17422,2026-06-10,2027-06-10,Active
1237,Silver,21811,2025-03-20,2026-03-20,Active
1238,Silver,23368,2022-06-21,2023-06-21,Active
1239,Silver,2031,2024-01-11,2025-01-10,Active
1240,Platinum,48797,2026-04-08,2027-04-08,Active
1241,Platinum,27790,2024-06-27,2025-06-27,Active
1242,Bronze,22311,2026-05-13,2027-05-13,Active
1243,Platinum,32404,2025-08-11,2026-08-11,Inactive
1244,Bronze,40899,2021-11-19,2022-11-19,Active
1245,Gold,31363,2022-11-06,2023-11-06,Active
1246,Gold,39097,2026-02-17,2027-02-17,Active
1247,Bronze,25691,2025-04-20,2026-04-20,Active
1248,Silver,38521,2025-12-06,2026-12-06,Active
1249,Bronze,19854,2022-09-23,2023-09-23,Active
1250,Bronze,39566,2023-06-25,2024-06-24,Active
1251,Bronze,47665,2024-12-25,2025-12-25,Active
1252,Silver,41132,2021-11-10,2022-11-10,Active
1253,Gold,42608,2024-08-11,2025-08-11,Active
1254,Bronze,23023,2021-10-09,2022-10-09,Active
1255,Bronze,30491,2024-10-17,2025-10-17,Active
1256,Silver,4316,2025-09-24,2026-09-24,Active
1257,Bronze,17481,2022-01-02,2023-01-02,Active
1258,Gold,3967,2024-01-12,2025-01-11,Active
1259,Silver,48732,2024-09-18,2025-09-18,Active
1260,Gold,14944,2023-01-26,2024-01-26,Active
1261,Gold,44573,2024-07-21,2025-07-21,Active
1262,Bronze,11318,2025-03-10,2026-03-10,Active
1263,Bronze,23574,2026-03-15,2027-03-15,Active
1264,Silver,11816,2024-02-19,2025-02-18,Active
1265,Bronze,16896,2025-03-23,2026-03-23,Active
1266,Gold,42924,2024-08-19,2025-08-19,Active
1267,Bronze,48862,2021-08-05,2022-08-05,Active
1268,Bronze,15174,2026-03-10,2027-03-10,Active
1269,Silver,31354,2026-03-24,2027-03-24,Active
1270,Gold,26537,2024-08-13,2025-08-13,Active
1271,Bronze,13206,2025-02-21,2026-02-21,Active
1272,Bronze,8867,2022-07-01,2023-07-01,Active
1273,Bronze,17403,2023-06-16,2024-06-15,Active
1274,Gold,46155,2025-05-11,2026-05-11,Active
1275,Bronze,34315,2023-01-10,2024-01-10,Active
1276,Silver,3816,2022-11-11,2023-11-11,Active
1277,Silver,45195,2022-11-13,2023-11-13,Active
1278,Silver,10538,2022-01-23,2023-01-23,Active
1279,Silver,31907,2023-06-27,2024-06-26,Active
1280,Silver,23906,2024-04-17,2025-04-17,Active
1281,Silver,22701,2022-03-16,2023-03-16,Inactive
1282,Bronze,16067,2026-04-08,2027-04-08,Inactive
1283,Silver,35626,2022-10-26,2023-10-26,Active
1284,Bronze,31488,2023-07-06,2024-07-05,Active
1285,Platinum,24589,2022-04-01,2023-04-01,Active
1286,Bronze,31006,2026-02-01,2027-02-01,Active
1287,Bronze,35252,2022-06-01,2023-06-01,Inactive
1288,Platinum,15505,2025-08-03,2026-08-03,Active
1289,Bronze,40215,2026-03-07,2027-03-07,Active
1290,Bronze,19311,2022-06-19,2023-06-19,Active
1291,Silver,18036,2024-07-24,2025-07-24,Active
1292,Bronze,25722,2022-03-16,2023-03-16,Active
1293,Silver,38661,2026-05-15,2027-05-15,Active
1294,Bronze,2497,2022-01-23,2023-01-23,Active
1295,Silver,25909,2024-09-06,2025-09-06,Active
1296,Silver,4770,2025-01-29,2026-01-29,Active
1297,Gold,20424,2024-05-28,2025-05-28,Active
1298,Bronze,28081,2021-10-01,2022-10-01,Active
1299,Bronze,27826,2023-01-30,2024-01-30,Active
1300,Silver,18439,2024-01-22,2025-01-21,Active
1301,Bronze,33977,2022-06-15,2023-06-15,Active
1302,Bronze,1376,2024-05-13,2025-05-13,Active
1303,Bronze,39007,2023-04-25,2024-04-24,Active
1304,Bronze,24132,2023-03-23,2024-03-22,Active
1305,Bronze,49469,2024-05-28,2025-05-28,Active
1306,Bronze,44109,2025-12-03,2026-12-03,Active
1307,Bronze,44821,2025-09-29,2026-09-29,Inactive
1308,Gold,15430,2022-10-22,2023-10-22,Active
1309,Bronze,24122,2025-01-15,2026-01-15,Active
1310,Bronze,48542,2023-06-30,2024-06-29,Active
1311,Gold,6504,2022-06-26,2023-06-26,Active
1312,Bronze,22645,2026-01-06,2027-01-06,Active
1313,Gold,26326,2022-10-24,2023-10-24,Active
1314,Bronze,5520,2022-10-31,2023-10-31,Active
1315,Silver,10923,2025-10-08,2026-10-08,Active
1316,Bronze,4335,2025-09-06,2026-09-06,Inactive
1317,Bronze,36422,2023-04-06,2024-04-05,Active
1318,Silver,37418,2025-12-14,2026-12-14,Active
1319,Silver,28187,2026-06-11,2027-06-11,Active
1320,Silver,13195,2022-08-20,2023-08-20,Active
1321,Silver,6377,2025-07-17,2026-07-17,Active
1322,Bronze,39577,2024-05-23,2025-05-23,Active
1323,Gold,44332,2022-09-09,2023-09-09,Active
1324,Bronze,29413,2026-01-06,2027-01-06,Active
1325,Bronze,28872,2023-06-13,2024-06-12,Active
1326,Gold,18172,2026-01-07,2027-01-07,Active
1327,Silver,10350,2025-03-29,2026-03-29,Active
1328,Silver,25444,2025-11-24,2026-11-24,Active
1329,Bronze,20684,2026-02-27,2027-02-27,Active
1330,Bronze,26108,2025-12-15,2026-12-15,Active
1331,Silver,6966,2024-12-20,2025-12-20,Active
1332,Gold,5054,2025-12-03,2026-12-03,Active
1333,Silver,49865,2024-05-26,2025-05-26,Inactive
1334,Gold,2332,2025-01-22,2026-01-22,Active
1335,Bronze,48666,2021-08-14,2022-08-14,Active
1336,Silver,29524,2023-08-11,2024-08-10,Active
1337,Silver,19922,2026-06-25,2027-06-25,Inactive
1338,Bronze,13195,2025-11-11,2026-11-11,Active
1339,Bronze,30976,2025-01-20,2026-01-20,Active
1340,Bronze,9180,2021-12-27,2022-12-27,Active
1341,Silver,3635,2026-01-15,2027-01-15,Active
1342,Silver,8607,2024-05-09,2025-05-09,Active
1343,Silver,25912,2023-12-28,2024-12-27,Inactive
1344,Bronze,10813,2021-07-12,2022-07-12,Inactive
1345,Bronze,4853,2025-01-25,2026-01-25,Active
1346,Bronze,15707,2022-08-26,2023-08-26,Active
1347,Silver,12937,2024-12-10,2025-12-10,Active
1348,Bronze,32856,2023-07-12,2024-07-11,Active
1349,Bronze,8663,2023-07-21,2024-07-20,Active
1350,Bronze,38877,2024-09-17,2025-09-17,Active
1351,Gold,41083,2023-09-17,2024-09-16,Active
1352,Bronze,24320,2024-02-23,2025-02-22,Active
1353,Gold,38260,2022-09-13,2023-09-13,Active
1354,Gold,10475,2021-10-26,2022-10-26,Active
1355,Silver,10341,2024-06-06,2025-06-06,Active
1356,Silver,18407,2024-07-31,2025-07-31,Active
1357,Bronze,7532,2024-02-29,2025-02-28,Active
1358,Bronze,45784,2023-05-06,2024-05-05,Active
1359,Bronze,11112,2022-09-19,2023-09-19,Active
1360,Silver,27805,2025-08-20,2026-08-20,Active
1361,Bronze,21447,2026-01-06,2027-01-06,Active
1362,Silver,2966,2022-09-29,2023-09-29,Active
1363,Silver,29223,2025-04-10,2026-04-10,Active
1364,Silver,36801,2021-09-15,2022-09-15,Active
1365,Platinum,46232,2023-08-27,2024-08-26,Active
1366,Silver,12268,2025-08-26,2026-08-26,Active
1367,Silver,22392,2022-11-12,2023-11-12,Active
1368,Bronze,27787,2025-07-08,2026-07-08,Active
1369,Bronze,33839,2021-11-07,2022-11-07,Inactive
1370,Bronze,20614,2024-08-13,2025-08-13,Active
1371,Silver,1936,2023-01-15,2024-01-15,Active
1372,Bronze,20666,2026-05-30,2027-05-30,Active
1373,Silver,3707,2024-08-01,2025-08-01,Active
1374,Bronze,31946,2025-07-12,2026-07-12,Active
1375,Silver,15425,2022-01-27,2023-01-27,Active
1376,Silver,45752,2021-08-02,2022-08-02,Active
1377,Bronze,30303,2021-10-12,2022-10-12,Active
1378,Silver,25441,2024-03-18,2025-03-18,Active
1379,Silver,43609,2024-01-27,2025-01-26,Active
1380,Bronze,7256,2021-12-04,2022-12-04,Active
1381,Bronze,28721,2022-03-01,2023-03-01,Active
1382,Silver,31834,2026-01-08,2027-01-08,Active
1383,Bronze,32430,2025-12-09,2026-12-09,Active
1384,Bronze,19171,2024-07-18,2025-07-18,Active
1385,Bronze,24347,2025-04-22,2026-04-22,Active
1386,Gold,45933,2024-06-23,2025-06-23,Active
1387,Bronze,31957,2024-09-10,2025-09-10,Active
1388,Bronze,19318,2022-01-17,2023-01-17,Active
1389,Platinum,38296,2025-11-04,2026-11-04,Active
1390,Bronze,16209,2022-02-04,2023-02-04,Active
1391,Bronze,3632,2022-09-19,2023-09-19,Active
1392,Platinum,10568,2021-07-23,2022-07-23,Active
1393,Bronze,30509,2024-07-23,2025-07-23,Active
1394,Bronze,48103,2023-08-07,2024-08-06,Active
1395,Gold,25736,2023-05-25,2024-05-24,Active
1396,Gold,46334,2025-04-22,2026-04-22,Inactive
1397,Silver,32765,2024-03-13,2025-03-13,Active
1398,Bronze,34426,2025-01-29,2026-01-29,Active
1399,Platinum,32395,2024-09-01,2025-09-01,Inactive
1400,Silver,26384,2023-08-31,2024-08-30,Active
1401,Silver,3937,2024-12-26,2025-12-26,Active
1402,Silver,20599,2023-08-04,2024-08-03,Active
1403,Bronze,18215,2022-10-26,2023-10-26,Active
1404,Bronze,17596,2021-10-26,2022-10-26,Active
1405,Platinum,6654,2024-02-11,2025-02-10,Active
1406,Bronze,12696,2023-10-13,2024-10-12,Active
1407,Bronze,49505,2023-06-01,2024-05-31,Active
1408,Silver,13638,2024-03-30,2025-03-30,Active
1409,Bronze,35613,2022-04-14,2023-04-14,Active
1410,Bronze,1005,2024-07-10,2025-07-10,Active
1411,Gold,12819,2023-09-30,2024-09-29,Active
1412,Silver,46755,2025-03-19,2026-03-19,Active
1413,Bronze,21566,2024-06-01,2025-06-01,Active
1414,Silver,3614,2024-08-26,2025-08-26,Active
1415,Bronze,30504,2024-04-01,2025-04-01,Active
1416,Gold,25333,2023-07-15,2024-07-14,Active
1417,Bronze,49113,2022-09-23,2023-09-23,Active
1418,Bronze,48019,2023-05-03,2024-05-02,Active
1419,Gold,37932,2024-02-13,2025-02-12,Active
1420,Bronze,1088,2021-12-18,2022-12-18,Active
1421,Bronze,22257,2025-07-29,2026-07-29,Inactive
1422,Bronze,6378,2026-05-30,2027-05-30,Active
1423,Gold,7784,2026-02-24,2027-02-24,Active
1424,Bronze,27547,2025-08-25,2026-08-25,Active
1425,Silver,41355,2023-04-24,2024-04-23,Active
1426,Bronze,40284,2025-04-09,2026-04-09,Active
1427,Bronze,23815,2022-09-11,2023-09-11,Active
1428,Bronze,37593,2022-07-13,2023-07-13,Active
1429,Platinum,13162,2026-06-07,2027-06-07,Active
1430,Gold,24803,2021-09-12,2022-09-12,Active
1431,Silver,17971,2021-08-27,2022-08-27,Active
1432,Silver,8578,2021-12-18,2022-12-18,Active
1433,Platinum,26701,2025-09-13,2026-09-13,Active
1434,Gold,16797,2024-06-13,2025-06-13,Active
1435,Bronze,8741,2024-01-21,2025-01-20,Active
1436,Platinum,49801,2026-05-17,2027-05-17,Active
1437,Silver,12873,2025-12-22,2026-12-22,Active
1438,Bronze,6726,2021-11-30,2022-11-30,Active
1439,Bronze,49541,2021-08-31,2022-08-31,Active
1440,Bronze,22637,2022-11-13,2023-11-13,Active
1441,Gold,27588,2025-09-12,2026-09-12,Active
1442,Silver,16872,2021-10-23,2022-10-23,Active
1443,Bronze,27961,2023-04-18,2024-04-17,Active
1444,Bronze,11915,2022-02-28,2023-02-28,Active
1445,Bronze,11792,2026-02-25,2027-02-25,Active
1446,Silver,40208,2023-07-01,2024-06-30,Active
1447,Silver,14873,2025-07-15,2026-07-15,Active
1448,Bronze,42798,2025-06-03,2026-06-03,Inactive
1449,Bronze,31374,2026-06-14,2027-06-14,Active
1450,Silver,21822,2024-12-10,2025-12-10,Active
1451,Bronze,19818,2022-08-16,2023-08-16,Active
1452,Bronze,12004,2022-02-10,2023-02-10,Active
1453,Silver,19601,2025-07-15,2026-07-15,Active
1454,Gold,29923,2024-04-27,2025-04-27,Active
1455,Platinum,26303,2022-02-04,2023-02-04,Active
1456,Silver,7012,2022-12-21,2023-12-21,Active
1457,Bronze,33055,2025-08-09,2026-08-09,Active
1458,Bronze,48181,2025-05-26,2026-05-26,Active
1459,Silver,45501,2021-12-21,2022-12-21,Active
1460,Bronze,347,2023-04-21,2024-04-20,Active
1461,Platinum,16510,2025-04-20,2026-04-20,Active
1462,Bronze,6791,2022-04-02,2023-04-02,Active
1463,Bronze,22990,2022-06-01,2023-06-01,Active
1464,Silver,6983,2025-11-11,2026-11-11,Active
1465,Bronze,8477,2021-07-27,2022-07-27,Inactive
1466,Bronze,48614,2021-10-07,2022-10-07,Active
1467,Silver,30837,2023-08-11,2024-08-10,Active
1468,Bronze,23116,2024-03-01,2025-03-01,Active
1469,Bronze,30976,2021-11-18,2022-11-18,Active
1470,Gold,20003,2024-02-20,2025-02-19,Active
1471,Silver,2159,2023-03-10,2024-03-09,Active
1472,Bronze,28709,2022-02-23,2023-02-23,Active
1473,Bronze,3959,2023-10-09,2024-10-08,Active
1474,Bronze,5710,2021-12-14,2022-12-14,Inactive
1475,Gold,12574,2022-02-01,2023-02-01,Active
1476,Gold,14587,2024-01-17,2025-01-16,Active
1477,Silver,18410,2022-04-12,2023-04-12,Active
1478,Silver,24614,2022-04-08,2023-04-08,Active
1479,Silver,36529,2025-01-26,2026-01-26,Active
1480,Bronze,9720,2024-08-15,2025-08-15,Active
1481,Gold,36855,2023-06-15,2024-06-14,Active
1482,Bronze,25108,2025-01-05,2026-01-05,Active
1483,Bronze,15849,2024-06-03,2025-06-03,Active
1484,Bronze,46441,2024-01-01,2024-12-31,Active
1485,Platinum,26261,2024-11-16,2025-11-16,Active
1486,Bronze,28708,2024-10-24,2025-10-24,Active
1487,Bronze,26048,2026-07-01,2027-07-01,Active
1488,Bronze,32294,2023-05-30,2024-05-29,Active
1489,Bronze,32476,2022-03-19,2023-03-19,Active
1490,Silver,49044,2024-01-20,2025-01-19,Active
1491,Silver,2298,2026-03-16,2027-03-16,Active
1492,Bronze,27128,2024-12-13,2025-12-13,Active
1493,Silver,19539,2024-11-28,2025-11-28,Active
1494,Silver,6015,2022-05-01,2023-05-01,Active
1495,Gold,39000,2025-09-15,2026-09-15,Inactive
1496,Silver,45631,2023-08-26,2024-08-25,Active
1497,Silver,17993,2025-11-27,2026-11-27,Active
1498,Bronze,21544,2023-03-24,2024-03-23,Active
1499,Bronze,2669,2024-09-20,2025-09-20,Active
1500,Bronze,48131,2025-11-01,2026-11-01,Active
1501,Bronze,34196,2024-07-23,2025-07-23,Active
1502,Bronze,10907,2026-04-22,2027-04-22,Active
1503,Silver,12361,2025-05-22,2026-05-22,Active
1504,Silver,2083,2025-07-13,2026-07-13,Active
1505,Silver,22251,2025-03-08,2026-03-08,Active
1506,Bronze,30341,2022-09-23,2023-09-23,Active
1507,Bronze,23675,2022-12-18,2023-12-18,Active
1508,Silver,44465,2022-02-01,2023-02-01,Active
1509,Silver,38108,2026-03-04,2027-03-04,Active
1510,Bronze,30524,2022-07-13,2023-07-13,Active
1511,Bronze,26243,2022-05-04,2023-05-04,Inactive
1512,Silver,24864,2021-12-03,2022-12-03,Active
1513,Silver,26413,2023-07-20,2024-07-19,Active
1514,Gold,25902,2025-03-19,2026-03-19,Active
1515,Bronze,36597,2024-03-25,2025-03-25,Active
1516,Bronze,35351,2024-08-06,2025-08-06,Active
1517,Bronze,12077,2022-04-10,2023-04-10,Active
1518,Bronze,9084,2022-03-30,2023-03-30,Active
1519,Gold,17661,2023-12-09,2024-12-08,Active
1520,Bronze,1779,2022-08-09,2023-08-09,Active
1521,Silver,38873,2023-04-17,2024-04-16,Active
1522,Silver,19825,2022-03-17,2023-03-17,Active
1523,Platinum,5992,2024-04-11,2025-04-11,Active
1524,Bronze,14425,2025-01-08,2026-01-08,Active
1525,Gold,41702,2023-01-30,2024-01-30,Active
1526,Bronze,28816,2025-09-19,2026-09-19,Inactive
1527,Platinum,8675,2022-11-17,2023-11-17,Active
1528,Bronze,48602,2025-01-30,2026-01-30,Active
1529,Silver,31164,2025-01-08,2026-01-08,Active
1530,Gold,32861,2021-11-24,2022-11-24,Inactive
1531,Platinum,35314,2022-11-04,2023-11-04,Active
1532,Bronze,11767,2024-05-25,2025-05-25,Active
1533,Silver,28418,2021-12-22,2022-12-22,Active
1534,Silver,35317,2025-06-16,2026-06-16,Active
1535,Silver,21164,2024-07-12,2025-07-12,Active
1536,Silver,28797,2022-02-04,2023-02-04,Active
1537,Bronze,15485,2021-10-18,2022-10-18,Active
1538,Silver,4494,2025-06-06,2026-06-06,Active
1539,Silver,44671,2022-06-19,2023-06-19,Active
1540,Silver,31910,2025-12-02,2026-12-02,Active
1541,Silver,24265,2024-12-09,2025-12-09,Active
1542,Gold,43167,2025-04-04,2026-04-04,Active
1543,Gold,42865,2022-08-01,2023-08-01,Active
1544,Gold,30549,2026-05-19,2027-05-19,Active
1545,Silver,26355,2022-01-29,2023-01-29,Active
1546,Silver,20045,2024-01-06,2025-01-05,Active
1547,Bronze,481,2023-07-30,2024-07-29,Active
1548,Bronze,11892,2026-03-17,2027-03-17,Active
1549,Gold,7459,2025-09-29,2026-09-29,Active
1550,Bronze,34649,2024-05-03,2025-05-03,Active
1551,Silver,20620,2026-04-18,2027-04-18,Active
1552,Silver,41055,2024-04-06,2025-04-06,Active
1553,Bronze,14699,2023-02-18,2024-02-18,Active
1554,Bronze,5013,2023-07-18,2024-07-17,Active
1555,Gold,41999,2022-08-19,2023-08-19,Active
1556,Bronze,4477,2025-08-12,2026-08-12,Active
1557,Silver,25186,2026-03-11,2027-03-11,Active
1558,Bronze,14196,2025-05-07,2026-05-07,Active
1559,Silver,32428,2022-07-12,2023-07-12,Active
1560,Bronze,8840,2023-01-02,2024-01-02,Active
1561,Bronze,15540,2024-10-30,2025-10-30,Active
1562,Bronze,29256,2021-11-30,2022-11-30,Active
1563,Bronze,32291,2025-12-15,2026-12-15,Active
1564,Gold,11587,2022-07-27,2023-07-27,Active
1565,Gold,43287,2024-07-09,2025-07-09,Active
1566,Bronze,8751,2024-03-05,2025-03-05,Active
1567,Silver,21437,2023-08-22,2024-08-21,Active
1568,Bronze,46491,2022-03-16,2023-03-16,Active
1569,Gold,47427,2025-05-14,2026-05-14,Inactive
1570,Silver,19878,2024-02-21,2025-02-20,Active
1571,Bronze,28757,2021-09-07,2022-09-07,Inactive
1572,Bronze,5170,2025-05-07,2026-05-07,Active
1573,Bronze,3838,2022-12-07,2023-12-07,Active
1574,Bronze,11306,2025-09-03,2026-09-03,Inactive
1575,Bronze,28471,2026-03-17,2027-03-17,Inactive
1576,Silver,10631,2022-09-23,2023-09-23,Active
1577,Gold,25247,2025-03-15,2026-03-15,Active
1578,Silver,39280,2021-08-25,2022-08-25,Inactive
1579,Gold,44979,2025-11-06,2026-11-06,Active
1580,Bronze,16316,2025-08-02,2026-08-02,Active
1581,Silver,19915,2021-12-26,2022-12-26,Active
1582,Bronze,28489,2025-11-12,2026-11-12,Active
1583,Bronze,15224,2024-12-31,2025-12-31,Active
1584,Bronze,30411,2025-06-18,2026-06-18,Active
1585,Bronze,33832,2024-04-15,2025-04-15,Active
1586,Gold,25764,2021-10-18,2022-10-18,Active
1587,Platinum,8837,2023-10-16,2024-10-15,Active
1588,Bronze,26873,2021-12-27,2022-12-27,Active
1589,Bronze,33539,2024-09-14,2025-09-14,Inactive
1590,Silver,3828,2023-10-24,2024-10-23,Active
1591,Bronze,31190,2025-01-23,2026-01-23,Active
1592,Bronze,12564,2022-02-12,2023-02-12,Active
1593,Bronze,37018,2023-09-16,2024-09-15,Active
1594,Bronze,15744,2023-02-19,2024-02-19,Active
1595,Silver,14095,2025-05-13,2026-05-13,Inactive
1596,Silver,12605,2021-09-26,2022-09-26,Active
1597,Silver,9950,2025-12-28,2026-12-28,Active
1598,Bronze,47359,2025-01-26,2026-01-26,Active
1599,Gold,21124,2023-11-11,2024-11-10,Inactive
1600,Bronze,40153,2024-11-23,2025-11-23,Active
1601,Gold,719,2022-11-27,2023-11-27,Active
1602,Bronze,42422,2021-08-17,2022-08-17,Active
1603,Platinum,38550,2022-11-09,2023-11-09,Active
1604,Gold,4955,2022-04-02,2023-04-02,Active
1605,Bronze,819,2023-04-15,2024-04-14,Inactive
1606,Silver,35554,2022-03-06,2023-03-06,Active
1607,Bronze,31024,2025-11-09,2026-11-09,Active
1608,Silver,13311,2024-01-08,2025-01-07,Active
1609,Platinum,9699,2022-04-23,2023-04-23,Active
1610,Bronze,2644,2023-12-28,2024-12-27,Active
1611,Bronze,35799,2024-06-10,2025-06-10,Inactive
1612,Bronze,3123,2021-12-23,2022-12-23,Active
1613,Silver,30060,2024-07-30,2025-07-30,Active
1614,Silver,45880,2022-08-13,2023-08-13,Inactive
1615,Bronze,11828,2022-05-21,2023-05-21,Active
1616,Bronze,26764,2023-06-04,2024-06-03,Active
1617,Silver,22651,2024-05-10,2025-05-10,Active
1618,Platinum,47726,2025-03-23,2026-03-23,Active
1619,Platinum,9332,2022-08-16,2023-08-16,Active
1620,Silver,13134,2024-10-22,2025-10-22,Active
1621,Silver,46089,2024-08-09,2025-08-09,Active
1622,Bronze,26338,2024-05-11,2025-05-11,Active
1623,Bronze,32497,2024-05-19,2025-05-19,Active
1624,Silver,37126,2023-01-02,2024-01-02,Active
1625,Bronze,45319,2021-10-31,2022-10-31,Active
1626,Gold,19979,2021-11-25,2022-11-25,Active
1627,Bronze,37137,2024-05-04,2025-05-04,Active
1628,Bronze,2215,2024-10-08,2025-10-08,Active
1629,Platinum,49052,2022-11-17,2023-11-17,Active
1630,Bronze,35274,2022-08-18,2023-08-18,Active
1631,Bronze,40891,2022-06-14,2023-06-14,Active
1632,Gold,48184,2025-01-20,2026-01-20,Active
1633,Gold,16177,2025-03-18,2026-03-18,Active
1634,Silver,19588,2026-01-16,2027-01-16,Active
1635,Bronze,38314,2024-09-05,2025-09-05,Active
1636,Platinum,36383,2024-09-01,2025-09-01,Active
1637,Silver,20367,2025-12-16,2026-12-16,Active
1638,Gold,16103,2023-02-05,2024-02-05,Inactive
1639,Bronze,25085,2025-08-27,2026-08-27,Active
1640,Bronze,4405,2025-08-12,2026-08-12,Active
1641,Bronze,45115,2024-04-02,2025-04-02,Active
1642,Bronze,12979,2023-03-14,2024-03-13,Active
1643,Silver,4767,2025-10-14,2026-10-14,Inactive
1644,Bronze,42190,2026-05-14,2027-05-14,Active
1645,Silver,43108,2023-08-30,2024-08-29,Inactive
1646,Bronze,44131,2022-06-15,2023-06-15,Inactive
1647,Silver,25095,2024-10-23,2025-10-23,Active
1648,Bronze,27550,2022-08-15,2023-08-15,Active
1649,Silver,23472,2023-01-01,2024-01-01,Active
1650,Bronze,1297,2022-11-21,2023-11-21,Active
1651,Bronze,28937,2025-08-20,2026-08-20,Active
1652,Bronze,32421,2022-02-26,2023-02-26,Inactive
1653,Silver,17189,2025-03-12,2026-03-12,Active
1654,Silver,5219,2025-08-19,2026-08-19,Active
1655,Silver,25707,2025-05-28,2026-05-28,Inactive
1656,Bronze,46264,2024-02-07,2025-02-06,Active
1657,Bronze,14151,2022-07-03,2023-07-03,Active
1658,Bronze,33214,2026-05-21,2027-05-21,Active
1659,Silver,35793,2025-04-24,2026-04-24,Active
1660,Silver,25211,2025-08-26,2026-08-26,Inactive
1661,Silver,4317,2021-11-28,2022-11-28,Active
1662,Bronze,8254,2022-03-26,2023-03-26,Active
1663,Silver,45401,2024-10-16,2025-10-16,Active
1664,Gold,11699,2022-05-09,2023-05-09,Active
1665,Silver,21091,2023-09-18,2024-09-17,Active
1666,Bronze,4715,2026-06-28,2027-06-28,Active
1667,Bronze,42835,2025-10-05,2026-10-05,Active
1668,Bronze,40015,2022-04-04,2023-04-04,Inactive
1669,Silver,33264,2024-04-11,2025-04-11,Active
1670,Bronze,23428,2026-06-25,2027-06-25,Active
1671,Gold,35610,2024-01-21,2025-01-20,Active
1672,Bronze,43222,2022-11-13,2023-11-13,Inactive
1673,Silver,35262,2025-01-15,2026-01-15,Active
1674,Silver,45154,2024-11-14,2025-11-14,Active
1675,Platinum,34632,2024-12-10,2025-12-10,Active
1676,Silver,8453,2025-10-23,2026-10-23,Active
1677,Silver,16347,2022-03-23,2023-03-23,Active
1678,Bronze,36800,2025-03-23,2026-03-23,Inactive
1679,Bronze,38029,2025-08-14,2026-08-14,Active
1680,Silver,5406,2022-02-09,2023-02-09,Active
1681,Bronze,19933,2025-05-11,2026-05-11,Active
1682,Bronze,40682,2023-05-20,2024-05-19,Active
1683,Bronze,19004,2024-08-08,2025-08-08,Active
1684,Silver,14395,2023-04-21,2024-04-20,Inactive
1685,Bronze,36011,2022-10-15,2023-10-15,Active
1686,Bronze,1791,2022-02-10,2023-02-10,Active
1687,Silver,46049,2023-05-24,2024-05-23,Inactive
1688,Bronze,27403,2022-04-13,2023-04-13,Active
1689,Bronze,48682,2022-09-23,2023-09-23,Active
1690,Bronze,27541,2024-05-19,2025-05-19,Active
1691,Gold,13873,2026-07-03,2027-07-03,Inactive
1692,Platinum,44961,2022-02-19,2023-02-19,Active
1693,Silver,44106,2022-05-10,2023-05-10,Active
1694,Bronze,4594,2021-11-29,2022-11-29,Active
1695,Bronze,2650,2025-02-10,2026-02-10,Active
1696,Bronze,10802,2023-03-18,2024-03-17,Inactive
1697,Bronze,37567,2022-05-06,2023-05-06,Active
1698,Bronze,49177,2025-04-29,2026-04-29,Active
1699,Silver,37260,2026-03-31,2027-03-31,Inactive
1700,Silver,35698,2025-01-29,2026-01-29,Active
1701,Bronze,40062,2026-03-19,2027-03-19,Active
1702,Bronze,3060,2026-01-12,2027-01-12,Active
1703,Bronze,47115,2025-03-20,2026-03-20,Active
1704,Silver,12592,2025-03-21,2026-03-21,Active
1705,Bronze,40022,2021-12-24,2022-12-24,Active
1706,Bronze,30132,2026-06-30,2027-06-30,Active
1707,Gold,28415,2023-03-21,2024-03-20,Active
1708,Gold,36114,2026-02-11,2027-02-11,Active
1709,Bronze,44948,2024-07-01,2025-07-01,Active
1710,Bronze,48968,2022-10-20,2023-10-20,Active
1711,Bronze,46692,2026-05-01,2027-05-01,Active
1712,Gold,35818,2023-12-03,2024-12-02,Inactive
1713,Gold,1795,2025-02-04,2026-02-04,Active
1714,Bronze,43567,2024-01-30,2025-01-29,Active
1715,Silver,12615,2022-09-02,2023-09-02,Active
1716,Gold,43255,2023-12-11,2024-12-10,Active
1717,Gold,18581,2024-10-26,2025-10-26,Active
1718,Platinum,49143,2023-12-27,2024-12-26,Active
1719,Gold,27827,2024-06-05,2025-06-05,Active
1720,Bronze,7575,2024-06-28,2025-06-28,Active
1721,Platinum,16394,2026-02-07,2027-02-07,Active
1722,Bronze,24983,2024-02-07,2025-02-06,Active
1723,Bronze,34580,2025-10-24,2026-10-24,Active
1724,Silver,1976,2022-04-26,2023-04-26,Active
1725,Silver,18879,2023-06-18,2024-06-17,Active
1726,Silver,19836,2022-09-23,2023-09-23,Active
1727,Bronze,22669,2022-12-30,2023-12-30,Active
1728,Platinum,27032,2024-01-25,2025-01-24,Active
1729,Silver,6778,2021-08-01,2022-08-01,Active
1730,Platinum,36421,2026-02-26,2027-02-26,Active
1731,Bronze,40658,2023-01-26,2024-01-26,Active
1732,Silver,25570,2023-09-24,2024-09-23,Active
1733,Silver,34863,2026-03-14,2027-03-14,Active
1734,Gold,14599,2021-10-11,2022-10-11,Active
1735,Silver,39580,2023-03-13,2024-03-12,Active
1736,Silver,12307,2021-08-15,2022-08-15,Active
1737,Silver,3721,2024-09-02,2025-09-02,Active
1738,Bronze,34965,2021-09-26,2022-09-26,Active
1739,Bronze,6656,2024-06-03,2025-06-03,Active
1740,Bronze,39224,2026-06-08,2027-06-08,Active
1741,Bronze,20167,2023-08-05,2024-08-04,Active
1742,Silver,35468,2024-12-28,2025-12-28,Active
1743,Bronze,11302,2024-10-21,2025-10-21,Active
1744,Silver,34029,2025-05-05,2026-05-05,Active
1745,Silver,19997,2023-06-19,2024-06-18,Active
1746,Silver,790,2026-03-06,2027-03-06,Active
1747,Gold,21035,2021-08-30,2022-08-30,Active
1748,Bronze,36988,2022-04-05,2023-04-05,Active
1749,Silver,39316,2022-06-09,2023-06-09,Active
1750,Silver,1136,2023-12-16,2024-12-15,Active
1751,Gold,25976,2021-07-21,2022-07-21,Active
1752,Bronze,3922,2023-07-22,2024-07-21,Active
1753,Bronze,42091,2025-02-15,2026-02-15,Active
1754,Bronze,39053,2025-06-29,2026-06-29,Active
1755,Silver,730,2022-11-18,2023-11-18,Active
1756,Bronze,26786,2024-05-04,2025-05-04,Active
1757,Bronze,20382,2023-05-12,2024-05-11,Active
1758,Bronze,15964,2026-03-29,2027-03-29,Active
1759,Gold,43276,2025-04-14,2026-04-14,Active
1760,Silver,19650,2022-09-25,2023-09-25,Active
1761,Silver,11759,2024-08-05,2025-08-05,Active
1762,Bronze,8659,2024-06-19,2025-06-19,Active
1763,Bronze,5237,2022-03-29,2023-03-29,Active
1764,Silver,8834,2026-06-26,2027-06-26,Active
1765,Gold,45007,2024-09-27,2025-09-27,Active
1766,Bronze,25022,2026-03-26,2027-03-26,Active
1767,Silver,20219,2025-05-24,2026-05-24,Active
1768,Bronze,32059,2021-08-11,2022-08-11,Active
1769,Bronze,22830,2025-07-15,2026-07-15,Active
1770,Bronze,37945,2023-12-13,2024-12-12,Active
1771,Gold,4767,2024-01-25,2025-01-24,Active
1772,Gold,24129,2025-08-26,2026-08-26,Active
1773,Bronze,48838,2026-01-23,2027-01-23,Active
1774,Platinum,33253,2025-01-26,2026-01-26,Active
1775,Platinum,43652,2023-02-22,2024-02-22,Inactive
1776,Bronze,35666,2026-04-11,2027-04-11,Active
1777,Gold,12401,2022-06-17,2023-06-17,Active
1778,Gold,32443,2025-09-14,2026-09-14,Active
1779,Platinum,868,2025-10-15,2026-10-15,Active
1780,Bronze,44148,2025-09-24,2026-09-24,Active
1781,Gold,30043,2022-01-31,2023-01-31,Active
1782,Bronze,4892,2026-04-15,2027-04-15,Active
1783,Bronze,46984,2024-03-08,2025-03-08,Active
1784,Silver,30539,2022-07-16,2023-07-16,Inactive
1785,Gold,2005,2025-04-13,2026-04-13,Active
1786,Silver,48776,2022-09-15,2023-09-15,Active
1787,Bronze,36212,2026-02-19,2027-02-19,Active
1788,Bronze,45565,2024-08-15,2025-08-15,Active
1789,Bronze,24509,2024-03-12,2025-03-12,Active
1790,Bronze,3393,2023-12-07,2024-12-06,Active
1791,Silver,18241,2025-04-25,2026-04-25,Active
1792,Silver,17118,2021-10-22,2022-10-22,Active
1793,Silver,29149,2022-07-22,2023-07-22,Active
1794,Silver,36917,2022-04-19,2023-04-19,Inactive
1795,Bronze,7430,2021-10-21,2022-10-21,Active
1796,Silver,38143,2026-04-22,2027-04-22,Active
1797,Bronze,31524,2022-04-06,2023-04-06,Active
1798,Silver,45609,2024-03-24,2025-03-24,Active
1799,Bronze,23323,2025-11-03,2026-11-03,Active
1800,Bronze,1945,2024-03-09,2025-03-09,Inactive
1801,Bronze,10293,2024-10-23,2025-10-23,Active
1802,Silver,12215,2025-02-24,2026-02-24,Active
1803,Silver,19661,2021-12-15,2022-12-15,Active
1804,Bronze,25533,2026-04-25,2027-04-25,Active
1805,Bronze,10237,2025-08-31,2026-08-31,Active
1806,Bronze,29396,2022-03-21,2023-03-21,Inactive
1807,Silver,4022,2025-05-30,2026-05-30,Active
1808,Silver,10596,2026-03-05,2027-03-05,Active
1809,Bronze,6944,2024-07-28,2025-07-28,Active
1810,Silver,40510,2026-03-20,2027-03-20,Active
1811,Bronze,18497,2024-01-30,2025-01-29,Active
1812,Silver,17511,2022-12-19,2023-12-19,Active
1813,Bronze,10735,2022-11-14,2023-11-14,Active
1814,Gold,21942,2024-11-04,2025-11-04,Active
1815,Platinum,1535,2025-04-15,2026-04-15,Active
1816,Silver,15986,2024-05-08,2025-05-08,Active
1817,Bronze,22398,2025-01-02,2026-01-02,Active
1818,Silver,13520,2022-02-05,2023-02-05,Active
1819,Gold,27518,2026-05-10,2027-05-10,Active
1820,Silver,8317,2024-06-07,2025-06-07,Active
1821,Bronze,18491,2023-02-23,2024-02-23,Active
1822,Bronze,39865,2025-08-20,2026-08-20,Active
1823,Gold,18614,2023-07-14,2024-07-13,Active
1824,Silver,31329,2021-08-10,2022-08-10,Active
1825,Silver,27906,2024-01-14,2025-01-13,Active
1826,Bronze,5909,2026-05-02,2027-05-02,Active
1827,Bronze,32935,2026-03-30,2027-03-30,Active
1828,Silver,1678,2022-08-26,2023-08-26,Active
1829,Bronze,22937,2023-05-30,2024-05-29,Active
1830,Silver,8232,2021-09-30,2022-09-30,Active
1831,Bronze,47747,2021-09-03,2022-09-03,Inactive
1832,Bronze,46775,2025-07-28,2026-07-28,Active
1833,Gold,1667,2023-03-20,2024-03-19,Active
1834,Bronze,1844,2022-08-19,2023-08-19,Active
1835,Bronze,20054,2024-12-11,2025-12-11,Active
1836,Bronze,36245,2021-10-19,2022-10-19,Active
1837,Silver,41360,2024-09-29,2025-09-29,Active
1838,Silver,11275,2024-08-23,2025-08-23,Active
1839,Gold,14605,2023-05-30,2024-05-29,Inactive
1840,Bronze,34494,2021-11-24,2022-11-24,Active
1841,Silver,48049,2022-11-28,2023-11-28,Inactive
1842,Gold,40733,2024-07-07,2025-07-07,Inactive
1843,Bronze,40603,2025-04-05,2026-04-05,Active
1844,Bronze,18883,2024-06-05,2025-06-05,Active
1845,Bronze,43760,2026-01-16,2027-01-16,Inactive
1846,Bronze,21427,2022-07-18,2023-07-18,Active
1847,Bronze,37907,2023-07-21,2024-07-20,Active
1848,Gold,33392,2023-01-22,2024-01-22,Inactive
1849,Silver,22998,2021-11-19,2022-11-19,Active
1850,Silver,14233,2022-09-16,2023-09-16,Active
1851,Gold,45771,2024-11-22,2025-11-22,Active
1852,Silver,29775,2024-06-27,2025-06-27,Active
1853,Silver,12093,2023-06-03,2024-06-02,Active
1854,Silver,42038,2023-02-06,2024-02-06,Active
1855,Bronze,2801,2023-11-30,2024-11-29,Active
1856,Bronze,30571,2024-10-18,2025-10-18,Active
1857,Silver,6869,2022-10-09,2023-10-09,Active
1858,Bronze,45487,2022-12-24,2023-12-24,Active
1859,Bronze,23388,2025-06-05,2026-06-05,Inactive
1860,Bronze,3071,2024-08-18,2025-08-18,Active
1861,Gold,2476,2025-03-02,2026-03-02,Active
1862,Silver,47180,2022-01-11,2023-01-11,Active
1863,Gold,33631,2024-01-18,2025-01-17,Active
1864,Bronze,5900,2022-01-22,2023-01-22,Inactive
1865,Silver,39431,2021-10-04,2022-10-04,Active
1866,Bronze,5037,2023-10-12,2024-10-11,Inactive
1867,Silver,38880,2025-09-03,2026-09-03,Active
1868,Silver,14918,2025-10-12,2026-10-12,Active
1869,Bronze,40110,2026-04-03,2027-04-03,Active
1870,Bronze,6947,2022-11-26,2023-11-26,Active
1871,Bronze,11913,2022-06-04,2023-06-04,Active
1872,Bronze,7672,2022-12-01,2023-12-01,Inactive
1873,Bronze,21949,2026-05-26,2027-05-26,Active
1874,Bronze,2088,2023-10-15,2024-10-14,Active
1875,Bronze,40874,2023-07-13,2024-07-12,Active
1876,Bronze,1883,2025-04-29,2026-04-29,Inactive
1877,Bronze,22619,2026-04-15,2027-04-15,Inactive
1878,Gold,607,2025-02-04,2026-02-04,Active
1879,Bronze,39808,2024-09-06,2025-09-06,Inactive
1880,Bronze,39065,2021-08-08,2022-08-08,Active
1881,Silver,21044,2024-09-10,2025-09-10,Active
1882,Bronze,16042,2022-11-06,2023-11-06,Active
1883,Platinum,21890,2022-11-10,2023-11-10,Active
1884,Gold,48796,2024-01-16,2025-01-15,Active
1885,Silver,27546,2023-12-19,2024-12-18,Active
1886,Gold,31691,2023-10-20,2024-10-19,Active
1887,Gold,17796,2024-08-18,2025-08-18,Active
1888,Bronze,27823,2024-07-04,2025-07-04,Active
1889,Gold,45187,2024-06-12,2025-06-12,Active
1890,Bronze,37441,2024-12-11,2025-12-11,Active
1891,Silver,38482,2023-08-30,2024-08-29,Active
1892,Bronze,10534,2026-03-25,2027-03-25,Active
1893,Bronze,3820,2023-08-21,2024-08-20,Active
1894,Silver,1417,2025-08-11,2026-08-11,Active
1895,Bronze,21037,2023-01-13,2024-01-13,Active
1896,Bronze,11808,2025-06-21,2026-06-21,Active
1897,Bronze,32692,2023-06-05,2024-06-04,Active
1898,Bronze,28335,2025-11-26,2026-11-26,Active
1899,Gold,37209,2023-06-09,2024-06-08,Active
1900,Platinum,8186,2026-01-12,2027-01-12,Active
1901,Platinum,38251,2025-08-23,2026-08-23,Active
1902,Silver,2668,2023-07-17,2024-07-16,Active
1903,Gold,31214,2022-01-04,2023-01-04,Active
1904,Bronze,21260,2026-04-21,2027-04-21,Active
1905,Silver,27768,2021-12-09,2022-12-09,Active
1906,Bronze,28637,2021-11-24,2022-11-24,Inactive
1907,Bronze,27115,2023-05-26,2024-05-25,Active
1908,Bronze,19632,2022-07-15,2023-07-15,Active
1909,Bronze,777,2023-03-31,2024-03-30,Active
1910,Bronze,4243,2024-05-06,2025-05-06,Active
1911,Gold,33259,2023-02-11,2024-02-11,Active
1912,Silver,23775,2026-04-04,2027-04-04,Active
1913,Gold,9341,2022-09-27,2023-09-27,Active
1914,Silver,24398,2025-07-05,2026-07-05,Active
1915,Bronze,31853,2022-06-30,2023-06-30,Inactive
1916,Bronze,23511,2026-05-03,2027-05-03,Inactive
1917,Silver,6518,2026-01-20,2027-01-20,Inactive
1918,Silver,8628,2025-02-19,2026-02-19,Active
1919,Bronze,26137,2021-11-30,2022-11-30,Active
1920,Gold,24571,2022-03-05,2023-03-05,Active
1921,Gold,33789,2024-06-19,2025-06-19,Active
1922,Silver,25149,2025-02-06,2026-02-06,Active
1923,Silver,27561,2026-06-21,2027-06-21,Active
1924,Silver,14955,2024-07-24,2025-07-24,Active
1925,Gold,38172,2021-08-09,2022-08-09,Active
1926,Silver,20839,2023-02-06,2024-02-06,Active
1927,Bronze,2336,2022-02-28,2023-02-28,Active
1928,Bronze,37098,2025-10-31,2026-10-31,Active
1929,Silver,31040,2022-04-09,2023-04-09,Active
1930,Bronze,5157,2022-03-26,2023-03-26,Active
1931,Bronze,5522,2025-06-02,2026-06-02,Active
1932,Gold,31108,2021-12-15,2022-12-15,Active
1933,Bronze,22197,2025-02-17,2026-02-17,Active
1934,Bronze,11859,2024-04-03,2025-04-03,Active
1935,Bronze,47067,2024-11-16,2025-11-16,Active
1936,Bronze,38029,2026-01-24,2027-01-24,Active
1937,Silver,17135,2023-01-31,2024-01-31,Active
1938,Bronze,5160,2025-03-16,2026-03-16,Active
1939,Silver,33483,2025-08-08,2026-08-08,Active
1940,Bronze,1783,2022-03-01,2023-03-01,Inactive
1941,Platinum,42743,2025-09-18,2026-09-18,Active
1942,Bronze,35553,2022-12-02,2023-12-02,Active
1943,Bronze,16854,2022-04-20,2023-04-20,Active
1944,Gold,26669,2024-09-12,2025-09-12,Active
1945,Gold,16423,2023-12-01,2024-11-30,Active
1946,Gold,34746,2024-09-08,2025-09-08,Inactive
1947,Gold,22568,2026-03-24,2027-03-24,Active
1948,Bronze,29326,2025-01-21,2026-01-21,Inactive
1949,Bronze,4748,2021-09-08,2022-09-08,Active
1950,Bronze,28693,2023-10-13,2024-10-12,Active
1951,Silver,18521,2023-09-20,2024-09-19,Active
1952,Gold,38999,2023-04-28,2024-04-27,Active
1953,Bronze,6922,2023-06-18,2024-06-17,Inactive
1954,Bronze,40128,2025-04-16,2026-04-16,Active
1955,Bronze,49515,2022-08-24,2023-08-24,Active
1956,Bronze,40687,2023-04-04,2024-04-03,Active
1957,Gold,30643,2026-01-06,2027-01-06,Active
1958,Gold,16791,2025-12-29,2026-12-29,Active
1959,Bronze,4515,2025-01-24,2026-01-24,Active
1960,Silver,32691,2025-07-09,2026-07-09,Active
1961,Bronze,34593,2022-07-30,2023-07-30,Active
1962,Bronze,12501,2024-12-18,2025-12-18,Active
1963,Silver,25533,2021-07-13,2022-07-13,Active
1964,Bronze,38122,2022-12-11,2023-12-11,Active
1965,Bronze,34767,2023-03-18,2024-03-17,Inactive
1966,Silver,12772,2025-10-31,2026-10-31,Active
1967,Silver,29587,2026-05-15,2027-05-15,Inactive
1968,Platinum,25225,2023-10-28,2024-10-27,Active
1969,Gold,38159,2025-12-16,2026-12-16,Active
1970,Silver,9030,2023-08-26,2024-08-25,Active
1971,Bronze,4171,2025-01-19,2026-01-19,Active
1972,Silver,46656,2022-01-19,2023-01-19,Active
1973,Platinum,37248,2023-04-30,2024-04-29,Active
1974,Bronze,37261,2022-11-02,2023-11-02,Active
1975,Silver,28988,2024-08-05,2025-08-05,Active
1976,Platinum,10402,2026-03-27,2027-03-27,Active
1977,Silver,10627,2021-08-14,2022-08-14,Active
1978,Silver,23804,2022-07-06,2023-07-06,Active
1979,Bronze,13216,2025-02-06,2026-02-06,Active
1980,Platinum,41560,2024-05-15,2025-05-15,Active
1981,Gold,34838,2024-07-29,2025-07-29,Active
1982,Gold,28890,2026-06-28,2027-06-28,Active
1983,Gold,45518,2026-07-10,2027-07-10,Active
1984,Bronze,45188,2025-05-15,2026-05-15,Inactive
1985,Bronze,16705,2022-08-19,2023-08-19,Active
1986,Bronze,3387,2024-10-05,2025-10-05,Active
1987,Silver,46789,2022-03-17,2023-03-17,Active
1988,Silver,42757,2023-08-31,2024-08-30,Active
1989,Silver,31821,2025-05-24,2026-05-24,Active
1990,Gold,17492,2024-05-16,2025-05-16,Active
1991,Silver,42064,2026-01-25,2027-01-25,Active
1992,Silver,44908,2023-03-23,2024-03-22,Active
1993,Gold,13315,2026-02-10,2027-02-10,Active
1994,Gold,35331,2024-03-17,2025-03-17,Active
1995,Silver,45531,2026-06-28,2027-06-28,Active
1996,Bronze,31186,2024-08-09,2025-08-09,Active
1997,Silver,17632,2025-05-21,2026-05-21,Active
1998,Silver,20459,2022-02-21,2023-02-21,Active
1999,Bronze,16578,2026-07-06,2027-07-06,Active
2000,Bronze,43353,2024-12-14,2025-12-14,Active
2001,Bronze,19064,2025-02-08,2026-02-08,Active
2002,Bronze,29160,2023-01-02,2024-01-02,Active
2003,Gold,37512,2026-03-15,2027-03-15,Active
2004,Bronze,36618,2025-02-14,2026-02-14,Active
2005,Bronze,9047,2025-10-07,2026-10-07,Active
2006,Gold,45666,2025-10-07,2026-10-07,Active
2007,Bronze,47412,2025-12-23,2026-12-23,Active
2008,Bronze,32560,2025-11-16,2026-11-16,Active
2009,Bronze,44513,2024-07-04,2025-07-04,Active
2010,Bronze,13365,2022-06-01,2023-06-01,Active
2011,Bronze,22068,2023-09-18,2024-09-17,Active
2012,Bronze,32717,2024-09-25,2025-09-25,Active
2013,Bronze,28053,2026-04-25,2027-04-25,Active
2014,Bronze,9511,2022-01-06,2023-01-06,Active
2015,Bronze,45541,2023-06-18,2024-06-17,Active
2016,Bronze,18943,2023-03-11,2024-03-10,Active
2017,Gold,18264,2025-11-30,2026-11-30,Active
2018,Bronze,43278,2023-10-31,2024-10-30,Active
2019,Bronze,12305,2024-11-01,2025-11-01,Active
2020,Silver,46579,2022-10-17,2023-10-17,Active
2021,Silver,37247,2024-03-24,2025-03-24,Active
2022,Bronze,25749,2025-05-09,2026-05-09,Active
2023,Bronze,35390,2026-02-28,2027-02-28,Active
2024,Silver,37693,2023-02-03,2024-02-03,Active
2025,Silver,30216,2025-01-01,2026-01-01,Active
2026,Platinum,23807,2026-06-30,2027-06-30,Active
2027,Silver,1749,2023-01-09,2024-01-09,Active
2028,Bronze,20859,2025-02-13,2026-02-13,Active
2029,Bronze,23232,2024-01-29,2025-01-28,Active
2030,Silver,7994,2025-05-06,2026-05-06,Active
2031,Bronze,18011,2022-06-18,2023-06-18,Active
2032,Silver,24606,2024-07-19,2025-07-19,Active
2033,Silver,3717,2025-09-13,2026-09-13,Active
2034,Bronze,16760,2023-03-08,2024-03-07,Active
2035,Bronze,49255,2022-06-09,2023-06-09,Active
2036,Silver,32697,2024-07-10,2025-07-10,Active
2037,Bronze,49191,2026-04-22,2027-04-22,Active
2038,Gold,13664,2024-12-25,2025-12-25,Active
2039,Silver,26828,2022-12-16,2023-12-16,Active
2040,Bronze,1652,2024-07-31,2025-07-31,Active
2041,Bronze,28146,2022-04-04,2023-04-04,Active
2042,Silver,29558,2024-05-18,2025-05-18,Active
2043,Bronze,41206,2023-05-17,2024-05-16,Active
2044,Bronze,26369,2024-06-28,2025-06-28,Active
2045,Bronze,16429,2021-11-09,2022-11-09,Inactive
2046,Bronze,42475,2024-07-03,2025-07-03,Active
2047,Bronze,5726,2022-01-25,2023-01-25,Inactive
2048,Gold,42586,2023-06-16,2024-06-15,Active
2049,Bronze,35518,2025-05-14,2026-05-14,Active
2050,Bronze,40871,2023-05-25,2024-05-24,Inactive
2051,Gold,47567,2023-03-23,2024-03-22,Active
2052,Silver,19101,2025-09-27,2026-09-27,Active
2053,Silver,44551,2024-08-21,2025-08-21,Inactive
2054,Silver,35888,2026-02-03,2027-02-03,Active
2055,Bronze,8155,2023-04-16,2024-04-15,Active
2056,Bronze,17415,2024-08-11,2025-08-11,Active
2057,Silver,27358,2022-01-04,2023-01-04,Active
2058,Bronze,20498,2025-07-16,2026-07-16,Active
2059,Bronze,24189,2022-12-04,2023-12-04,Active
2060,Bronze,7265,2025-12-13,2026-12-13,Active
2061,Silver,37783,2026-04-10,2027-04-10,Active
2062,Silver,25236,2022-06-17,2023-06-17,Active
2063,Bronze,30748,2023-06-01,2024-05-31,Active
2064,Bronze,25601,2022-08-20,2023-08-20,Inactive
2065,Gold,42509,2026-05-25,2027-05-25,Active
2066,Gold,30620,2022-04-07,2023-04-07,Active
2067,Silver,48773,2022-08-17,2023-08-17,Active
2068,Bronze,15406,2023-08-29,2024-08-28,Active
2069,Bronze,43594,2025-05-30,2026-05-30,Active
2070,Bronze,1120,2026-04-06,2027-04-06,Active
2071,Silver,7643,2024-06-20,2025-06-20,Inactive
2072,Gold,6177,2025-01-19,2026-01-19,Active
2073,Bronze,28352,2026-03-30,2027-03-30,Active
2074,Bronze,12024,2024-09-13,2025-09-13,Active
2075,Bronze,30329,2022-03-04,2023-03-04,Active
2076,Silver,21877,2023-02-22,2024-02-22,Active
2077,Silver,43672,2024-08-10,2025-08-10,Active
2078,Silver,41585,2025-05-25,2026-05-25,Active
2079,Bronze,30798,2024-05-28,2025-05-28,Inactive
2080,Bronze,45216,2023-11-22,2024-11-21,Active
2081,Bronze,4166,2021-09-12,2022-09-12,Active
2082,Bronze,1467,2024-03-30,2025-03-30,Active
2083,Bronze,39446,2026-03-15,2027-03-15,Active
2084,Bronze,42916,2022-06-23,2023-06-23,Active
2085,Platinum,39165,2023-02-07,2024-02-07,Active
2086,Bronze,39684,2024-01-14,2025-01-13,Active
2087,Gold,33359,2026-06-25,2027-06-25,Active
2088,Silver,21581,2023-04-07,2024-04-06,Active
2089,Platinum,42565,2024-10-10,2025-10-10,Active
2090,Gold,37111,2023-03-30,2024-03-29,Active
2091,Bronze,27742,2026-05-28,2027-05-28,Active
2092,Bronze,28552,2023-08-09,2024-08-08,Inactive
2093,Silver,2637,2026-02-18,2027-02-18,Active
2094,Bronze,35897,2025-10-12,2026-10-12,Active
2095,Gold,16469,2023-03-26,2024-03-25,Active
2096,Silver,43746,2025-10-03,2026-10-03,Active
2097,Gold,42613,2023-07-01,2024-06-30,Active
2098,Gold,47772,2021-12-01,2022-12-01,Active
2099,Bronze,17048,2021-09-30,2022-09-30,Active
2100,Bronze,27655,2026-06-07,2027-06-07,Active
2101,Silver,49224,2024-04-22,2025-04-22,Active
2102,Silver,9693,2022-10-30,2023-10-30,Active
2103,Silver,17139,2025-03-07,2026-03-07,Active
2104,Bronze,49114,2025-07-14,2026-07-14,Active
2105,Bronze,44938,2021-10-31,2022-10-31,Inactive
2106,Silver,30938,2025-04-13,2026-04-13,Active
2107,Gold,28985,2024-05-04,2025-05-04,Active
2108,Platinum,32703,2021-08-17,2022-08-17,Active
2109,Silver,38416,2024-08-22,2025-08-22,Active
2110,Silver,401,2023-10-10,2024-10-09,Active
2111,Silver,46776,2023-05-13,2024-05-12,Active
2112,Silver,44500,2021-08-29,2022-08-29,Inactive
2113,Bronze,16471,2025-05-23,2026-05-23,Active
2114,Gold,44718,2025-03-07,2026-03-07,Active
2115,Bronze,10034,2026-05-07,2027-05-07,Active
2116,Silver,35377,2021-10-24,2022-10-24,Active
2117,Silver,37379,2021-07-21,2022-07-21,Active
2118,Silver,11892,2023-01-29,2024-01-29,Inactive
2119,Silver,841,2025-05-12,2026-05-12,Inactive
2120,Bronze,5311,2026-01-12,2027-01-12,Active
2121,Gold,30399,2022-05-30,2023-05-30,Active
2122,Silver,46252,2026-04-02,2027-04-02,Active
2123,Bronze,1813,2022-03-03,2023-03-03,Active
2124,Bronze,12734,2021-11-16,2022-11-16,Active
2125,Silver,41884,2023-04-16,2024-04-15,Active
2126,Bronze,9897,2025-05-19,2026-05-19,Active
2127,Bronze,1814,2025-10-26,2026-10-26,Active
2128,Silver,33574,2023-05-22,2024-05-21,Active
2129,Bronze,29630,2025-04-14,2026-04-14,Active
2130,Silver,2680,2024-01-02,2025-01-01,Active
2131,Bronze,5481,2022-05-30,2023-05-30,Active
2132,Silver,26007,2023-06-14,2024-06-13,Active
2133,Gold,13938,2023-09-04,2024-09-03,Inactive
2134,Gold,34366,2021-10-28,2022-10-28,Active
2135,Gold,20753,2022-03-20,2023-03-20,Active
2136,Platinum,36340,2025-03-17,2026-03-17,Active
2137,Bronze,27293,2021-11-11,2022-11-11,Active
2138,Bronze,6684,2025-05-22,2026-05-22,Active
2139,Bronze,15360,2021-11-11,2022-11-11,Active
2140,Bronze,30415,2026-02-22,2027-02-22,Active
2141,Bronze,15619,2025-01-28,2026-01-28,Active
2142,Bronze,38152,2022-01-01,2023-01-01,Active
2143,Bronze,25751,2022-06-03,2023-06-03,Active
2144,Bronze,44308,2024-12-27,2025-12-27,Inactive
2145,Silver,36968,2021-10-16,2022-10-16,Active
2146,Silver,21665,2025-08-15,2026-08-15,Active
2147,Platinum,4313,2023-03-15,2024-03-14,Active
2148,Gold,49735,2023-08-31,2024-08-30,Active
2149,Bronze,41537,2023-03-03,2024-03-02,Inactive
2150,Gold,48016,2025-02-01,2026-02-01,Active
2151,Bronze,29068,2025-11-24,2026-11-24,Active
2152,Silver,23034,2026-05-22,2027-05-22,Active
2153,Bronze,15935,2022-10-14,2023-10-14,Active
2154,Silver,44983,2025-07-09,2026-07-09,Active
2155,Silver,4933,2022-08-21,2023-08-21,Active
2156,Bronze,22245,2024-12-03,2025-12-03,Active
2157,Silver,8702,2025-12-07,2026-12-07,Active
2158,Gold,23087,2022-09-24,2023-09-24,Active
2159,Silver,18041,2026-01-02,2027-01-02,Active
2160,Silver,18224,2024-04-05,2025-04-05,Active
2161,Bronze,34134,2025-04-09,2026-04-09,Active
2162,Bronze,10627,2021-12-22,2022-12-22,Active
2163,Bronze,26022,2025-06-17,2026-06-17,Active
2164,Bronze,33738,2025-01-14,2026-01-14,Active
2165,Gold,32493,2023-11-14,2024-11-13,Active
2166,Bronze,13055,2022-08-05,2023-08-05,Active
2167,Bronze,11882,2022-08-06,2023-08-06,Inactive
2168,Bronze,28304,2025-08-22,2026-08-22,Active
2169,Silver,45118,2024-06-20,2025-06-20,Active
2170,Bronze,11179,2025-11-11,2026-11-11,Active
2171,Bronze,30779,2022-09-23,2023-09-23,Active
2172,Bronze,7944,2025-11-13,2026-11-13,Active
2173,Bronze,14509,2025-10-15,2026-10-15,Active
2174,Silver,41744,2025-12-03,2026-12-03,Active
2175,Bronze,17564,2022-12-24,2023-12-24,Active
2176,Bronze,49278,2022-11-29,2023-11-29,Active
2177,Bronze,4670,2023-10-10,2024-10-09,Active
2178,Gold,9725,2026-06-27,2027-06-27,Active
2179,Platinum,39188,2026-02-03,2027-02-03,Active
2180,Platinum,30785,2023-02-15,2024-02-15,Active
2181,Silver,24594,2023-02-07,2024-02-07,Active
2182,Bronze,4943,2025-09-15,2026-09-15,Active
2183,Bronze,24625,2021-07-25,2022-07-25,Active
2184,Bronze,14195,2023-04-04,2024-04-03,Inactive
2185,Bronze,35408,2025-03-17,2026-03-17,Active
2186,Silver,6839,2022-02-24,2023-02-24,Inactive
2187,Bronze,27663,2025-05-26,2026-05-26,Active
2188,Silver,32171,2022-02-04,2023-02-04,Active
2189,Bronze,23999,2023-10-26,2024-10-25,Active
2190,Bronze,48827,2024-11-07,2025-11-07,Active
2191,Gold,34096,2025-11-20,2026-11-20,Inactive
2192,Bronze,24569,2025-07-01,2026-07-01,Active
2193,Gold,19017,2023-08-06,2024-08-05,Active
2194,Bronze,44648,2025-08-14,2026-08-14,Active
2195,Bronze,26697,2024-05-14,2025-05-14,Active
2196,Bronze,20340,2025-03-21,2026-03-21,Active
2197,Bronze,46485,2025-01-31,2026-01-31,Active
2198,Silver,30221,2022-05-11,2023-05-11,Active
2199,Silver,7572,2024-11-11,2025-11-11,Active
2200,Silver,42796,2021-11-09,2022-11-09,Active
2201,Bronze,10010,2021-10-15,2022-10-15,Active
2202,Bronze,9386,2024-03-20,2025-03-20,Active
2203,Gold,927,2026-02-20,2027-02-20,Active
2204,Bronze,4391,2023-05-24,2024-05-23,Active
2205,Bronze,44935,2022-04-20,2023-04-20,Active
2206,Bronze,41007,2025-12-28,2026-12-28,Active
2207,Bronze,28494,2024-04-21,2025-04-21,Active
2208,Bronze,29690,2023-11-06,2024-11-05,Inactive
2209,Bronze,18755,2022-09-11,2023-09-11,Active
2210,Bronze,764,2023-07-27,2024-07-26,Active
2211,Bronze,47205,2024-03-31,2025-03-31,Active
2212,Silver,29525,2024-03-31,2025-03-31,Active
2213,Bronze,22814,2025-03-25,2026-03-25,Active
2214,Bronze,8464,2024-11-19,2025-11-19,Active
2215,Bronze,29832,2024-02-24,2025-02-23,Active
2216,Silver,7039,2025-10-30,2026-10-30,Inactive
2217,Bronze,26473,2025-05-21,2026-05-21,Active
2218,Silver,12429,2023-03-19,2024-03-18,Active
2219,Bronze,15263,2025-08-29,2026-08-29,Active
2220,Silver,13301,2026-01-17,2027-01-17,Active
2221,Silver,16132,2023-09-30,2024-09-29,Active
2222,Silver,32854,2026-04-30,2027-04-30,Active
2223,Bronze,26115,2024-02-06,2025-02-05,Active
2224,Silver,7226,2024-02-03,2025-02-02,Inactive
2225,Bronze,37187,2025-03-10,2026-03-10,Active
2226,Silver,39656,2021-09-30,2022-09-30,Active
2227,Gold,727,2025-08-26,2026-08-26,Active
2228,Silver,32885,2021-10-18,2022-10-18,Active
2229,Silver,42063,2023-10-28,2024-10-27,Active
2230,Bronze,3401,2022-09-03,2023-09-03,Active
2231,Gold,6668,2026-03-28,2027-03-28,Active
2232,Bronze,25524,2025-08-12,2026-08-12,Active
2233,Bronze,1902,2026-01-03,2027-01-03,Active
2234,Gold,5893,2023-08-09,2024-08-08,Active
2235,Silver,38302,2026-04-29,2027-04-29,Active
2236,Gold,2996,2023-11-14,2024-11-13,Active
2237,Bronze,14252,2026-05-29,2027-05-29,Active
2238,Bronze,35538,2022-02-08,2023-02-08,Active
2239,Bronze,36732,2021-08-03,2022-08-03,Active
2240,Bronze,23923,2023-06-26,2024-06-25,Inactive
2241,Silver,18674,2025-05-31,2026-05-31,Active
2242,Bronze,11962,2025-03-02,2026-03-02,Active
2243,Silver,19277,2023-03-11,2024-03-10,Active
2244,Bronze,29144,2024-02-12,2025-02-11,Active
2245,Bronze,48253,2022-03-25,2023-03-25,Active
2246,Bronze,46680,2023-08-12,2024-08-11,Active
2247,Silver,5844,2026-02-27,2027-02-27,Active
2248,Bronze,15140,2025-01-04,2026-01-04,Active
2249,Bronze,26384,2025-05-06,2026-05-06,Inactive
2250,Platinum,9206,2024-04-19,2025-04-19,Active
2251,Bronze,35303,2022-06-18,2023-06-18,Active
2252,Bronze,16167,2022-03-10,2023-03-10,Active
2253,Gold,2341,2023-12-05,2024-12-04,Active
2254,Bronze,4252,2022-06-01,2023-06-01,Active
2255,Bronze,6174,2023-03-27,2024-03-26,Active
2256,Bronze,27637,2023-04-10,2024-04-09,Active
2257,Bronze,46528,2025-02-17,2026-02-17,Active
2258,Bronze,23364,2022-03-20,2023-03-20,Active
2259,Silver,25436,2025-09-15,2026-09-15,Active
2260,Gold,12247,2023-09-05,2024-09-04,Inactive
2261,Silver,47383,2024-05-18,2025-05-18,Active
2262,Silver,34643,2026-02-12,2027-02-12,Active
2263,Silver,23111,2022-10-22,2023-10-22,Active
2264,Gold,23693,2025-03-29,2026-03-29,Active
2265,Bronze,48986,2024-11-05,2025-11-05,Active
2266,Silver,37408,2022-06-26,2023-06-26,Active
2267,Silver,19816,2025-07-19,2026-07-19,Active
2268,Silver,36272,2024-01-27,2025-01-26,Active
2269,Bronze,41494,2023-04-01,2024-03-31,Active
2270,Silver,29179,2022-01-19,2023-01-19,Active
2271,Bronze,36358,2022-02-23,2023-02-23,Active
2272,Bronze,41421,2024-02-05,2025-02-04,Inactive
2273,Bronze,3271,2023-04-10,2024-04-09,Active
2274,Silver,31271,2025-10-21,2026-10-21,Active
2275,Silver,36555,2022-08-27,2023-08-27,Inactive
2276,Silver,40892,2026-04-17,2027-04-17,Active
2277,Gold,43176,2024-06-03,2025-06-03,Active
2278,Bronze,3160,2024-10-22,2025-10-22,Active
2279,Bronze,45399,2022-11-03,2023-11-03,Active
2280,Gold,48442,2024-06-16,2025-06-16,Active
2281,Gold,44080,2024-11-05,2025-11-05,Active
2282,Gold,32945,2026-02-16,2027-02-16,Active
2283,Bronze,21706,2021-08-01,2022-08-01,Active
2284,Bronze,8290,2025-09-06,2026-09-06,Active
2285,Silver,5030,2023-11-28,2024-11-27,Active
2286,Silver,44493,2022-06-09,2023-06-09,Active
2287,Bronze,35053,2026-01-01,2027-01-01,Inactive
2288,Bronze,26843,2023-04-30,2024-04-29,Active
2289,Silver,17240,2025-10-19,2026-10-19,Active
2290,Silver,45855,2022-07-10,2023-07-10,Active
2291,Bronze,923,2024-09-12,2025-09-12,Active
2292,Silver,22801,2022-06-18,2023-06-18,Active
2293,Gold,31437,2022-06-10,2023-06-10,Active
2294,Bronze,45502,2023-09-18,2024-09-17,Active
2295,Bronze,37152,2022-08-25,2023-08-25,Active
2296,Silver,3822,2026-05-22,2027-05-22,Active
2297,Bronze,8692,2022-08-29,2023-08-29,Active
2298,Silver,9646,2025-11-29,2026-11-29,Active
2299,Bronze,26415,2026-02-19,2027-02-19,Active
2300,Bronze,28230,2023-04-07,2024-04-06,Active
2301,Platinum,33152,2024-02-18,2025-02-17,Active
2302,Silver,18960,2026-05-15,2027-05-15,Inactive
2303,Bronze,18119,2024-03-04,2025-03-04,Active
2304,Bronze,1358,2022-05-25,2023-05-25,Active
2305,Bronze,36400,2024-09-15,2025-09-15,Active
2306,Bronze,48988,2022-11-18,2023-11-18,Active
2307,Bronze,15638,2025-09-27,2026-09-27,Active
2308,Bronze,48486,2025-08-12,2026-08-12,Inactive
2309,Gold,21138,2022-07-19,2023-07-19,Active
2310,Bronze,36644,2024-11-22,2025-11-22,Active
2311,Bronze,47757,2024-05-15,2025-05-15,Active
2312,Bronze,31620,2025-04-17,2026-04-17,Active
2313,Bronze,29183,2025-07-08,2026-07-08,Active
2314,Bronze,43321,2022-03-18,2023-03-18,Active
2315,Bronze,35605,2022-10-31,2023-10-31,Active
2316,Bronze,1322,2023-07-21,2024-07-20,Active
2317,Bronze,41818,2025-09-12,2026-09-12,Active
2318,Silver,28563,2024-08-20,2025-08-20,Active
2319,Gold,10455,2024-01-10,2025-01-09,Active
2320,Bronze,11624,2022-02-01,2023-02-01,Active
2321,Silver,9668,2026-06-25,2027-06-25,Active
2322,Bronze,33425,2024-03-19,2025-03-19,Inactive
2323,Silver,28688,2021-08-17,2022-08-17,Active
2324,Bronze,3392,2022-10-09,2023-10-09,Active
2325,Bronze,2109,2026-01-15,2027-01-15,Active
2326,Gold,44296,2021-11-26,2022-11-26,Active
2327,Gold,40755,2025-10-18,2026-10-18,Active
2328,Silver,47541,2025-04-03,2026-04-03,Active
2329,Bronze,40761,2023-04-19,2024-04-18,Active
2330,Gold,18927,2021-08-20,2022-08-20,Active
2331,Bronze,44825,2026-02-05,2027-02-05,Active
2332,Gold,32794,2026-06-28,2027-06-28,Active
2333,Bronze,36176,2024-09-30,2025-09-30,Inactive
2334,Silver,20165,2021-09-20,2022-09-20,Active
2335,Bronze,15512,2025-07-14,2026-07-14,Active
2336,Silver,18698,2026-06-09,2027-06-09,Active
2337,Gold,21219,2024-06-02,2025-06-02,Active
2338,Gold,18580,2025-03-05,2026-03-05,Active
2339,Bronze,44758,2024-09-28,2025-09-28,Active
2340,Bronze,23726,2021-09-08,2022-09-08,Active
2341,Silver,18214,2022-01-23,2023-01-23,Active
2342,Bronze,46467,2022-01-16,2023-01-16,Active
2343,Silver,13919,2024-09-03,2025-09-03,Active
2344,Bronze,30116,2025-04-26,2026-04-26,Active
2345,Gold,13348,2023-02-26,2024-02-26,Active
2346,Gold,7796,2022-10-05,2023-10-05,Active
2347,Bronze,30685,2022-02-15,2023-02-15,Active
2348,Bronze,49603,2025-01-28,2026-01-28,Active
2349,Silver,24465,2022-05-28,2023-05-28,Active
2350,Bronze,27849,2026-06-14,2027-06-14,Active
2351,Bronze,6802,2024-07-23,2025-07-23,Active
2352,Bronze,16054,2023-08-04,2024-08-03,Active
2353,Bronze,32057,2025-12-14,2026-12-14,Active
2354,Silver,45820,2022-09-04,2023-09-04,Active
2355,Bronze,7317,2023-08-08,2024-08-07,Active
2356,Gold,44681,2023-03-23,2024-03-22,Active
2357,Bronze,13848,2025-11-29,2026-11-29,Inactive
2358,Silver,1894,2021-12-26,2022-12-26,Active
2359,Bronze,22817,2023-02-19,2024-02-19,Active
2360,Gold,42758,2021-11-19,2022-11-19,Active
2361,Silver,35394,2022-10-07,2023-10-07,Active
2362,Bronze,46473,2025-08-30,2026-08-30,Active
2363,Platinum,3374,2025-04-26,2026-04-26,Active
2364,Bronze,30641,2023-10-09,2024-10-08,Active
2365,Bronze,30665,2026-07-02,2027-07-02,Active
2366,Bronze,2902,2022-03-27,2023-03-27,Active
2367,Silver,27131,2023-10-18,2024-10-17,Inactive
2368,Bronze,20325,2023-04-04,2024-04-03,Active
2369,Bronze,39144,2022-03-14,2023-03-14,Active
2370,Bronze,37186,2026-04-13,2027-04-13,Active
2371,Bronze,43527,2024-05-29,2025-05-29,Active
2372,Silver,23613,2021-12-14,2022-12-14,Active
2373,Gold,4866,2023-04-25,2024-04-24,Active
2374,Gold,26972,2024-03-08,2025-03-08,Active
2375,Bronze,16561,2026-01-18,2027-01-18,Active
2376,Gold,28686,2025-08-03,2026-08-03,Active
2377,Gold,11352,2024-05-11,2025-05-11,Active
2378,Silver,43879,2026-07-08,2027-07-08,Active
2379,Silver,24106,2022-07-09,2023-07-09,Active
2380,Silver,28475,2024-04-05,2025-04-05,Inactive
2381,Silver,26053,2023-12-21,2024-12-20,Active
2382,Bronze,6858,2023-07-17,2024-07-16,Active
2383,Bronze,26587,2024-10-11,2025-10-11,Active
2384,Silver,19486,2026-06-06,2027-06-06,Active
2385,Platinum,21039,2024-02-21,2025-02-20,Active
2386,Bronze,45217,2021-08-14,2022-08-14,Active
2387,Bronze,2140,2025-03-17,2026-03-17,Active
2388,Gold,953,2021-12-11,2022-12-11,Active
2389,Bronze,29822,2022-07-16,2023-07-16,Active
2390,Silver,34172,2024-01-08,2025-01-07,Active
2391,Bronze,48795,2025-01-22,2026-01-22,Active
2392,Gold,36805,2023-10-29,2024-10-28,Active
2393,Bronze,19384,2026-03-04,2027-03-04,Active
2394,Silver,3776,2025-04-22,2026-04-22,Active
2395,Gold,26293,2022-03-04,2023-03-04,Active
2396,Bronze,17791,2024-02-24,2025-02-23,Active
2397,Bronze,28364,2025-07-04,2026-07-04,Inactive
2398,Silver,18100,2025-03-29,2026-03-29,Active
2399,Gold,25778,2023-03-13,2024-03-12,Active
2400,Silver,35981,2024-03-12,2025-03-12,Inactive
2401,Gold,48690,2024-04-10,2025-04-10,Active
2402,Gold,116,2026-07-03,2027-07-03,Active
2403,Bronze,43330,2021-12-12,2022-12-12,Inactive
2404,Silver,34837,2026-02-01,2027-02-01,Active
2405,Silver,23677,2022-01-19,2023-01-19,Active
2406,Silver,27475,2022-12-05,2023-12-05,Active
2407,Bronze,17461,2024-05-22,2025-05-22,Active
2408,Silver,46096,2024-11-07,2025-11-07,Active
2409,Silver,35998,2024-09-04,2025-09-04,Active
2410,Bronze,3172,2022-05-30,2023-05-30,Active
2411,Silver,10660,2022-04-13,2023-04-13,Inactive
2412,Silver,47506,2021-08-12,2022-08-12,Active
2413,Silver,19454,2022-10-18,2023-10-18,Active
2414,Gold,49549,2026-05-31,2027-05-31,Active
2415,Platinum,33910,2022-09-07,2023-09-07,Active
2416,Bronze,17717,2025-06-25,2026-06-25,Inactive
2417,Bronze,49979,2022-06-15,2023-06-15,Active
2418,Bronze,48534,2022-06-01,2023-06-01,Active
2419,Platinum,2732,2024-02-05,2025-02-04,Inactive
2420,Silver,46692,2021-09-12,2022-09-12,Active
2421,Silver,26489,2023-02-05,2024-02-05,Inactive
2422,Bronze,36308,2026-06-10,2027-06-10,Active
2423,Bronze,1627,2024-03-11,2025-03-11,Active
2424,Bronze,44745,2023-10-06,2024-10-05,Active
2425,Bronze,42806,2024-11-28,2025-11-28,Active
2426,Gold,20484,2021-08-13,2022-08-13,Active
2427,Gold,427,2024-05-26,2025-05-26,Active
2428,Gold,13016,2024-05-19,2025-05-19,Active
2429,Bronze,36464,2026-04-25,2027-04-25,Active
2430,Bronze,35389,2023-09-06,2024-09-05,Active
2431,Bronze,14176,2024-10-19,2025-10-19,Inactive
2432,Gold,6800,2025-11-04,2026-11-04,Active
2433,Silver,11144,2024-10-25,2025-10-25,Active
2434,Gold,32124,2024-12-14,2025-12-14,Active
2435,Silver,14674,2023-02-27,2024-02-27,Active
2436,Silver,20291,2026-05-09,2027-05-09,Active
2437,Bronze,28148,2025-05-10,2026-05-10,Active
2438,Gold,315,2023-03-25,2024-03-24,Active
2439,Bronze,38526,2022-02-12,2023-02-12,Active
2440,Bronze,19444,2025-07-09,2026-07-09,Active
2441,Bronze,33221,2024-10-07,2025-10-07,Active
2442,Gold,16106,2022-08-12,2023-08-12,Active
2443,Platinum,46385,2023-08-14,2024-08-13,Active
2444,Silver,37549,2025-03-19,2026-03-19,Active
2445,Bronze,34517,2024-12-05,2025-12-05,Active
2446,Gold,30538,2024-03-30,2025-03-30,Active
2447,Platinum,10499,2025-05-26,2026-05-26,Active
2448,Gold,2644,2024-09-02,2025-09-02,Inactive
2449,Platinum,23128,2025-06-27,2026-06-27,Active
2450,Silver,48393,2021-12-17,2022-12-17,Active
2451,Platinum,3345,2021-08-02,2022-08-02,Active
2452,Silver,48207,2021-12-05,2022-12-05,Active
2453,Gold,6432,2022-08-19,2023-08-19,Active
2454,Bronze,42640,2025-02-24,2026-02-24,Active
2455,Bronze,2076,2021-07-20,2022-07-20,Active
2456,Gold,30155,2025-10-31,2026-10-31,Active
2457,Bronze,42468,2024-06-14,2025-06-14,Active
2458,Bronze,36309,2025-04-26,2026-04-26,Active
2459,Silver,48596,2025-12-09,2026-12-09,Active
2460,Silver,13835,2023-10-13,2024-10-12,Active
2461,Silver,46909,2024-09-22,2025-09-22,Inactive
2462,Bronze,32782,2023-02-26,2024-02-26,Active
2463,Bronze,7399,2023-12-01,2024-11-30,Active
2464,Silver,34806,2024-06-16,2025-06-16,Active
2465,Gold,38610,2025-03-04,2026-03-04,Active
2466,Bronze,22923,2025-01-08,2026-01-08,Active
2467,Bronze,36903,2025-03-29,2026-03-29,Active
2468,Gold,22567,2023-10-04,2024-10-03,Inactive
2469,Silver,49477,2024-12-03,2025-12-03,Active
2470,Silver,13618,2025-07-08,2026-07-08,Active
2471,Bronze,26041,2022-09-11,2023-09-11,Active
2472,Bronze,8123,2024-01-10,2025-01-09,Active
2473,Silver,46528,2025-12-09,2026-12-09,Active
2474,Bronze,23806,2022-07-03,2023-07-03,Active
2475,Silver,30894,2023-06-22,2024-06-21,Active
2476,Bronze,43771,2025-10-20,2026-10-20,Active
2477,Gold,10105,2021-10-15,2022-10-15,Inactive
2478,Bronze,8106,2025-01-02,2026-01-02,Active
2479,Bronze,24690,2025-11-24,2026-11-24,Active
2480,Gold,8540,2026-02-15,2027-02-15,Active
2481,Silver,33099,2021-07-27,2022-07-27,Active
2482,Bronze,33732,2023-04-06,2024-04-05,Inactive
2483,Bronze,11531,2022-05-09,2023-05-09,Active
2484,Gold,28073,2023-08-19,2024-08-18,Active
2485,Silver,34606,2021-10-15,2022-10-15,Active
2486,Bronze,27911,2021-09-24,2022-09-24,Active
2487,Platinum,11981,2025-08-23,2026-08-23,Active
2488,Silver,26582,2024-10-01,2025-10-01,Active
2489,Silver,49394,2026-02-03,2027-02-03,Active
2490,Bronze,3153,2023-11-15,2024-11-14,Active
2491,Platinum,14503,2025-12-13,2026-12-13,Active
2492,Silver,2893,2023-10-11,2024-10-10,Active
2493,Silver,27477,2024-06-27,2025-06-27,Active
2494,Bronze,29318,2024-10-09,2025-10-09,Active
2495,Silver,12219,2025-06-28,2026-06-28,Active
2496,Bronze,24074,2021-10-05,2022-10-05,Active
2497,Gold,43884,2025-10-07,2026-10-07,Active
2498,Gold,7778,2022-10-31,2023-10-31,Active
2499,Platinum,20348,2024-11-19,2025-11-19,Active
2500,Silver,14504,2025-01-14,2026-01-14,Active
2501,Gold,29925,2026-03-13,2027-03-13,Active
2502,Bronze,46720,2022-10-02,2023-10-02,Active
2503,Bronze,29342,2023-07-06,2024-07-05,Active
2504,Silver,40537,2022-12-13,2023-12-13,Active
2505,Silver,19089,2022-07-17,2023-07-17,Inactive
2506,Bronze,29938,2025-07-03,2026-07-03,Active
2507,Silver,4811,2023-06-14,2024-06-13,Active
2508,Silver,46171,2026-05-12,2027-05-12,Active
2509,Bronze,30379,2025-06-17,2026-06-17,Inactive
2510,Gold,49959,2025-07-14,2026-07-14,Active
2511,Bronze,14782,2026-02-12,2027-02-12,Active
2512,Silver,42623,2026-05-09,2027-05-09,Active
2513,Bronze,11455,2022-07-30,2023-07-30,Active
2514,Bronze,49016,2022-01-02,2023-01-02,Active
2515,Bronze,35927,2024-06-22,2025-06-22,Active
2516,Platinum,46946,2022-02-26,2023-02-26,Active
2517,Silver,30609,2025-11-24,2026-11-24,Active
2518,Bronze,14381,2026-05-04,2027-05-04,Active
2519,Silver,34792,2023-10-10,2024-10-09,Active
2520,Silver,4540,2023-08-13,2024-08-12,Active
2521,Gold,35742,2025-08-26,2026-08-26,Active
2522,Bronze,37505,2022-01-13,2023-01-13,Inactive
2523,Platinum,5523,2025-06-18,2026-06-18,Active
2524,Silver,14531,2021-09-03,2022-09-03,Active
2525,Silver,34183,2023-06-11,2024-06-10,Active
2526,Gold,13804,2023-02-10,2024-02-10,Active
2527,Gold,1120,2024-11-07,2025-11-07,Active
2528,Platinum,34991,2023-04-12,2024-04-11,Active
2529,Bronze,17025,2024-09-19,2025-09-19,Inactive
2530,Bronze,33443,2023-04-18,2024-04-17,Active
2531,Gold,32521,2023-12-21,2024-12-20,Active
2532,Bronze,24831,2025-09-13,2026-09-13,Active
2533,Silver,31640,2023-03-25,2024-03-24,Inactive
2534,Bronze,40784,2024-03-13,2025-03-13,Active
2535,Silver,3534,2024-09-23,2025-09-23,Active
2536,Bronze,14566,2022-05-21,2023-05-21,Active
2537,Gold,9154,2024-02-22,2025-02-21,Active
2538,Bronze,29504,2026-06-09,2027-06-09,Active
2539,Gold,1561,2025-11-17,2026-11-17,Active
2540,Bronze,23853,2022-07-26,2023-07-26,Active
2541,Bronze,11966,2024-09-22,2025-09-22,Active
2542,Gold,40803,2023-10-03,2024-10-02,Inactive
2543,Gold,43532,2023-05-15,2024-05-14,Active
2544,Gold,193,2022-12-27,2023-12-27,Active
2545,Silver,24394,2022-01-08,2023-01-08,Active
2546,Silver,21756,2023-04-02,2024-04-01,Active
2547,Bronze,24574,2022-04-24,2023-04-24,Active
2548,Silver,26971,2025-05-13,2026-05-13,Active
2549,Bronze,25718,2023-12-03,2024-12-02,Inactive
2550,Bronze,16258,2024-10-03,2025-10-03,Active
2551,Silver,3239,2022-02-18,2023-02-18,Active
2552,Silver,43296,2023-02-12,2024-02-12,Active
2553,Silver,38810,2021-08-18,2022-08-18,Active
2554,Bronze,22379,2024-02-27,2025-02-26,Active
2555,Silver,2805,2025-01-08,2026-01-08,Active
2556,Silver,33620,2023-08-31,2024-08-30,Active
2557,Bronze,45464,2025-10-05,2026-10-05,Active
2558,Bronze,19575,2023-08-27,2024-08-26,Active
2559,Platinum,9324,2023-07-07,2024-07-06,Active
2560,Silver,27915,2022-11-07,2023-11-07,Active
2561,Gold,24383,2024-03-28,2025-03-28,Active
2562,Bronze,10489,2023-12-17,2024-12-16,Active
2563,Bronze,13840,2025-01-06,2026-01-06,Active
2564,Bronze,38268,2024-10-19,2025-10-19,Active
2565,Silver,49039,2025-11-13,2026-11-13,Active
2566,Gold,15023,2021-11-21,2022-11-21,Active
2567,Silver,2456,2024-07-19,2025-07-19,Active
2568,Gold,8143,2024-06-03,2025-06-03,Active
2569,Bronze,7631,2022-01-02,2023-01-02,Active
2570,Silver,13512,2023-10-09,2024-10-08,Active
2571,Gold,37504,2025-09-07,2026-09-07,Active
2572,Silver,18203,2026-06-07,2027-06-07,Inactive
2573,Silver,23052,2025-08-05,2026-08-05,Active
2574,Bronze,34151,2023-04-26,2024-04-25,Active
2575,Bronze,48720,2021-12-14,2022-12-14,Active
2576,Silver,5866,2021-08-12,2022-08-12,Active
2577,Silver,39042,2021-07-20,2022-07-20,Active
2578,Bronze,28925,2026-04-17,2027-04-17,Active
2579,Bronze,14784,2024-05-17,2025-05-17,Active
2580,Silver,2435,2025-06-26,2026-06-26,Active
2581,Bronze,22947,2026-01-14,2027-01-14,Active
2582,Silver,36267,2026-01-11,2027-01-11,Active
2583,Gold,25321,2024-11-16,2025-11-16,Active
2584,Bronze,7220,2023-12-31,2024-12-30,Active
2585,Bronze,11025,2023-12-26,2024-12-25,Active
2586,Platinum,49849,2023-01-16,2024-01-16,Active
2587,Bronze,35021,2023-01-04,2024-01-04,Active
2588,Gold,25047,2023-01-28,2024-01-28,Active
2589,Bronze,46518,2024-07-09,2025-07-09,Active
2590,Bronze,45476,2024-12-20,2025-12-20,Active
2591,Bronze,16525,2021-08-31,2022-08-31,Active
2592,Gold,4584,2022-09-09,2023-09-09,Inactive
2593,Bronze,37876,2025-12-18,2026-12-18,Active
2594,Bronze,5188,2023-08-06,2024-08-05,Active
2595,Bronze,18755,2021-09-22,2022-09-22,Active
2596,Bronze,28205,2025-04-23,2026-04-23,Active
2597,Silver,34516,2024-10-17,2025-10-17,Active
2598,Bronze,5290,2024-03-09,2025-03-09,Active
2599,Silver,41078,2022-01-20,2023-01-20,Active
2600,Silver,14933,2025-01-11,2026-01-11,Active
2601,Bronze,25987,2024-11-19,2025-11-19,Active
2602,Silver,2281,2022-02-16,2023-02-16,Active
2603,Silver,13873,2026-04-12,2027-04-12,Active
2604,Silver,8213,2025-09-09,2026-09-09,Active
2605,Bronze,7301,2023-02-14,2024-02-14,Active
2606,Silver,39699,2025-06-05,2026-06-05,Active
2607,Bronze,357,2026-07-03,2027-07-03,Inactive
2608,Silver,14348,2026-05-02,2027-05-02,Inactive
2609,Bronze,38916,2023-06-23,2024-06-22,Active
2610,Silver,1359,2022-08-02,2023-08-02,Inactive
2611,Bronze,8742,2021-11-10,2022-11-10,Active
2612,Silver,27941,2022-12-10,2023-12-10,Active
2613,Bronze,48174,2025-08-31,2026-08-31,Active
2614,Platinum,22993,2022-08-05,2023-08-05,Active
2615,Silver,3889,2026-06-24,2027-06-24,Active
2616,Silver,592,2026-04-07,2027-04-07,Active
2617,Bronze,5187,2022-05-30,2023-05-30,Inactive
2618,Bronze,15966,2023-05-26,2024-05-25,Active
2619,Bronze,46828,2024-03-02,2025-03-02,Active
2620,Bronze,26446,2024-03-24,2025-03-24,Active
2621,Gold,24200,2025-02-24,2026-02-24,Active
2622,Gold,13848,2024-12-18,2025-12-18,Active
2623,Silver,25338,2025-04-25,2026-04-25,Active
2624,Bronze,26838,2022-10-24,2023-10-24,Active
2625,Bronze,34377,2024-12-06,2025-12-06,Active
2626,Bronze,33408,2022-01-21,2023-01-21,Active
2627,Bronze,31205,2023-05-17,2024-05-16,Active
2628,Bronze,14778,2022-08-13,2023-08-13,Active
2629,Bronze,3082,2021-07-19,2022-07-19,Active
2630,Bronze,34016,2025-05-22,2026-05-22,Active
2631,Silver,16289,2021-09-29,2022-09-29,Active
2632,Bronze,3576,2022-07-15,2023-07-15,Active
2633,Bronze,19912,2022-12-28,2023-12-28,Inactive
2634,Silver,27808,2022-09-23,2023-09-23,Active
2635,Silver,43351,2025-11-03,2026-11-03,Active
2636,Bronze,27027,2023-10-21,2024-10-20,Active
2637,Gold,10022,2022-09-10,2023-09-10,Active
2638,Bronze,23985,2024-03-27,2025-03-27,Active
2639,Silver,34502,2024-07-22,2025-07-22,Active
2640,Gold,2919,2024-05-11,2025-05-11,Active
2641,Bronze,791,2025-07-16,2026-07-16,Active
2642,Bronze,10561,2025-12-20,2026-12-20,Active
2643,Bronze,11163,2026-02-04,2027-02-04,Active
2644,Bronze,44323,2021-11-15,2022-11-15,Active
2645,Bronze,27320,2026-03-27,2027-03-27,Active
2646,Gold,36990,2024-08-22,2025-08-22,Active
2647,Bronze,38159,2022-08-31,2023-08-31,Active
2648,Gold,6638,2023-02-07,2024-02-07,Active
2649,Silver,25918,2022-12-04,2023-12-04,Active
2650,Bronze,33119,2022-06-06,2023-06-06,Active
2651,Bronze,38861,2022-09-10,2023-09-10,Active
2652,Silver,7022,2024-12-28,2025-12-28,Active
2653,Bronze,46577,2026-03-28,2027-03-28,Inactive
2654,Gold,35012,2026-05-02,2027-05-02,Active
2655,Silver,44589,2021-09-01,2022-09-01,Active
2656,Gold,36982,2025-12-05,2026-12-05,Active
2657,Silver,7845,2023-02-14,2024-02-14,Active
2658,Silver,5728,2024-10-31,2025-10-31,Active
2659,Bronze,6107,2026-07-07,2027-07-07,Inactive
2660,Gold,11125,2022-02-12,2023-02-12,Inactive
2661,Gold,5486,2022-02-12,2023-02-12,Active
2662,Bronze,8074,2022-02-16,2023-02-16,Active
2663,Platinum,21362,2025-11-02,2026-11-02,Active
2664,Platinum,1988,2022-02-02,2023-02-02,Active
2665,Silver,35265,2025-02-06,2026-02-06,Inactive
2666,Bronze,15653,2022-04-27,2023-04-27,Active
2667,Silver,30034,2024-09-01,2025-09-01,Active
2668,Silver,10403,2024-03-26,2025-03-26,Active
2669,Bronze,34096,2024-11-02,2025-11-02,Active
2670,Silver,6615,2024-05-02,2025-05-02,Active
2671,Gold,22080,2025-08-07,2026-08-07,Active
2672,Bronze,21834,2025-01-30,2026-01-30,Active
2673,Bronze,33602,2023-01-14,2024-01-14,Active
2674,Bronze,37292,2023-12-13,2024-12-12,Active
2675,Silver,43873,2024-08-20,2025-08-20,Active
2676,Bronze,23612,2025-06-29,2026-06-29,Active
2677,Bronze,24963,2024-12-15,2025-12-15,Active
2678,Silver,44050,2026-05-28,2027-05-28,Active
2679,Bronze,5209,2024-12-16,2025-12-16,Inactive
2680,Gold,43741,2025-04-16,2026-04-16,Inactive
2681,Bronze,44560,2025-08-26,2026-08-26,Inactive
2682,Gold,44175,2025-02-06,2026-02-06,Active
2683,Gold,3862,2021-09-27,2022-09-27,Active
2684,Silver,38958,2022-08-20,2023-08-20,Active
2685,Gold,21438,2026-01-26,2027-01-26,Active
2686,Bronze,7122,2022-06-05,2023-06-05,Active
2687,Bronze,37419,2023-08-04,2024-08-03,Active
2688,Bronze,38120,2023-11-20,2024-11-19,Active
2689,Bronze,4990,2025-09-11,2026-09-11,Active
2690,Silver,19850,2024-09-04,2025-09-04,Inactive
2691,Silver,12618,2023-11-09,2024-11-08,Active
2692,Bronze,23880,2022-02-18,2023-02-18,Active
2693,Bronze,2639,2024-12-03,2025-12-03,Active
2694,Bronze,45875,2025-12-10,2026-12-10,Inactive
2695,Gold,15523,2025-03-23,2026-03-23,Active
2696,Silver,45821,2022-06-19,2023-06-19,Inactive
2697,Bronze,9396,2021-08-06,2022-08-06,Active
2698,Bronze,9271,2024-08-22,2025-08-22,Active
2699,Bronze,16334,2022-03-29,2023-03-29,Active
2700,Silver,8934,2025-04-26,2026-04-26,Active
2701,Silver,23712,2024-08-04,2025-08-04,Active
2702,Silver,41782,2023-07-12,2024-07-11,Active
2703,Bronze,32083,2022-09-04,2023-09-04,Active
2704,Bronze,16289,2023-06-13,2024-06-12,Inactive
2705,Gold,9705,2023-12-04,2024-12-03,Active
2706,Silver,33661,2024-11-07,2025-11-07,Active
2707,Bronze,596,2026-02-18,2027-02-18,Active
2708,Silver,34527,2022-03-10,2023-03-10,Active
2709,Platinum,26487,2025-02-02,2026-02-02,Active
2710,Bronze,39823,2022-09-22,2023-09-22,Active
2711,Silver,24573,2023-04-16,2024-04-15,Active
2712,Silver,26993,2024-01-05,2025-01-04,Active
2713,Bronze,2273,2021-09-04,2022-09-04,Inactive
2714,Bronze,25680,2023-10-17,2024-10-16,Active
2715,Bronze,6258,2023-10-09,2024-10-08,Active
2716,Bronze,46246,2023-10-24,2024-10-23,Inactive
2717,Bronze,17297,2026-04-20,2027-04-20,Active
2718,Gold,28130,2022-10-23,2023-10-23,Inactive
2719,Bronze,21200,2022-08-25,2023-08-25,Active
2720,Bronze,9935,2023-12-14,2024-12-13,Active
2721,Bronze,38644,2023-09-29,2024-09-28,Active
2722,Bronze,20186,2022-05-13,2023-05-13,Active
2723,Bronze,3724,2021-10-22,2022-10-22,Active
2724,Gold,17411,2023-06-03,2024-06-02,Active
2725,Silver,42123,2025-11-24,2026-11-24,Active
2726,Silver,29942,2023-02-07,2024-02-07,Active
2727,Bronze,3856,2022-12-13,2023-12-13,Active
2728,Bronze,22119,2024-04-24,2025-04-24,Active
2729,Bronze,40751,2023-01-20,2024-01-20,Inactive
2730,Bronze,22897,2024-10-22,2025-10-22,Active
2731,Bronze,32944,2022-03-21,2023-03-21,Active
2732,Gold,19474,2022-07-31,2023-07-31,Active
2733,Silver,37888,2025-07-15,2026-07-15,Active
2734,Silver,15667,2022-03-19,2023-03-19,Active
2735,Silver,46729,2024-12-07,2025-12-07,Active
2736,Silver,42156,2023-05-13,2024-05-12,Inactive
2737,Gold,45421,2025-12-10,2026-12-10,Active
2738,Bronze,8433,2021-09-01,2022-09-01,Active
2739,Bronze,37491,2025-02-11,2026-02-11,Active
2740,Silver,31057,2026-02-14,2027-02-14,Active
2741,Bronze,45864,2023-06-01,2024-05-31,Active
2742,Silver,5817,2022-08-13,2023-08-13,Active
2743,Silver,49310,2023-08-06,2024-08-05,Active
2744,Bronze,46314,2023-01-26,2024-01-26,Active
2745,Silver,12874,2023-11-25,2024-11-24,Active
2746,Gold,1698,2022-08-08,2023-08-08,Active
2747,Bronze,39246,2024-05-08,2025-05-08,Active
2748,Silver,6523,2025-03-15,2026-03-15,Inactive
2749,Silver,13772,2025-11-01,2026-11-01,Active
2750,Silver,30692,2024-07-24,2025-07-24,Active
2751,Bronze,26223,2025-05-17,2026-05-17,Active
2752,Silver,26088,2023-03-23,2024-03-22,Active
2753,Bronze,34098,2021-09-08,2022-09-08,Active
2754,Platinum,18780,2022-06-10,2023-06-10,Active
2755,Silver,238,2024-02-02,2025-02-01,Active
2756,Bronze,14949,2021-07-31,2022-07-31,Inactive
2757,Bronze,13375,2025-04-02,2026-04-02,Active
2758,Silver,11381,2024-12-24,2025-12-24,Active
2759,Bronze,7026,2022-02-24,2023-02-24,Active
2760,Bronze,42188,2025-08-29,2026-08-29,Active
2761,Gold,38332,2026-01-15,2027-01-15,Active
2762,Silver,49413,2025-08-25,2026-08-25,Active
2763,Silver,18598,2024-07-26,2025-07-26,Active
2764,Bronze,4628,2022-05-12,2023-05-12,Active
2765,Bronze,6621,2024-07-30,2025-07-30,Active
2766,Silver,31514,2022-06-14,2023-06-14,Active
2767,Silver,7496,2024-10-12,2025-10-12,Active
2768,Bronze,32402,2026-06-27,2027-06-27,Active
2769,Bronze,1735,2026-01-02,2027-01-02,Inactive
2770,Gold,40836,2021-11-30,2022-11-30,Active
2771,Silver,42235,2021-11-14,2022-11-14,Active
2772,Bronze,20316,2026-04-06,2027-04-06,Active
2773,Bronze,39567,2024-08-17,2025-08-17,Active
2774,Bronze,40566,2023-02-11,2024-02-11,Inactive
2775,Gold,5476,2024-08-09,2025-08-09,Active
2776,Bronze,40117,2024-01-28,2025-01-27,Active
2777,Gold,14588,2024-06-03,2025-06-03,Active
2778,Bronze,42928,2022-09-14,2023-09-14,Active
2779,Bronze,48515,2021-10-22,2022-10-22,Active
2780,Bronze,23577,2024-03-25,2025-03-25,Active
2781,Silver,32876,2025-12-28,2026-12-28,Active
2782,Bronze,10427,2022-10-25,2023-10-25,Active
2783,Bronze,27405,2025-04-18,2026-04-18,Active
2784,Bronze,36795,2023-06-21,2024-06-20,Active
2785,Bronze,902,2023-05-31,2024-05-30,Active
2786,Bronze,46353,2022-07-13,2023-07-13,Active
2787,Silver,34578,2024-08-17,2025-08-17,Active
2788,Bronze,7250,2022-01-03,2023-01-03,Inactive
2789,Platinum,37055,2022-08-24,2023-08-24,Active
2790,Bronze,43741,2025-09-28,2026-09-28,Active
2791,Platinum,41526,2023-09-20,2024-09-19,Active
2792,Bronze,10435,2023-04-23,2024-04-22,Active
2793,Silver,44619,2023-03-31,2024-03-30,Active
2794,Platinum,20280,2022-10-31,2023-10-31,Active
2795,Silver,4228,2024-05-03,2025-05-03,Active
2796,Bronze,24872,2024-03-27,2025-03-27,Active
2797,Bronze,10618,2023-11-24,2024-11-23,Active
2798,Silver,12344,2022-06-09,2023-06-09,Active
2799,Bronze,7446,2021-12-16,2022-12-16,Active
2800,Gold,42544,2026-03-09,2027-03-09,Active
2801,Gold,49283,2023-08-29,2024-08-28,Active
2802,Bronze,39327,2023-05-10,2024-05-09,Active
2803,Bronze,6312,2023-06-17,2024-06-16,Active
2804,Platinum,12693,2024-02-24,2025-02-23,Active
2805,Bronze,27965,2026-03-23,2027-03-23,Active
2806,Silver,20802,2021-09-22,2022-09-22,Active
2807,Silver,5786,2024-06-18,2025-06-18,Active
2808,Bronze,13390,2021-11-27,2022-11-27,Active
2809,Bronze,11386,2021-12-23,2022-12-23,Active
2810,Platinum,31821,2024-06-01,2025-06-01,Active
2811,Bronze,27913,2024-04-06,2025-04-06,Active
2812,Silver,8382,2024-01-15,2025-01-14,Active
2813,Silver,7449,2025-10-23,2026-10-23,Active
2814,Bronze,22923,2021-10-09,2022-10-09,Active
2815,Platinum,11419,2023-10-04,2024-10-03,Active
2816,Bronze,46458,2024-11-05,2025-11-05,Active
2817,Gold,33504,2026-07-10,2027-07-10,Active
2818,Bronze,34559,2026-01-20,2027-01-20,Active
2819,Silver,29532,2025-06-25,2026-06-25,Active
2820,Bronze,22355,2023-03-30,2024-03-29,Active
2821,Silver,10271,2024-01-27,2025-01-26,Active
2822,Silver,39031,2022-07-20,2023-07-20,Active
2823,Bronze,986,2024-11-18,2025-11-18,Active
2824,Gold,49630,2024-08-31,2025-08-31,Active
2825,Silver,8569,2024-07-05,2025-07-05,Active
2826,Bronze,17768,2024-04-11,2025-04-11,Active
2827,Bronze,49365,2022-05-13,2023-05-13,Active
2828,Bronze,36533,2025-12-29,2026-12-29,Active
2829,Silver,47600,2022-08-26,2023-08-26,Active
2830,Bronze,11938,2023-10-16,2024-10-15,Active
2831,Silver,15870,2023-01-26,2024-01-26,Active
2832,Bronze,31226,2023-10-21,2024-10-20,Active
2833,Bronze,15575,2025-01-14,2026-01-14,Active
2834,Bronze,33218,2025-05-29,2026-05-29,Active
2835,Bronze,37792,2024-01-12,2025-01-11,Active
2836,Bronze,46519,2023-01-20,2024-01-20,Active
2837,Bronze,18584,2023-09-26,2024-09-25,Active
2838,Silver,21068,2025-11-14,2026-11-14,Active
2839,Silver,32973,2025-06-18,2026-06-18,Active
2840,Bronze,16642,2026-03-19,2027-03-19,Active
2841,Silver,31212,2022-01-28,2023-01-28,Inactive
2842,Bronze,24831,2022-09-30,2023-09-30,Active
2843,Bronze,8727,2025-05-19,2026-05-19,Active
2844,Silver,21106,2025-03-24,2026-03-24,Active
2845,Silver,6536,2026-03-13,2027-03-13,Active
2846,Bronze,32729,2022-10-03,2023-10-03,Active
2847,Silver,38127,2024-06-02,2025-06-02,Active
2848,Gold,17144,2024-05-27,2025-05-27,Active
2849,Silver,12265,2026-06-19,2027-06-19,Active
2850,Gold,17288,2023-09-28,2024-09-27,Inactive
2851,Bronze,1201,2023-09-18,2024-09-17,Active
2852,Bronze,5980,2025-06-15,2026-06-15,Active
2853,Bronze,13600,2025-01-06,2026-01-06,Active
2854,Bronze,8294,2026-05-31,2027-05-31,Active
2855,Platinum,22577,2023-02-07,2024-02-07,Active
2856,Bronze,15547,2026-02-08,2027-02-08,Active
2857,Gold,13893,2025-09-15,2026-09-15,Active
2858,Bronze,31993,2025-08-14,2026-08-14,Active
2859,Platinum,29581,2022-01-28,2023-01-28,Active
2860,Platinum,48742,2022-12-06,2023-12-06,Active
2861,Bronze,30418,2025-07-09,2026-07-09,Active
2862,Gold,39944,2026-01-28,2027-01-28,Active
2863,Platinum,34215,2025-07-14,2026-07-14,Active
2864,Bronze,6382,2025-02-21,2026-02-21,Active
2865,Gold,28361,2026-04-21,2027-04-21,Active
2866,Bronze,277,2024-12-05,2025-12-05,Active
2867,Bronze,26763,2021-07-29,2022-07-29,Active
2868,Bronze,42842,2023-10-01,2024-09-30,Inactive
2869,Gold,33007,2024-12-08,2025-12-08,Active
2870,Silver,8101,2025-09-19,2026-09-19,Active
2871,Bronze,21079,2023-09-01,2024-08-31,Active
2872,Silver,12017,2025-04-26,2026-04-26,Inactive
2873,Bronze,9103,2024-05-24,2025-05-24,Active
2874,Bronze,2628,2021-08-20,2022-08-20,Active
2875,Bronze,49521,2022-02-02,2023-02-02,Active
2876,Gold,21552,2023-07-08,2024-07-07,Active
2877,Bronze,5773,2023-05-01,2024-04-30,Active
2878,Bronze,28194,2022-03-04,2023-03-04,Active
2879,Bronze,24568,2023-11-12,2024-11-11,Active
2880,Bronze,2388,2024-07-06,2025-07-06,Inactive
2881,Silver,44093,2024-02-18,2025-02-17,Inactive
2882,Bronze,43089,2025-01-31,2026-01-31,Active
2883,Bronze,14506,2025-10-04,2026-10-04,Active
2884,Silver,44442,2026-05-01,2027-05-01,Active
2885,Silver,3950,2021-08-20,2022-08-20,Active
2886,Gold,43439,2022-06-13,2023-06-13,Active
2887,Bronze,25955,2022-12-24,2023-12-24,Active
2888,Platinum,34573,2024-07-09,2025-07-09,Active
2889,Bronze,39070,2022-12-16,2023-12-16,Active
2890,Silver,5369,2022-04-08,2023-04-08,Active
2891,Bronze,16178,2023-03-26,2024-03-25,Inactive
2892,Bronze,612,2022-08-07,2023-08-07,Active
2893,Platinum,29873,2021-12-14,2022-12-14,Inactive
2894,Bronze,14196,2023-09-18,2024-09-17,Active
2895,Bronze,21506,2026-01-04,2027-01-04,Inactive
2896,Bronze,17942,2024-01-26,2025-01-25,Active
2897,Bronze,43970,2023-08-21,2024-08-20,Active
2898,Bronze,40688,2026-01-17,2027-01-17,Active
2899,Gold,400,2022-04-07,2023-04-07,Active
2900,Bronze,29829,2023-06-10,2024-06-09,Active
2901,Bronze,42652,2022-11-15,2023-11-15,Active
2902,Bronze,24842,2023-01-07,2024-01-07,Active
2903,Bronze,29880,2023-10-03,2024-10-02,Active
2904,Bronze,3725,2026-02-28,2027-02-28,Active
2905,Bronze,35116,2025-01-25,2026-01-25,Active
2906,Bronze,18505,2022-10-04,2023-10-04,Active
2907,Gold,39506,2026-06-27,2027-06-27,Active
2908,Silver,19342,2026-01-13,2027-01-13,Active
2909,Bronze,4050,2022-03-22,2023-03-22,Active
2910,Gold,15984,2024-12-03,2025-12-03,Active
2911,Silver,22249,2023-01-27,2024-01-27,Active
2912,Silver,49403,2024-09-30,2025-09-30,Active
2913,Bronze,42941,2022-06-18,2023-06-18,Inactive
2914,Silver,9256,2021-08-01,2022-08-01,Active
2915,Bronze,3008,2025-01-31,2026-01-31,Active
2916,Bronze,24683,2022-05-24,2023-05-24,Active
2917,Gold,38802,2026-02-22,2027-02-22,Active
2918,Silver,37461,2025-07-13,2026-07-13,Active
2919,Bronze,16936,2025-12-21,2026-12-21,Active
2920,Bronze,15060,2023-08-08,2024-08-07,Active
2921,Bronze,15578,2026-07-08,2027-07-08,Active
2922,Silver,14393,2025-01-25,2026-01-25,Active
2923,Silver,39084,2025-09-17,2026-09-17,Active
2924,Bronze,8829,2021-12-11,2022-12-11,Active
2925,Silver,17697,2023-04-22,2024-04-21,Active
2926,Platinum,28694,2023-06-24,2024-06-23,Active
2927,Gold,1836,2021-12-07,2022-12-07,Active
2928,Gold,3556,2023-06-15,2024-06-14,Active
2929,Bronze,14832,2022-09-08,2023-09-08,Inactive
2930,Silver,30403,2024-10-25,2025-10-25,Active
2931,Bronze,33618,2025-03-15,2026-03-15,Active
2932,Gold,7062,2024-10-02,2025-10-02,Active
2933,Gold,3317,2023-05-21,2024-05-20,Active
2934,Bronze,48523,2026-02-18,2027-02-18,Active
2935,Gold,7402,2022-08-25,2023-08-25,Active
2936,Bronze,48989,2025-08-02,2026-08-02,Active
2937,Silver,10380,2022-03-11,2023-03-11,Active
2938,Silver,21259,2025-04-19,2026-04-19,Active
2939,Silver,5797,2022-06-01,2023-06-01,Active
2940,Silver,5875,2024-07-03,2025-07-03,Inactive
2941,Gold,20083,2023-06-06,2024-06-05,Active
2942,Bronze,26440,2024-02-29,2025-02-28,Active
2943,Bronze,43772,2024-12-09,2025-12-09,Active
2944,Silver,15579,2022-12-30,2023-12-30,Active
2945,Silver,33528,2024-06-21,2025-06-21,Active
2946,Platinum,22029,2024-03-19,2025-03-19,Active
2947,Bronze,9920,2023-08-04,2024-08-03,Active
2948,Bronze,33037,2023-03-05,2024-03-04,Inactive
2949,Gold,43911,2022-10-03,2023-10-03,Active
2950,Gold,9299,2023-05-01,2024-04-30,Active
2951,Bronze,3586,2023-02-15,2024-02-15,Inactive
2952,Bronze,21465,2023-02-14,2024-02-14,Active
2953,Bronze,788,2025-01-08,2026-01-08,Active
2954,Silver,11595,2024-08-09,2025-08-09,Active
2955,Bronze,1910,2025-06-27,2026-06-27,Active
2956,Bronze,35613,2026-03-15,2027-03-15,Inactive
2957,Bronze,11068,2023-05-27,2024-05-26,Active
2958,Bronze,33295,2025-02-16,2026-02-16,Active
2959,Bronze,21403,2024-11-08,2025-11-08,Active
2960,Bronze,10990,2025-09-22,2026-09-22,Active
2961,Bronze,10720,2024-01-26,2025-01-25,Active
2962,Silver,828,2025-09-20,2026-09-20,Active
2963,Silver,12296,2023-08-01,2024-07-31,Active
2964,Platinum,37738,2024-07-19,2025-07-19,Inactive
2965,Bronze,9819,2022-12-04,2023-12-04,Active
2966,Bronze,41600,2025-09-05,2026-09-05,Active
2967,Bronze,19059,2023-03-26,2024-03-25,Active
2968,Gold,21241,2022-03-08,2023-03-08,Active
2969,Silver,15677,2026-02-13,2027-02-13,Active
2970,Silver,42073,2025-06-14,2026-06-14,Active
2971,Bronze,45669,2023-08-10,2024-08-09,Active
2972,Bronze,2270,2023-10-18,2024-10-17,Active
2973,Bronze,10125,2024-06-28,2025-06-28,Active
2974,Silver,33575,2026-07-02,2027-07-02,Active
2975,Bronze,1943,2024-02-20,2025-02-19,Active
2976,Silver,12723,2025-11-12,2026-11-12,Active
2977,Bronze,1280,2023-03-29,2024-03-28,Active
2978,Platinum,26449,2023-07-30,2024-07-29,Inactive
2979,Bronze,49367,2023-05-20,2024-05-19,Active
2980,Bronze,7984,2022-04-12,2023-04-12,Active
2981,Bronze,3159,2025-06-16,2026-06-16,Active
2982,Silver,5987,2022-11-24,2023-11-24,Active
2983,Bronze,21113,2021-12-11,2022-12-11,Active
2984,Silver,11670,2021-12-15,2022-12-15,Active
2985,Silver,43651,2023-10-13,2024-10-12,Active
2986,Bronze,33388,2024-01-29,2025-01-28,Active
2987,Bronze,15540,2026-05-21,2027-05-21,Active
2988,Bronze,10670,2021-09-04,2022-09-04,Active
2989,Silver,41490,2022-01-16,2023-01-16,Active
2990,Silver,25051,2025-07-01,2026-07-01,Active
2991,Bronze,28146,2025-12-25,2026-12-25,Active
2992,Bronze,37871,2025-05-09,2026-05-09,Active
2993,Silver,42767,2026-03-01,2027-03-01,Active
2994,Silver,36137,2024-03-19,2025-03-19,Active
2995,Silver,38840,2022-10-24,2023-10-24,Active
2996,Gold,26286,2025-07-25,2026-07-25,Active
2997,Platinum,36600,2025-01-29,2026-01-29,Active
2998,Bronze,6950,2025-03-08,2026-03-08,Active
2999,Gold,41465,2023-04-26,2024-04-25,Active
3000,Bronze,35630,2022-09-22,2023-09-22,Active
3001,Silver,40506,2023-03-22,2024-03-21,Active
3002,Silver,44806,2022-09-17,2023-09-17,Active
3003,Bronze,26164,2024-12-19,2025-12-19,Active
3004,Bronze,27981,2025-03-29,2026-03-29,Active
3005,Bronze,25678,2024-06-07,2025-06-07,Active
3006,Gold,4080,2026-06-27,2027-06-27,Active
3007,Bronze,32269,2025-07-07,2026-07-07,Active
3008,Bronze,16731,2026-01-27,2027-01-27,Active
3009,Gold,46657,2022-12-19,2023-12-19,Active
3010,Bronze,5234,2022-10-16,2023-10-16,Active
3011,Silver,25031,2023-04-03,2024-04-02,Active
3012,Gold,28872,2024-03-25,2025-03-25,Active
3013,Gold,38095,2024-09-22,2025-09-22,Active
3014,Silver,29800,2025-09-08,2026-09-08,Active
3015,Gold,37565,2024-01-31,2025-01-30,Active
3016,Bronze,18617,2025-12-01,2026-12-01,Active
3017,Gold,15592,2026-01-26,2027-01-26,Active
3018,Silver,1060,2023-10-01,2024-09-30,Active
3019,Gold,18756,2023-11-17,2024-11-16,Active
3020,Bronze,601,2024-06-09,2025-06-09,Active
3021,Bronze,45439,2025-12-24,2026-12-24,Active
3022,Silver,27315,2026-03-12,2027-03-12,Inactive
3023,Silver,17724,2021-11-06,2022-11-06,Active
3024,Bronze,2959,2023-03-16,2024-03-15,Active
3025,Bronze,16364,2021-11-09,2022-11-09,Active
3026,Platinum,2982,2026-07-04,2027-07-04,Active
3027,Bronze,20450,2021-08-08,2022-08-08,Active
3028,Bronze,31199,2022-12-21,2023-12-21,Active
3029,Silver,41864,2024-08-12,2025-08-12,Active
3030,Silver,12395,2026-05-14,2027-05-14,Active
3031,Silver,40612,2022-03-28,2023-03-28,Active
3032,Bronze,21152,2022-07-26,2023-07-26,Active
3033,Gold,38635,2024-08-06,2025-08-06,Active
3034,Bronze,5041,2024-08-22,2025-08-22,Active
3035,Silver,3416,2022-04-12,2023-04-12,Active
3036,Gold,4375,2025-05-23,2026-05-23,Active
3037,Bronze,34187,2024-07-16,2025-07-16,Active
3038,Bronze,18047,2026-05-27,2027-05-27,Inactive
3039,Bronze,21579,2025-01-18,2026-01-18,Active
3040,Bronze,5158,2026-01-02,2027-01-02,Active
3041,Bronze,2153,2022-03-03,2023-03-03,Active
3042,Bronze,30590,2022-03-20,2023-03-20,Active
3043,Bronze,18699,2023-12-02,2024-12-01,Active
3044,Gold,6613,2025-02-20,2026-02-20,Active
3045,Gold,28397,2023-10-03,2024-10-02,Active
3046,Bronze,24810,2021-10-29,2022-10-29,Active
3047,Gold,33998,2025-10-11,2026-10-11,Active
3048,Bronze,26729,2025-02-05,2026-02-05,Active
3049,Gold,9292,2023-05-08,2024-05-07,Active
3050,Gold,15884,2022-08-29,2023-08-29,Active
3051,Bronze,1924,2026-01-04,2027-01-04,Active
3052,Silver,9965,2025-08-22,2026-08-22,Active
3053,Bronze,20132,2026-02-22,2027-02-22,Active
3054,Bronze,31999,2024-08-12,2025-08-12,Active
3055,Bronze,33863,2026-02-12,2027-02-12,Active
3056,Bronze,3144,2023-11-05,2024-11-04,Active
3057,Silver,8454,2025-05-03,2026-05-03,Active
3058,Silver,39530,2026-04-15,2027-04-15,Active
3059,Bronze,35871,2026-05-19,2027-05-19,Active
3060,Bronze,27494,2023-11-27,2024-11-26,Active
3061,Silver,17009,2025-05-25,2026-05-25,Active
3062,Bronze,32578,2023-11-24,2024-11-23,Active
3063,Gold,45430,2021-11-23,2022-11-23,Active
3064,Bronze,10003,2026-02-26,2027-02-26,Active
3065,Silver,44004,2022-09-24,2023-09-24,Active
3066,Gold,26148,2024-08-03,2025-08-03,Active
3067,Silver,47568,2024-01-03,2025-01-02,Active
3068,Bronze,38068,2024-11-21,2025-11-21,Active
3069,Bronze,39888,2024-03-07,2025-03-07,Active
3070,Silver,39404,2022-02-05,2023-02-05,Active
3071,Silver,17888,2025-10-10,2026-10-10,Active
3072,Bronze,11396,2021-07-17,2022-07-17,Active
3073,Bronze,43911,2024-12-14,2025-12-14,Active
3074,Platinum,22740,2026-01-06,2027-01-06,Inactive
3075,Silver,1903,2025-04-20,2026-04-20,Active
3076,Gold,32401,2022-03-05,2023-03-05,Inactive
3077,Bronze,41893,2022-11-15,2023-11-15,Active
3078,Bronze,4552,2023-05-19,2024-05-18,Active
3079,Bronze,48829,2022-07-29,2023-07-29,Active
3080,Bronze,48242,2024-09-30,2025-09-30,Inactive
3081,Silver,24467,2024-07-09,2025-07-09,Active
3082,Silver,45318,2021-11-24,2022-11-24,Inactive
3083,Gold,40456,2021-08-04,2022-08-04,Active
3084,Silver,8282,2022-07-06,2023-07-06,Active
3085,Bronze,45469,2024-07-19,2025-07-19,Active
3086,Silver,20218,2023-07-18,2024-07-17,Active
3087,Gold,10588,2021-09-03,2022-09-03,Active
3088,Bronze,14373,2025-03-13,2026-03-13,Active
3089,Platinum,41489,2024-05-19,2025-05-19,Active
3090,Bronze,20503,2022-06-07,2023-06-07,Active
3091,Silver,33999,2023-07-18,2024-07-17,Active
3092,Platinum,18492,2023-04-20,2024-04-19,Active
3093,Silver,4188,2025-10-13,2026-10-13,Active
3094,Silver,9629,2024-08-20,2025-08-20,Active
3095,Platinum,24602,2025-12-15,2026-12-15,Active
3096,Bronze,12750,2022-11-07,2023-11-07,Active
3097,Silver,46377,2022-05-16,2023-05-16,Active
3098,Bronze,2015,2024-09-23,2025-09-23,Active
3099,Bronze,36173,2023-09-11,2024-09-10,Active
3100,Bronze,29559,2022-02-23,2023-02-23,Active
3101,Bronze,38321,2023-09-11,2024-09-10,Active
3102,Bronze,14241,2022-10-24,2023-10-24,Active
3103,Silver,46236,2023-09-10,2024-09-09,Active
3104,Silver,882,2022-01-18,2023-01-18,Active
3105,Bronze,39602,2023-08-29,2024-08-28,Active
3106,Bronze,27512,2025-02-08,2026-02-08,Active
3107,Platinum,38641,2024-11-18,2025-11-18,Active
3108,Silver,31661,2022-07-01,2023-07-01,Active
3109,Bronze,21823,2021-12-29,2022-12-29,Active
3110,Gold,25448,2025-12-18,2026-12-18,Active
3111,Bronze,10035,2025-03-17,2026-03-17,Active
3112,Bronze,9989,2022-01-23,2023-01-23,Active
3113,Silver,20454,2023-09-20,2024-09-19,Inactive
3114,Silver,34113,2021-11-10,2022-11-10,Active
3115,Platinum,900,2026-06-01,2027-06-01,Active
3116,Bronze,48210,2023-12-05,2024-12-04,Active
3117,Silver,37751,2025-06-10,2026-06-10,Active
3118,Silver,26376,2022-07-21,2023-07-21,Active
3119,Platinum,16286,2024-10-13,2025-10-13,Inactive
3120,Silver,605,2026-06-14,2027-06-14,Active
3121,Gold,40581,2025-11-12,2026-11-12,Active
3122,Silver,45470,2023-10-13,2024-10-12,Active
3123,Silver,43775,2025-01-27,2026-01-27,Active
3124,Bronze,27932,2023-06-01,2024-05-31,Active
3125,Bronze,15655,2026-02-23,2027-02-23,Active
3126,Bronze,42509,2025-08-06,2026-08-06,Active
3127,Bronze,40552,2026-04-29,2027-04-29,Active
3128,Silver,42131,2024-08-15,2025-08-15,Active
3129,Bronze,8386,2022-03-15,2023-03-15,Active
3130,Bronze,20206,2024-08-31,2025-08-31,Active
3131,Silver,15497,2024-08-28,2025-08-28,Active
3132,Bronze,36963,2022-09-19,2023-09-19,Active
3133,Bronze,1185,2022-01-05,2023-01-05,Active
3134,Bronze,23502,2026-05-26,2027-05-26,Active
3135,Silver,24621,2022-12-05,2023-12-05,Inactive
3136,Silver,9395,2024-08-23,2025-08-23,Active
3137,Gold,41602,2026-02-26,2027-02-26,Active
3138,Bronze,7658,2024-04-09,2025-04-09,Active
3139,Bronze,41721,2025-12-17,2026-12-17,Active
3140,Silver,26033,2021-08-01,2022-08-01,Inactive
3141,Bronze,27907,2025-03-08,2026-03-08,Active
3142,Bronze,17827,2024-01-13,2025-01-12,Inactive
3143,Bronze,32129,2025-02-14,2026-02-14,Active
3144,Gold,4585,2023-08-08,2024-08-07,Inactive
3145,Bronze,43977,2025-08-08,2026-08-08,Inactive
3146,Bronze,5367,2024-02-11,2025-02-10,Active
3147,Bronze,33024,2024-05-18,2025-05-18,Active
3148,Gold,25150,2026-02-24,2027-02-24,Active
3149,Bronze,41702,2023-01-22,2024-01-22,Active
3150,Gold,20583,2025-10-12,2026-10-12,Active
3151,Bronze,13180,2025-10-09,2026-10-09,Active
3152,Bronze,13028,2023-09-08,2024-09-07,Inactive
3153,Silver,16391,2022-02-24,2023-02-24,Active
3154,Bronze,662,2026-06-06,2027-06-06,Active
3155,Silver,8351,2024-08-04,2025-08-04,Active
3156,Bronze,4126,2021-07-23,2022-07-23,Active
3157,Bronze,1767,2025-06-28,2026-06-28,Active
3158,Gold,17246,2026-03-12,2027-03-12,Active
3159,Gold,2659,2023-03-16,2024-03-15,Active
3160,Bronze,47600,2024-10-07,2025-10-07,Active
3161,Gold,3364,2024-11-27,2025-11-27,Active
3162,Silver,18303,2025-09-07,2026-09-07,Active
3163,Silver,36840,2022-01-26,2023-01-26,Active
3164,Bronze,618,2023-12-13,2024-12-12,Active
3165,Bronze,41136,2022-12-16,2023-12-16,Active
3166,Silver,34269,2024-04-07,2025-04-07,Inactive
3167,Bronze,12358,2023-07-20,2024-07-19,Active
3168,Silver,10555,2023-10-01,2024-09-30,Inactive
3169,Silver,28534,2022-11-06,2023-11-06,Active
3170,Bronze,13086,2022-02-09,2023-02-09,Inactive
3171,Bronze,22809,2023-04-16,2024-04-15,Active
3172,Bronze,47096,2024-12-10,2025-12-10,Active
3173,Platinum,34682,2023-08-25,2024-08-24,Inactive
3174,Bronze,28153,2021-11-27,2022-11-27,Active
3175,Bronze,48940,2021-11-27,2022-11-27,Active
3176,Bronze,28002,2023-01-02,2024-01-02,Active
3177,Bronze,31618,2024-10-11,2025-10-11,Active
3178,Bronze,29571,2022-08-20,2023-08-20,Active
3179,Silver,26982,2023-04-23,2024-04-22,Active
3180,Bronze,24726,2022-07-27,2023-07-27,Active
3181,Bronze,2464,2022-03-26,2023-03-26,Active
3182,Silver,3887,2024-03-10,2025-03-10,Active
3183,Bronze,16030,2022-08-10,2023-08-10,Active
3184,Gold,10435,2022-06-17,2023-06-17,Active
3185,Silver,3811,2021-09-11,2022-09-11,Active
3186,Bronze,23641,2024-04-28,2025-04-28,Active
3187,Bronze,16827,2022-09-12,2023-09-12,Active
3188,Bronze,26916,2021-10-09,2022-10-09,Active
3189,Bronze,39292,2023-12-23,2024-12-22,Active
3190,Bronze,17590,2021-08-18,2022-08-18,Active
3191,Silver,37508,2023-03-02,2024-03-01,Active
3192,Bronze,12478,2022-11-08,2023-11-08,Active
3193,Gold,42752,2023-05-23,2024-05-22,Active
3194,Bronze,44280,2024-11-20,2025-11-20,Active
3195,Platinum,29814,2024-05-03,2025-05-03,Active
3196,Platinum,47364,2023-03-07,2024-03-06,Active
3197,Bronze,10807,2025-10-30,2026-10-30,Active
3198,Bronze,9904,2022-05-02,2023-05-02,Inactive
3199,Silver,2569,2023-03-20,2024-03-19,Active
3200,Bronze,20765,2024-12-10,2025-12-10,Active
3201,Bronze,46367,2026-03-03,2027-03-03,Active
3202,Bronze,28387,2026-02-23,2027-02-23,Active
3203,Silver,554,2025-12-01,2026-12-01,Active
3204,Silver,20175,2023-05-27,2024-05-26,Active
3205,Gold,48640,2024-04-29,2025-04-29,Active
3206,Bronze,12958,2025-06-20,2026-06-20,Inactive
3207,Bronze,38676,2024-10-17,2025-10-17,Active
3208,Silver,43922,2025-04-22,2026-04-22,Active
3209,Bronze,42188,2024-12-19,2025-12-19,Active
3210,Bronze,44158,2024-08-29,2025-08-29,Active
3211,Bronze,14079,2023-12-08,2024-12-07,Active
3212,Bronze,42686,2026-06-02,2027-06-02,Active
3213,Bronze,47662,2025-05-15,2026-05-15,Active
3214,Bronze,24523,2023-01-04,2024-01-04,Active
3215,Bronze,18053,2023-07-07,2024-07-06,Active
3216,Bronze,38724,2024-09-16,2025-09-16,Active
3217,Bronze,980,2026-05-15,2027-05-15,Active
3218,Bronze,45056,2024-06-12,2025-06-12,Active
3219,Bronze,30831,2026-01-12,2027-01-12,Active
3220,Bronze,41957,2025-06-06,2026-06-06,Active
3221,Silver,31709,2021-10-21,2022-10-21,Inactive
3222,Platinum,30849,2022-10-02,2023-10-02,Active
3223,Gold,12086,2026-01-22,2027-01-22,Active
3224,Bronze,40739,2021-09-17,2022-09-17,Active
3225,Bronze,29512,2024-05-13,2025-05-13,Active
3226,Bronze,22657,2026-02-21,2027-02-21,Active
3227,Bronze,14286,2023-12-08,2024-12-07,Active
3228,Bronze,20314,2025-03-18,2026-03-18,Active
3229,Gold,32239,2023-03-15,2024-03-14,Active
3230,Bronze,39725,2021-08-28,2022-08-28,Active
3231,Gold,33359,2023-10-12,2024-10-11,Active
3232,Silver,18565,2025-05-24,2026-05-24,Active
3233,Gold,30054,2022-03-31,2023-03-31,Active
3234,Silver,7504,2022-05-09,2023-05-09,Active
3235,Bronze,6578,2022-02-02,2023-02-02,Active
3236,Silver,30283,2023-01-28,2024-01-28,Active
3237,Silver,33757,2021-09-01,2022-09-01,Active
3238,Bronze,32951,2025-01-19,2026-01-19,Active
3239,Gold,11680,2024-08-08,2025-08-08,Active
3240,Bronze,23747,2024-01-27,2025-01-26,Active
3241,Bronze,16687,2025-04-27,2026-04-27,Active
3242,Bronze,12195,2022-12-03,2023-12-03,Active
3243,Silver,27191,2021-12-25,2022-12-25,Active
3244,Bronze,42459,2024-06-01,2025-06-01,Active
3245,Bronze,1650,2021-12-25,2022-12-25,Active
3246,Silver,42710,2025-11-09,2026-11-09,Active
3247,Silver,35592,2026-01-12,2027-01-12,Active
3248,Bronze,41230,2026-01-14,2027-01-14,Active
3249,Silver,22649,2022-09-07,2023-09-07,Active
3250,Silver,39744,2025-08-25,2026-08-25,Inactive
3251,Bronze,12007,2023-02-02,2024-02-02,Active
3252,Bronze,18730,2026-05-09,2027-05-09,Active
3253,Silver,30703,2026-06-18,2027-06-18,Active
3254,Gold,15437,2024-04-22,2025-04-22,Active
3255,Silver,25988,2022-04-21,2023-04-21,Active
3256,Bronze,36144,2021-10-25,2022-10-25,Active
3257,Bronze,3266,2021-11-30,2022-11-30,Active
3258,Bronze,14358,2023-01-01,2024-01-01,Active
3259,Bronze,35081,2024-12-25,2025-12-25,Active
3260,Bronze,5309,2025-11-04,2026-11-04,Active
3261,Silver,1990,2022-08-29,2023-08-29,Active
3262,Gold,34093,2024-06-30,2025-06-30,Active
3263,Bronze,26379,2023-06-04,2024-06-03,Active
3264,Bronze,45624,2023-11-15,2024-11-14,Active
3265,Silver,27537,2022-05-10,2023-05-10,Active
3266,Silver,2299,2024-09-26,2025-09-26,Active
3267,Bronze,43960,2025-03-14,2026-03-14,Active
3268,Bronze,26635,2026-02-19,2027-02-19,Active
3269,Bronze,2333,2024-04-25,2025-04-25,Active
3270,Silver,41255,2025-10-20,2026-10-20,Active
3271,Bronze,38925,2023-06-03,2024-06-02,Active
3272,Silver,47818,2022-06-02,2023-06-02,Active
3273,Silver,17432,2024-01-20,2025-01-19,Active
3274,Silver,4937,2023-02-18,2024-02-18,Active
3275,Platinum,30780,2022-06-20,2023-06-20,Active
3276,Bronze,29772,2022-01-27,2023-01-27,Active
3277,Silver,48248,2024-09-10,2025-09-10,Active
3278,Bronze,26579,2026-05-02,2027-05-02,Active
3279,Bronze,46077,2026-05-20,2027-05-20,Active
3280,Silver,30868,2025-02-03,2026-02-03,Inactive
3281,Gold,30858,2026-07-07,2027-07-07,Active
3282,Bronze,11341,2023-09-27,2024-09-26,Inactive
3283,Platinum,23367,2026-07-02,2027-07-02,Inactive
3284,Bronze,14453,2024-05-27,2025-05-27,Active
3285,Platinum,43281,2025-06-25,2026-06-25,Active
3286,Bronze,875,2022-11-14,2023-11-14,Active
3287,Silver,28951,2024-07-20,2025-07-20,Active
3288,Silver,31877,2022-08-05,2023-08-05,Active
3289,Bronze,30014,2024-08-26,2025-08-26,Inactive
3290,Bronze,5800,2023-11-02,2024-11-01,Active
3291,Silver,48154,2024-04-15,2025-04-15,Active
3292,Gold,25101,2023-01-31,2024-01-31,Active
3293,Platinum,9108,2022-03-13,2023-03-13,Active
3294,Bronze,27243,2025-10-12,2026-10-12,Active
3295,Bronze,35788,2021-07-14,2022-07-14,Active
3296,Bronze,30580,2021-09-04,2022-09-04,Active
3297,Silver,18536,2025-07-10,2026-07-10,Active
3298,Bronze,29896,2024-03-24,2025-03-24,Active
3299,Silver,23078,2023-02-04,2024-02-04,Active
3300,Bronze,17067,2025-04-24,2026-04-24,Active
3301,Gold,9130,2024-08-27,2025-08-27,Active
3302,Gold,6283,2024-03-23,2025-03-23,Active
3303,Silver,22074,2023-08-26,2024-08-25,Active
3304,Bronze,31961,2026-02-15,2027-02-15,Active
3305,Gold,15396,2021-11-14,2022-11-14,Active
3306,Bronze,25729,2024-05-16,2025-05-16,Active
3307,Silver,42966,2024-06-19,2025-06-19,Active
3308,Silver,47994,2024-01-10,2025-01-09,Active
3309,Bronze,5053,2023-12-26,2024-12-25,Inactive
3310,Bronze,28370,2024-07-09,2025-07-09,Active
3311,Silver,3967,2022-01-18,2023-01-18,Active
3312,Bronze,8649,2026-07-01,2027-07-01,Active
3313,Bronze,30454,2023-11-01,2024-10-31,Inactive
3314,Bronze,43567,2022-02-28,2023-02-28,Inactive
3315,Silver,36997,2023-08-30,2024-08-29,Active
3316,Bronze,27504,2022-09-21,2023-09-21,Active
3317,Bronze,32557,2024-04-18,2025-04-18,Active
3318,Silver,16868,2022-01-01,2023-01-01,Active
3319,Bronze,41882,2022-10-04,2023-10-04,Active
3320,Silver,8898,2025-12-14,2026-12-14,Inactive
3321,Gold,15643,2023-08-06,2024-08-05,Active
3322,Gold,24283,2023-09-10,2024-09-09,Active
3323,Silver,35234,2022-12-28,2023-12-28,Active
3324,Bronze,21872,2023-09-29,2024-09-28,Active
3325,Gold,12664,2024-10-06,2025-10-06,Active
3326,Bronze,32003,2022-04-09,2023-04-09,Active
3327,Silver,26168,2023-04-21,2024-04-20,Active
3328,Gold,2992,2025-01-07,2026-01-07,Active
3329,Bronze,13883,2024-09-27,2025-09-27,Active
3330,Bronze,24517,2022-11-24,2023-11-24,Active
3331,Silver,28489,2026-06-15,2027-06-15,Active
3332,Silver,10704,2022-01-01,2023-01-01,Active
3333,Bronze,48124,2021-07-13,2022-07-13,Active
3334,Bronze,32995,2021-12-25,2022-12-25,Active
3335,Silver,43092,2023-05-08,2024-05-07,Active
3336,Bronze,1235,2025-01-14,2026-01-14,Active
3337,Silver,45606,2022-02-24,2023-02-24,Active
3338,Silver,928,2026-03-23,2027-03-23,Active
3339,Silver,13546,2025-03-22,2026-03-22,Active
3340,Bronze,42595,2022-12-06,2023-12-06,Inactive
3341,Silver,24201,2023-09-12,2024-09-11,Active
3342,Bronze,39584,2022-03-05,2023-03-05,Active
3343,Bronze,34381,2022-10-25,2023-10-25,Active
3344,Bronze,1060,2021-07-15,2022-07-15,Active
3345,Bronze,10914,2023-04-03,2024-04-02,Active
3346,Bronze,47305,2021-09-04,2022-09-04,Active
3347,Gold,30417,2025-02-15,2026-02-15,Active
3348,Silver,41310,2023-10-09,2024-10-08,Active
3349,Bronze,39615,2024-06-18,2025-06-18,Active
3350,Bronze,48601,2023-12-15,2024-12-14,Active
3351,Silver,46688,2022-03-04,2023-03-04,Active
3352,Bronze,45837,2023-07-22,2024-07-21,Active
3353,Bronze,8145,2022-08-29,2023-08-29,Active
3354,Bronze,38674,2026-07-10,2027-07-10,Active
3355,Bronze,12336,2026-01-12,2027-01-12,Active
3356,Silver,8890,2025-10-08,2026-10-08,Inactive
3357,Bronze,21702,2025-06-14,2026-06-14,Active
3358,Bronze,26066,2021-11-08,2022-11-08,Active
3359,Silver,4067,2024-07-04,2025-07-04,Active
3360,Silver,39388,2026-02-08,2027-02-08,Active
3361,Gold,20155,2025-07-21,2026-07-21,Active
3362,Gold,17752,2023-06-26,2024-06-25,Active
3363,Silver,12220,2026-05-16,2027-05-16,Active
3364,Gold,6632,2025-12-20,2026-12-20,Active
3365,Silver,21656,2023-09-23,2024-09-22,Active
3366,Gold,39859,2024-06-05,2025-06-05,Active
3367,Bronze,35035,2025-09-09,2026-09-09,Active
3368,Gold,8766,2026-03-20,2027-03-20,Active
3369,Silver,22568,2026-04-16,2027-04-16,Active
3370,Gold,25817,2026-04-29,2027-04-29,Active
3371,Gold,33315,2022-01-24,2023-01-24,Active
3372,Silver,11800,2023-09-10,2024-09-09,Inactive
3373,Bronze,46902,2026-05-12,2027-05-12,Active
3374,Bronze,4914,2024-05-31,2025-05-31,Active
3375,Gold,36400,2021-10-23,2022-10-23,Active
3376,Bronze,13896,2025-09-28,2026-09-28,Active
3377,Bronze,2196,2021-07-15,2022-07-15,Active
3378,Bronze,11112,2022-05-27,2023-05-27,Active
3379,Silver,18982,2025-11-28,2026-11-28,Active
3380,Bronze,12378,2025-06-12,2026-06-12,Active
3381,Bronze,25971,2022-10-12,2023-10-12,Active
3382,Gold,37772,2023-01-08,2024-01-08,Active
3383,Gold,1404,2023-02-28,2024-02-28,Active
3384,Bronze,4243,2023-09-22,2024-09-21,Active
3385,Bronze,26108,2024-06-15,2025-06-15,Active
3386,Bronze,18945,2025-11-22,2026-11-22,Active
3387,Bronze,9214,2025-09-13,2026-09-13,Active
3388,Bronze,2084,2023-04-30,2024-04-29,Active
3389,Bronze,43335,2022-01-17,2023-01-17,Active
3390,Bronze,26286,2023-07-10,2024-07-09,Active
3391,Silver,12758,2024-08-07,2025-08-07,Active
3392,Silver,39860,2023-12-26,2024-12-25,Active
3393,Silver,42911,2024-07-23,2025-07-23,Active
3394,Silver,30350,2024-11-09,2025-11-09,Active
3395,Gold,30019,2022-06-23,2023-06-23,Active
3396,Bronze,21650,2026-04-04,2027-04-04,Active
3397,Silver,35842,2024-01-15,2025-01-14,Active
3398,Bronze,13683,2022-01-03,2023-01-03,Active
3399,Bronze,9984,2022-01-31,2023-01-31,Active
3400,Bronze,27796,2025-04-01,2026-04-01,Inactive
3401,Gold,26084,2021-08-13,2022-08-13,Active
3402,Bronze,19202,2021-08-16,2022-08-16,Active
3403,Silver,1576,2022-03-15,2023-03-15,Inactive
3404,Silver,43057,2024-05-28,2025-05-28,Active
3405,Bronze,43879,2022-12-20,2023-12-20,Active
3406,Bronze,6364,2024-04-23,2025-04-23,Inactive
3407,Bronze,36332,2025-08-20,2026-08-20,Active
3408,Bronze,14769,2025-01-10,2026-01-10,Active
3409,Bronze,7391,2026-02-04,2027-02-04,Inactive
3410,Bronze,37696,2022-01-12,2023-01-12,Active
3411,Bronze,36666,2022-05-17,2023-05-17,Inactive
3412,Platinum,3774,2024-12-20,2025-12-20,Active
3413,Silver,44961,2021-11-13,2022-11-13,Inactive
3414,Bronze,31454,2022-04-15,2023-04-15,Active
3415,Bronze,6022,2026-04-01,2027-04-01,Active
3416,Bronze,46901,2025-11-01,2026-11-01,Active
3417,Gold,27506,2024-06-17,2025-06-17,Active
3418,Bronze,32354,2022-09-11,2023-09-11,Active
3419,Bronze,44497,2026-05-17,2027-05-17,Active
3420,Silver,32902,2023-02-25,2024-02-25,Active
3421,Gold,24491,2022-12-24,2023-12-24,Active
3422,Bronze,32274,2023-07-02,2024-07-01,Active
3423,Gold,27287,2023-02-22,2024-02-22,Active
3424,Bronze,33951,2023-10-07,2024-10-06,Active
3425,Silver,36649,2024-01-24,2025-01-23,Active
3426,Gold,1012,2023-09-26,2024-09-25,Active
3427,Silver,6886,2026-02-05,2027-02-05,Active
3428,Silver,9768,2024-02-11,2025-02-10,Active
3429,Bronze,48967,2024-07-11,2025-07-11,Inactive
3430,Silver,2033,2026-03-13,2027-03-13,Active
3431,Gold,23564,2021-09-10,2022-09-10,Active
3432,Bronze,40478,2023-04-09,2024-04-08,Active
3433,Silver,41124,2024-01-26,2025-01-25,Active
3434,Silver,41550,2023-09-30,2024-09-29,Active
3435,Bronze,9403,2026-03-13,2027-03-13,Active
3436,Bronze,19140,2024-01-02,2025-01-01,Active
3437,Bronze,20772,2025-12-28,2026-12-28,Active
3438,Bronze,49833,2026-01-03,2027-01-03,Active
3439,Bronze,43618,2024-07-08,2025-07-08,Active
3440,Bronze,9968,2023-04-12,2024-04-11,Active
3441,Bronze,29681,2021-09-27,2022-09-27,Active
3442,Bronze,37211,2026-07-10,2027-07-10,Active
3443,Bronze,30040,2021-07-26,2022-07-26,Active
3444,Silver,46394,2024-12-24,2025-12-24,Active
3445,Bronze,15459,2023-03-20,2024-03-19,Active
3446,Silver,44058,2023-10-29,2024-10-28,Active
3447,Bronze,4174,2025-03-29,2026-03-29,Inactive
3448,Bronze,24070,2024-02-09,2025-02-08,Active
3449,Silver,35094,2025-08-15,2026-08-15,Active
3450,Platinum,15448,2023-09-06,2024-09-05,Inactive
3451,Bronze,27918,2024-01-29,2025-01-28,Active
3452,Gold,22934,2023-12-21,2024-12-20,Active
3453,Bronze,39721,2023-08-29,2024-08-28,Active
3454,Bronze,21579,2024-01-19,2025-01-18,Active
3455,Bronze,13709,2022-11-18,2023-11-18,Active
3456,Gold,39241,2023-05-30,2024-05-29,Active
3457,Bronze,8239,2022-09-13,2023-09-13,Active
3458,Silver,7980,2025-04-28,2026-04-28,Active
3459,Bronze,43709,2023-02-04,2024-02-04,Active
3460,Silver,18875,2023-03-30,2024-03-29,Active
3461,Gold,36164,2026-05-03,2027-05-03,Active
3462,Gold,28457,2025-03-16,2026-03-16,Inactive
3463,Bronze,6999,2025-08-11,2026-08-11,Active
3464,Bronze,38458,2026-04-13,2027-04-13,Active
3465,Silver,28497,2026-03-20,2027-03-20,Active
3466,Gold,18490,2025-08-19,2026-08-19,Active
3467,Bronze,6391,2021-11-14,2022-11-14,Active
3468,Silver,18292,2026-06-19,2027-06-19,Active
3469,Silver,5639,2024-03-18,2025-03-18,Active
3470,Bronze,35465,2025-12-14,2026-12-14,Inactive
3471,Bronze,13455,2023-12-23,2024-12-22,Active
3472,Bronze,48972,2025-03-01,2026-03-01,Active
3473,Bronze,5546,2024-02-09,2025-02-08,Active
3474,Silver,12594,2024-12-01,2025-12-01,Inactive
3475,Gold,47165,2022-12-08,2023-12-08,Active
3476,Silver,25321,2024-06-08,2025-06-08,Active
3477,Bronze,42309,2022-06-27,2023-06-27,Inactive
3478,Bronze,10601,2023-03-21,2024-03-20,Active
3479,Bronze,43653,2026-07-09,2027-07-09,Inactive
3480,Bronze,42541,2025-08-08,2026-08-08,Active
3481,Silver,31276,2022-08-14,2023-08-14,Active
3482,Platinum,40181,2022-12-02,2023-12-02,Inactive
3483,Silver,47568,2024-06-10,2025-06-10,Active
3484,Bronze,31332,2025-08-13,2026-08-13,Active
3485,Bronze,45210,2024-07-01,2025-07-01,Active
3486,Bronze,16380,2022-12-17,2023-12-17,Active
3487,Silver,18755,2024-11-17,2025-11-17,Active
3488,Bronze,1194,2025-03-25,2026-03-25,Active
3489,Silver,9940,2021-11-03,2022-11-03,Active
3490,Bronze,9380,2024-07-13,2025-07-13,Active
3491,Platinum,20364,2023-10-03,2024-10-02,Active
3492,Bronze,31195,2023-06-19,2024-06-18,Active
3493,Silver,28026,2023-05-12,2024-05-11,Inactive
3494,Bronze,49078,2024-01-14,2025-01-13,Active
3495,Bronze,43531,2023-10-26,2024-10-25,Active
3496,Bronze,16236,2022-11-27,2023-11-27,Inactive
3497,Bronze,21303,2023-02-15,2024-02-15,Active
3498,Bronze,37055,2022-04-02,2023-04-02,Inactive
3499,Bronze,7739,2023-02-12,2024-02-12,Active
3500,Bronze,23016,2024-06-15,2025-06-15,Active
3501,Silver,29284,2023-05-27,2024-05-26,Active
3502,Bronze,4149,2021-08-09,2022-08-09,Active
3503,Bronze,21840,2021-07-24,2022-07-24,Active
3504,Gold,48611,2022-12-02,2023-12-02,Active
3505,Silver,38125,2024-10-07,2025-10-07,Active
3506,Bronze,46791,2021-08-07,2022-08-07,Active
3507,Bronze,21797,2023-01-26,2024-01-26,Active
3508,Silver,4750,2024-06-17,2025-06-17,Inactive
3509,Bronze,45191,2023-04-09,2024-04-08,Active
3510,Bronze,14109,2021-08-05,2022-08-05,Active
3511,Gold,28080,2026-02-27,2027-02-27,Active
3512,Silver,49351,2023-09-24,2024-09-23,Active
3513,Bronze,42748,2025-04-14,2026-04-14,Inactive
3514,Bronze,41720,2026-06-08,2027-06-08,Active
3515,Bronze,10238,2023-11-05,2024-11-04,Active
3516,Gold,41379,2022-01-02,2023-01-02,Active
3517,Bronze,27598,2024-10-06,2025-10-06,Active
3518,Bronze,47242,2025-10-27,2026-10-27,Active
3519,Bronze,41656,2025-03-27,2026-03-27,Active
3520,Bronze,23131,2024-08-18,2025-08-18,Active
3521,Gold,10406,2025-10-23,2026-10-23,Active
3522,Silver,18953,2023-03-05,2024-03-04,Active
3523,Silver,44976,2025-07-16,2026-07-16,Active
3524,Bronze,45476,2024-10-12,2025-10-12,Active
3525,Bronze,4564,2023-09-21,2024-09-20,Active
3526,Silver,43678,2024-10-14,2025-10-14,Active
3527,Silver,8072,2025-09-28,2026-09-28,Active
3528,Bronze,3510,2026-01-06,2027-01-06,Active
3529,Bronze,13374,2024-05-07,2025-05-07,Active
3530,Bronze,45264,2026-03-02,2027-03-02,Inactive
3531,Bronze,17774,2025-08-10,2026-08-10,Active
3532,Silver,496,2023-06-10,2024-06-09,Inactive
3533,Bronze,38668,2021-08-14,2022-08-14,Active
3534,Silver,36512,2021-07-23,2022-07-23,Inactive
3535,Silver,24118,2024-09-17,2025-09-17,Active
3536,Silver,45901,2022-09-26,2023-09-26,Active
3537,Gold,25382,2024-11-17,2025-11-17,Active
3538,Silver,49047,2022-09-15,2023-09-15,Inactive
3539,Bronze,39202,2024-10-23,2025-10-23,Active
3540,Silver,36818,2022-02-26,2023-02-26,Active
3541,Silver,28395,2023-03-14,2024-03-13,Inactive
3542,Gold,16819,2023-11-28,2024-11-27,Active
3543,Bronze,14554,2023-12-24,2024-12-23,Inactive
3544,Bronze,32688,2023-02-01,2024-02-01,Active
3545,Bronze,27933,2024-04-06,2025-04-06,Active
3546,Bronze,3780,2024-07-22,2025-07-22,Active
3547,Bronze,10604,2024-12-18,2025-12-18,Active
3548,Bronze,49853,2023-11-15,2024-11-14,Active
3549,Gold,26348,2021-10-05,2022-10-05,Active
3550,Gold,32530,2024-01-02,2025-01-01,Active
3551,Silver,3934,2021-12-20,2022-12-20,Active
3552,Silver,24789,2022-10-14,2023-10-14,Active
3553,Bronze,28241,2025-01-10,2026-01-10,Active
3554,Bronze,1101,2024-09-12,2025-09-12,Active
3555,Bronze,44421,2025-03-11,2026-03-11,Active
3556,Bronze,34245,2023-10-19,2024-10-18,Active
3557,Bronze,16504,2025-08-18,2026-08-18,Active
3558,Gold,31747,2025-08-01,2026-08-01,Active
3559,Silver,6483,2022-11-03,2023-11-03,Active
3560,Gold,4134,2022-02-03,2023-02-03,Active
3561,Silver,46315,2025-06-25,2026-06-25,Active
3562,Bronze,10511,2025-10-08,2026-10-08,Active
3563,Silver,11083,2021-08-17,2022-08-17,Active
3564,Bronze,35770,2026-03-26,2027-03-26,Active
3565,Bronze,22654,2022-05-12,2023-05-12,Active
3566,Silver,28034,2022-10-09,2023-10-09,Active
3567,Bronze,25653,2024-04-10,2025-04-10,Active
3568,Silver,38558,2022-10-17,2023-10-17,Active
3569,Silver,22049,2025-01-06,2026-01-06,Active
3570,Silver,13759,2026-02-20,2027-02-20,Active
3571,Silver,22375,2022-08-07,2023-08-07,Active
3572,Silver,23214,2025-03-31,2026-03-31,Active
3573,Bronze,16151,2025-06-07,2026-06-07,Active
3574,Platinum,49144,2024-06-11,2025-06-11,Active
3575,Bronze,15172,2023-02-23,2024-02-23,Active
3576,Bronze,14602,2024-08-24,2025-08-24,Active
3577,Gold,20284,2022-07-13,2023-07-13,Active
3578,Platinum,26706,2025-07-01,2026-07-01,Active
3579,Gold,18788,2025-04-12,2026-04-12,Active
3580,Bronze,49544,2025-08-24,2026-08-24,Active
3581,Bronze,37706,2025-03-07,2026-03-07,Active
3582,Silver,48908,2022-12-05,2023-12-05,Active
3583,Bronze,43521,2022-05-18,2023-05-18,Active
3584,Bronze,33978,2023-10-24,2024-10-23,Active
3585,Bronze,39006,2025-12-03,2026-12-03,Active
3586,Gold,4517,2023-01-19,2024-01-19,Active
3587,Silver,46093,2021-12-27,2022-12-27,Active
3588,Silver,25678,2022-05-29,2023-05-29,Active
3589,Silver,1768,2023-05-31,2024-05-30,Inactive
3590,Platinum,34334,2025-07-28,2026-07-28,Active
3591,Bronze,22073,2025-08-10,2026-08-10,Active
3592,Silver,10076,2025-06-05,2026-06-05,Inactive
3593,Gold,14956,2021-07-26,2022-07-26,Active
3594,Gold,3750,2023-12-26,2024-12-25,Active
3595,Silver,38490,2022-11-29,2023-11-29,Active
3596,Bronze,11418,2021-07-16,2022-07-16,Active
3597,Silver,31275,2022-10-28,2023-10-28,Active
3598,Bronze,9561,2025-09-16,2026-09-16,Active
3599,Bronze,30570,2021-09-20,2022-09-20,Active
3600,Silver,33327,2023-12-26,2024-12-25,Active
3601,Silver,45439,2023-08-21,2024-08-20,Active
3602,Silver,40143,2025-10-19,2026-10-19,Active
3603,Gold,39006,2026-06-21,2027-06-21,Active
3604,Bronze,3459,2024-08-02,2025-08-02,Active
3605,Bronze,32419,2021-07-16,2022-07-16,Active
3606,Bronze,19573,2023-01-04,2024-01-04,Active
3607,Silver,6636,2022-01-25,2023-01-25,Active
3608,Bronze,45812,2022-09-21,2023-09-21,Active
3609,Silver,37378,2025-09-20,2026-09-20,Active
3610,Silver,35316,2021-11-12,2022-11-12,Active
3611,Silver,11110,2023-05-06,2024-05-05,Active
3612,Bronze,8807,2021-08-07,2022-08-07,Active
3613,Silver,42452,2023-06-10,2024-06-09,Active
3614,Bronze,9454,2025-01-14,2026-01-14,Inactive
3615,Bronze,29482,2023-12-23,2024-12-22,Active
3616,Bronze,37107,2021-08-18,2022-08-18,Active
3617,Bronze,25324,2026-06-07,2027-06-07,Active
3618,Bronze,18081,2023-08-31,2024-08-30,Active
3619,Silver,32918,2023-09-20,2024-09-19,Active
3620,Silver,49268,2025-09-29,2026-09-29,Active
3621,Bronze,45049,2022-10-29,2023-10-29,Active
3622,Bronze,33290,2023-05-08,2024-05-07,Active
3623,Bronze,49040,2022-10-12,2023-10-12,Active
3624,Bronze,46845,2022-01-12,2023-01-12,Active
3625,Gold,2321,2026-01-10,2027-01-10,Active
3626,Gold,23375,2023-01-05,2024-01-05,Active
3627,Silver,43645,2024-07-13,2025-07-13,Active
3628,Bronze,11845,2025-07-13,2026-07-13,Active
3629,Silver,10953,2022-04-04,2023-04-04,Active
3630,Bronze,37712,2024-03-11,2025-03-11,Inactive
3631,Gold,35951,2023-07-03,2024-07-02,Active
3632,Silver,47236,2023-03-27,2024-03-26,Active
3633,Bronze,29799,2023-04-28,2024-04-27,Active
3634,Silver,19359,2024-09-07,2025-09-07,Active
3635,Bronze,18248,2026-07-06,2027-07-06,Active
3636,Bronze,5766,2025-04-05,2026-04-05,Active
3637,Silver,48398,2022-10-08,2023-10-08,Active
3638,Silver,34253,2022-05-06,2023-05-06,Active
3639,Bronze,36593,2022-05-17,2023-05-17,Active
3640,Gold,27591,2024-01-18,2025-01-17,Active
3641,Bronze,15824,2024-10-15,2025-10-15,Active
3642,Platinum,7769,2022-03-18,2023-03-18,Active
3643,Silver,40925,2023-12-20,2024-12-19,Active
3644,Bronze,41651,2023-08-11,2024-08-10,Active
3645,Silver,16993,2025-06-05,2026-06-05,Active
3646,Bronze,45100,2022-01-10,2023-01-10,Active
3647,Silver,4574,2022-10-08,2023-10-08,Active
3648,Platinum,10625,2024-07-26,2025-07-26,Active
3649,Bronze,15052,2022-04-06,2023-04-06,Active
3650,Platinum,701,2022-07-19,2023-07-19,Active
3651,Bronze,35550,2024-09-08,2025-09-08,Active
3652,Silver,27760,2022-07-29,2023-07-29,Active
3653,Gold,737,2024-11-26,2025-11-26,Active
3654,Bronze,7310,2021-11-14,2022-11-14,Active
3655,Silver,44552,2026-03-24,2027-03-24,Active
3656,Silver,17904,2026-05-26,2027-05-26,Active
3657,Bronze,23485,2021-10-10,2022-10-10,Active
3658,Bronze,43306,2022-06-09,2023-06-09,Active
3659,Silver,20297,2023-03-21,2024-03-20,Active
3660,Silver,33749,2024-09-04,2025-09-04,Active
3661,Silver,24812,2021-09-06,2022-09-06,Active
3662,Silver,22675,2024-07-06,2025-07-06,Active
3663,Bronze,7813,2024-04-15,2025-04-15,Active
3664,Silver,41069,2023-06-11,2024-06-10,Active
3665,Bronze,34911,2021-09-29,2022-09-29,Active
3666,Silver,13650,2022-05-31,2023-05-31,Active
3667,Bronze,48648,2023-04-21,2024-04-20,Active
3668,Bronze,18806,2024-03-24,2025-03-24,Active
3669,Gold,35436,2025-10-31,2026-10-31,Active
3670,Bronze,31578,2023-10-17,2024-10-16,Active
3671,Bronze,16161,2022-06-20,2023-06-20,Active
3672,Bronze,41294,2026-06-28,2027-06-28,Active
3673,Bronze,24986,2024-01-06,2025-01-05,Active
3674,Silver,21437,2024-11-01,2025-11-01,Active
3675,Bronze,30594,2023-08-16,2024-08-15,Active
3676,Platinum,14286,2026-03-02,2027-03-02,Active
3677,Bronze,4512,2023-03-06,2024-03-05,Inactive
3678,Silver,47508,2022-01-11,2023-01-11,Active
3679,Bronze,38626,2023-10-09,2024-10-08,Active
3680,Gold,40617,2025-02-22,2026-02-22,Active
3681,Gold,1893,2026-02-15,2027-02-15,Inactive
3682,Silver,42688,2021-10-23,2022-10-23,Active
3683,Bronze,43693,2023-10-31,2024-10-30,Active
3684,Bronze,14997,2024-10-25,2025-10-25,Active
3685,Bronze,4341,2023-12-09,2024-12-08,Active
3686,Bronze,3713,2022-02-05,2023-02-05,Inactive
3687,Bronze,30422,2022-01-09,2023-01-09,Active
3688,Gold,23344,2021-11-14,2022-11-14,Inactive
3689,Bronze,46193,2024-07-04,2025-07-04,Active
3690,Bronze,8739,2025-01-09,2026-01-09,Active
3691,Gold,22509,2025-01-29,2026-01-29,Active
3692,Silver,3371,2026-05-10,2027-05-10,Active
3693,Bronze,31083,2025-02-01,2026-02-01,Active
3694,Silver,5205,2023-03-23,2024-03-22,Active
3695,Gold,40548,2024-01-30,2025-01-29,Active
3696,Bronze,18259,2021-11-24,2022-11-24,Inactive
3697,Bronze,1930,2022-07-18,2023-07-18,Active
3698,Gold,34931,2024-07-30,2025-07-30,Active
3699,Silver,7983,2023-04-01,2024-03-31,Active
3700,Bronze,14835,2022-09-20,2023-09-20,Active
3701,Bronze,27951,2022-12-18,2023-12-18,Active
3702,Bronze,46133,2024-05-03,2025-05-03,Active
3703,Bronze,2520,2025-07-10,2026-07-10,Active
3704,Gold,3849,2026-02-16,2027-02-16,Active
3705,Silver,34944,2025-01-27,2026-01-27,Active
3706,Bronze,25375,2026-04-07,2027-04-07,Active
3707,Platinum,5047,2025-12-11,2026-12-11,Inactive
3708,Bronze,47587,2025-01-24,2026-01-24,Active
3709,Bronze,4910,2022-06-22,2023-06-22,Inactive
3710,Silver,17539,2024-05-18,2025-05-18,Active
3711,Bronze,41410,2023-02-27,2024-02-27,Active
3712,Gold,30275,2022-04-02,2023-04-02,Active
3713,Silver,23715,2026-05-25,2027-05-25,Active
3714,Bronze,4004,2023-11-29,2024-11-28,Active
3715,Gold,9364,2022-01-30,2023-01-30,Active
3716,Bronze,34325,2021-11-10,2022-11-10,Active
3717,Gold,23680,2021-11-15,2022-11-15,Active
3718,Bronze,22563,2021-12-14,2022-12-14,Active
3719,Bronze,33095,2023-08-16,2024-08-15,Active
3720,Silver,34989,2024-05-23,2025-05-23,Active
3721,Bronze,547,2025-03-31,2026-03-31,Active
3722,Bronze,11232,2026-05-10,2027-05-10,Active
3723,Silver,16858,2023-07-29,2024-07-28,Inactive
3724,Bronze,26414,2022-10-17,2023-10-17,Active
3725,Bronze,31703,2023-02-04,2024-02-04,Active
3726,Bronze,40537,2022-10-04,2023-10-04,Active
3727,Silver,33449,2024-02-20,2025-02-19,Active
3728,Bronze,20791,2025-10-10,2026-10-10,Active
3729,Bronze,8793,2023-03-14,2024-03-13,Active
3730,Bronze,918,2024-08-16,2025-08-16,Active
3731,Bronze,48841,2026-02-02,2027-02-02,Active
3732,Silver,24395,2025-03-19,2026-03-19,Active
3733,Gold,39429,2024-07-17,2025-07-17,Active
3734,Gold,26622,2022-05-03,2023-05-03,Active
3735,Bronze,41765,2023-03-31,2024-03-30,Active
3736,Gold,40237,2025-08-10,2026-08-10,Active
3737,Bronze,22232,2022-02-15,2023-02-15,Active
3738,Bronze,38011,2026-03-01,2027-03-01,Active
3739,Gold,20736,2021-08-17,2022-08-17,Active
3740,Gold,44697,2025-08-26,2026-08-26,Active
3741,Bronze,6075,2021-09-09,2022-09-09,Active
3742,Bronze,3504,2022-09-17,2023-09-17,Active
3743,Bronze,28776,2023-07-23,2024-07-22,Active
3744,Bronze,31635,2023-03-02,2024-03-01,Active
3745,Bronze,44257,2025-02-17,2026-02-17,Active
3746,Gold,47564,2024-07-13,2025-07-13,Active
3747,Bronze,26378,2022-07-14,2023-07-14,Inactive
3748,Bronze,17244,2025-05-09,2026-05-09,Active
3749,Silver,42132,2021-12-20,2022-12-20,Active
3750,Bronze,1443,2023-11-13,2024-11-12,Active
3751,Bronze,13618,2022-04-06,2023-04-06,Active
3752,Silver,21027,2025-03-09,2026-03-09,Active
3753,Silver,41986,2026-04-05,2027-04-05,Active
3754,Bronze,23349,2021-08-19,2022-08-19,Active
3755,Silver,46899,2022-08-28,2023-08-28,Active
3756,Silver,42421,2023-03-21,2024-03-20,Inactive
3757,Silver,47475,2026-04-14,2027-04-14,Active
3758,Bronze,6723,2025-09-23,2026-09-23,Active
3759,Silver,44669,2025-01-08,2026-01-08,Active
3760,Platinum,41640,2022-10-21,2023-10-21,Active
3761,Platinum,17129,2026-02-10,2027-02-10,Active
3762,Silver,37940,2022-01-05,2023-01-05,Active
3763,Bronze,26824,2026-05-03,2027-05-03,Inactive
3764,Silver,11385,2025-05-17,2026-05-17,Active
3765,Gold,20837,2022-04-27,2023-04-27,Active
3766,Bronze,30842,2022-07-30,2023-07-30,Active
3767,Silver,18688,2022-09-04,2023-09-04,Active
3768,Silver,26809,2021-08-16,2022-08-16,Active
3769,Platinum,34146,2021-10-26,2022-10-26,Active
3770,Platinum,17432,2022-03-16,2023-03-16,Active
3771,Silver,38567,2024-01-10,2025-01-09,Active
3772,Silver,37043,2024-11-15,2025-11-15,Active
3773,Gold,23160,2025-12-10,2026-12-10,Active
3774,Gold,30109,2026-03-09,2027-03-09,Active
3775,Bronze,24073,2021-10-17,2022-10-17,Active
3776,Silver,29022,2021-09-24,2022-09-24,Active
3777,Bronze,27974,2024-07-01,2025-07-01,Inactive
3778,Bronze,5505,2024-05-20,2025-05-20,Active
3779,Bronze,28114,2023-05-29,2024-05-28,Active
3780,Bronze,45744,2025-01-17,2026-01-17,Active
3781,Silver,46275,2022-12-21,2023-12-21,Active
3782,Bronze,34307,2022-01-10,2023-01-10,Active
3783,Bronze,31771,2025-09-29,2026-09-29,Active
3784,Bronze,27127,2023-09-29,2024-09-28,Active
3785,Platinum,41179,2025-01-16,2026-01-16,Active
3786,Gold,13928,2021-12-22,2022-12-22,Active
3787,Silver,4067,2024-09-22,2025-09-22,Active
3788,Silver,26548,2023-03-30,2024-03-29,Active
3789,Silver,35064,2022-09-25,2023-09-25,Inactive
3790,Silver,25096,2021-08-07,2022-08-07,Active
3791,Bronze,35873,2022-06-02,2023-06-02,Inactive
3792,Bronze,6577,2022-06-03,2023-06-03,Active
3793,Bronze,39356,2023-06-13,2024-06-12,Active
3794,Bronze,23625,2024-08-28,2025-08-28,Active
3795,Bronze,35977,2026-02-11,2027-02-11,Active
3796,Bronze,48264,2025-05-14,2026-05-14,Active
3797,Platinum,8254,2023-04-19,2024-04-18,Active
3798,Bronze,34532,2021-08-28,2022-08-28,Active
3799,Bronze,32676,2025-08-09,2026-08-09,Inactive
3800,Bronze,23433,2026-03-22,2027-03-22,Active
3801,Bronze,2533,2025-02-24,2026-02-24,Inactive
3802,Silver,15531,2023-09-22,2024-09-21,Inactive
3803,Bronze,48388,2026-01-19,2027-01-19,Active
3804,Gold,28743,2025-06-05,2026-06-05,Active
3805,Platinum,42307,2024-09-28,2025-09-28,Inactive
3806,Gold,20244,2026-05-18,2027-05-18,Active
3807,Gold,43247,2021-08-09,2022-08-09,Active
3808,Bronze,42093,2025-08-24,2026-08-24,Inactive
3809,Bronze,4807,2024-11-10,2025-11-10,Active
3810,Silver,29534,2023-04-03,2024-04-02,Active
3811,Bronze,1751,2021-10-29,2022-10-29,Active
3812,Bronze,22327,2022-02-09,2023-02-09,Active
3813,Bronze,19469,2025-08-02,2026-08-02,Active
3814,Silver,21765,2024-04-10,2025-04-10,Active
3815,Bronze,19063,2026-03-31,2027-03-31,Active
3816,Gold,29635,2025-12-11,2026-12-11,Active
3817,Gold,37920,2024-06-12,2025-06-12,Active
3818,Bronze,4277,2024-11-12,2025-11-12,Active
3819,Bronze,33060,2024-01-08,2025-01-07,Active
3820,Silver,18320,2024-08-20,2025-08-20,Active
3821,Silver,41346,2021-12-27,2022-12-27,Active
3822,Bronze,19547,2025-06-24,2026-06-24,Active
3823,Silver,29450,2025-12-22,2026-12-22,Active
3824,Bronze,11962,2025-09-23,2026-09-23,Active
3825,Bronze,31905,2025-01-12,2026-01-12,Active
3826,Gold,3017,2021-08-14,2022-08-14,Active
3827,Silver,20474,2025-01-06,2026-01-06,Active
3828,Bronze,24400,2024-07-15,2025-07-15,Active
3829,Bronze,11128,2021-09-02,2022-09-02,Active
3830,Silver,30399,2022-07-29,2023-07-29,Active
3831,Bronze,43676,2024-01-09,2025-01-08,Active
3832,Silver,13295,2025-09-11,2026-09-11,Active
3833,Gold,8158,2024-04-20,2025-04-20,Active
3834,Bronze,13345,2022-05-20,2023-05-20,Active
3835,Bronze,2363,2023-12-18,2024-12-17,Active
3836,Gold,39721,2026-06-02,2027-06-02,Active
3837,Bronze,14726,2023-10-02,2024-10-01,Active
3838,Bronze,43129,2025-06-12,2026-06-12,Inactive
3839,Gold,16705,2022-11-28,2023-11-28,Active
3840,Bronze,36957,2023-03-10,2024-03-09,Active
3841,Bronze,6007,2023-01-29,2024-01-29,Active
3842,Bronze,32280,2024-02-11,2025-02-10,Active
3843,Gold,20013,2023-07-15,2024-07-14,Active
3844,Bronze,16553,2022-01-27,2023-01-27,Active
3845,Silver,33217,2021-12-14,2022-12-14,Active
3846,Bronze,38815,2022-07-01,2023-07-01,Active
3847,Silver,42672,2023-05-13,2024-05-12,Active
3848,Gold,11326,2022-11-21,2023-11-21,Active
3849,Silver,17647,2024-03-06,2025-03-06,Active
3850,Bronze,16612,2022-07-20,2023-07-20,Active
3851,Gold,6936,2026-03-05,2027-03-05,Active
3852,Silver,19792,2024-11-01,2025-11-01,Inactive
3853,Bronze,6552,2024-04-10,2025-04-10,Active
3854,Bronze,33515,2022-04-11,2023-04-11,Inactive
3855,Bronze,36902,2024-09-08,2025-09-08,Active
3856,Bronze,24587,2023-11-22,2024-11-21,Active
3857,Bronze,12287,2022-01-24,2023-01-24,Active
3858,Bronze,23453,2021-12-01,2022-12-01,Inactive
3859,Bronze,25844,2022-11-11,2023-11-11,Active
3860,Gold,12008,2024-05-16,2025-05-16,Active
3861,Bronze,34657,2024-05-17,2025-05-17,Active
3862,Gold,45403,2025-08-27,2026-08-27,Active
3863,Silver,47946,2025-11-21,2026-11-21,Inactive
3864,Bronze,33449,2024-12-13,2025-12-13,Active
3865,Silver,23447,2022-07-15,2023-07-15,Active
3866,Bronze,34539,2024-02-23,2025-02-22,Inactive
3867,Silver,24339,2022-04-20,2023-04-20,Active
3868,Silver,9008,2023-11-25,2024-11-24,Active
3869,Silver,40747,2025-05-16,2026-05-16,Inactive
3870,Silver,20008,2026-01-27,2027-01-27,Active
3871,Bronze,793,2025-11-14,2026-11-14,Active
3872,Silver,4789,2024-02-20,2025-02-19,Active
3873,Silver,7478,2024-07-17,2025-07-17,Active
3874,Bronze,17583,2021-11-24,2022-11-24,Active
3875,Gold,46104,2022-10-16,2023-10-16,Inactive
3876,Silver,1310,2026-06-16,2027-06-16,Active
3877,Bronze,32368,2021-12-08,2022-12-08,Active
3878,Silver,27214,2022-11-03,2023-11-03,Active
3879,Bronze,39139,2023-03-29,2024-03-28,Active
3880,Silver,16012,2022-06-08,2023-06-08,Active
3881,Silver,18767,2025-03-22,2026-03-22,Active
3882,Bronze,7533,2023-05-19,2024-05-18,Active
3883,Bronze,39542,2022-04-25,2023-04-25,Inactive
3884,Bronze,23910,2021-11-28,2022-11-28,Active
3885,Bronze,9905,2023-08-12,2024-08-11,Active
3886,Silver,13322,2022-12-06,2023-12-06,Active
3887,Bronze,9014,2022-05-19,2023-05-19,Active
3888,Bronze,28456,2024-11-10,2025-11-10,Active
3889,Bronze,7862,2022-09-29,2023-09-29,Active
3890,Silver,29105,2022-12-09,2023-12-09,Active
3891,Bronze,10470,2025-04-03,2026-04-03,Active
3892,Bronze,7286,2022-03-10,2023-03-10,Active
3893,Gold,33428,2024-03-23,2025-03-23,Active
3894,Bronze,6927,2026-02-07,2027-02-07,Active
3895,Silver,30838,2025-02-03,2026-02-03,Active
3896,Gold,49297,2023-04-17,2024-04-16,Active
3897,Bronze,23853,2023-03-30,2024-03-29,Active
3898,Silver,17816,2023-01-29,2024-01-29,Active
3899,Silver,580,2026-01-14,2027-01-14,Active
3900,Silver,40733,2025-04-09,2026-04-09,Active
3901,Bronze,49658,2022-06-12,2023-06-12,Active
3902,Platinum,11241,2022-09-10,2023-09-10,Active
3903,Gold,13947,2023-09-12,2024-09-11,Active
3904,Bronze,31587,2023-12-25,2024-12-24,Active
3905,Silver,20338,2025-10-25,2026-10-25,Active
3906,Platinum,34961,2024-02-17,2025-02-16,Active
3907,Bronze,988,2024-08-03,2025-08-03,Active
3908,Silver,25608,2024-12-22,2025-12-22,Active
3909,Bronze,8830,2025-08-31,2026-08-31,Active
3910,Silver,41274,2023-09-01,2024-08-31,Active
3911,Silver,39404,2024-10-23,2025-10-23,Active
3912,Bronze,30223,2026-06-09,2027-06-09,Inactive
3913,Silver,45356,2026-02-09,2027-02-09,Active
3914,Bronze,28696,2026-01-08,2027-01-08,Active
3915,Bronze,38963,2022-10-24,2023-10-24,Active
3916,Bronze,30146,2022-08-13,2023-08-13,Active
3917,Silver,21378,2024-06-10,2025-06-10,Active
3918,Silver,34652,2025-12-29,2026-12-29,Inactive
3919,Bronze,10822,2021-09-19,2022-09-19,Active
3920,Bronze,26528,2025-04-03,2026-04-03,Active
3921,Bronze,47125,2024-06-29,2025-06-29,Active
3922,Bronze,7772,2021-12-01,2022-12-01,Active
3923,Gold,40088,2024-10-18,2025-10-18,Active
3924,Gold,19549,2023-03-29,2024-03-28,Inactive
3925,Gold,36379,2021-08-21,2022-08-21,Active
3926,Silver,22095,2025-10-21,2026-10-21,Active
3927,Silver,21515,2022-08-05,2023-08-05,Active
3928,Silver,8441,2021-11-16,2022-11-16,Active
3929,Silver,32681,2022-01-04,2023-01-04,Active
3930,Bronze,33609,2023-02-06,2024-02-06,Active
3931,Silver,41072,2026-03-07,2027-03-07,Active
3932,Gold,13461,2026-05-21,2027-05-21,Inactive
3933,Bronze,48946,2025-11-16,2026-11-16,Active
3934,Silver,8345,2021-10-06,2022-10-06,Active
3935,Bronze,38092,2022-06-12,2023-06-12,Active
3936,Bronze,25371,2023-08-04,2024-08-03,Active
3937,Gold,2988,2023-01-05,2024-01-05,Active
3938,Bronze,45899,2023-12-16,2024-12-15,Active
3939,Bronze,43874,2023-05-16,2024-05-15,Active
3940,Bronze,23270,2024-11-28,2025-11-28,Active
3941,Bronze,43217,2026-07-01,2027-07-01,Inactive
3942,Silver,28465,2026-05-12,2027-05-12,Active
3943,Gold,37602,2023-06-08,2024-06-07,Active
3944,Bronze,18887,2024-03-14,2025-03-14,Inactive
3945,Silver,19000,2022-12-21,2023-12-21,Active
3946,Silver,48160,2023-03-25,2024-03-24,Active
3947,Bronze,17448,2023-08-20,2024-08-19,Active
3948,Bronze,33906,2023-08-28,2024-08-27,Active
3949,Silver,16550,2023-01-29,2024-01-29,Active
3950,Bronze,15335,2025-11-14,2026-11-14,Active
3951,Bronze,48831,2022-11-08,2023-11-08,Active
3952,Silver,40301,2023-03-24,2024-03-23,Inactive
3953,Platinum,24833,2023-01-17,2024-01-17,Active
3954,Bronze,33976,2026-03-29,2027-03-29,Active
3955,Bronze,28552,2025-06-12,2026-06-12,Active
3956,Bronze,16895,2024-03-04,2025-03-04,Active
3957,Bronze,8028,2023-03-01,2024-02-29,Active
3958,Silver,31733,2026-01-24,2027-01-24,Active
3959,Gold,37305,2022-02-27,2023-02-27,Active
3960,Bronze,8709,2026-02-27,2027-02-27,Active
3961,Bronze,37985,2026-03-04,2027-03-04,Active
3962,Silver,15809,2023-05-31,2024-05-30,Inactive
3963,Silver,28888,2025-11-25,2026-11-25,Active
3964,Bronze,30957,2024-05-28,2025-05-28,Active
3965,Silver,22181,2024-08-14,2025-08-14,Active
3966,Bronze,11852,2022-09-14,2023-09-14,Active
3967,Bronze,13641,2026-04-14,2027-04-14,Active
3968,Bronze,28571,2022-06-24,2023-06-24,Active
3969,Bronze,9766,2026-07-10,2027-07-10,Active
3970,Bronze,6843,2024-07-12,2025-07-12,Active
3971,Bronze,24228,2023-07-11,2024-07-10,Inactive
3972,Gold,34343,2024-11-10,2025-11-10,Active
3973,Silver,5757,2022-09-27,2023-09-27,Active
3974,Bronze,9381,2023-01-03,2024-01-03,Active
3975,Bronze,41947,2025-07-11,2026-07-11,Active
3976,Bronze,44263,2023-08-04,2024-08-03,Active
3977,Bronze,44447,2021-12-17,2022-12-17,Active
3978,Gold,23332,2025-12-02,2026-12-02,Active
3979,Silver,23997,2022-04-20,2023-04-20,Active
3980,Bronze,23141,2022-06-12,2023-06-12,Active
3981,Silver,16280,2022-07-07,2023-07-07,Active
3982,Silver,8480,2025-11-18,2026-11-18,Active
3983,Gold,2595,2022-05-18,2023-05-18,Active
3984,Silver,31411,2024-01-28,2025-01-27,Active
3985,Silver,25892,2023-02-03,2024-02-03,Active
3986,Silver,43656,2021-09-04,2022-09-04,Active
3987,Gold,43963,2025-12-01,2026-12-01,Active
3988,Silver,20461,2024-09-22,2025-09-22,Active
3989,Gold,4762,2026-04-22,2027-04-22,Active
3990,Silver,34459,2026-04-20,2027-04-20,Active
3991,Bronze,5186,2022-08-12,2023-08-12,Active
3992,Bronze,12199,2022-09-19,2023-09-19,Active
3993,Silver,3765,2022-12-07,2023-12-07,Active
3994,Bronze,33206,2021-12-12,2022-12-12,Active
3995,Silver,19715,2026-05-12,2027-05-12,Active
3996,Silver,11505,2025-08-01,2026-08-01,Active
3997,Platinum,12227,2024-10-24,2025-10-24,Active
3998,Gold,39030,2022-10-25,2023-10-25,Active
3999,Bronze,43998,2024-06-05,2025-06-05,Active
4000,Bronze,27799,2022-11-17,2023-11-17,Active
4001,Silver,16574,2024-01-12,2025-01-11,Active
4002,Bronze,17378,2021-07-15,2022-07-15,Active
4003,Bronze,3341,2025-10-13,2026-10-13,Active
4004,Silver,39151,2021-12-07,2022-12-07,Active
4005,Bronze,30820,2023-04-29,2024-04-28,Inactive
4006,Bronze,6132,2021-10-23,2022-10-23,Active
4007,Bronze,18888,2024-02-12,2025-02-11,Active
4008,Bronze,18509,2025-07-02,2026-07-02,Active
4009,Silver,32371,2026-06-05,2027-06-05,Active
4010,Bronze,44292,2022-05-20,2023-05-20,Active
4011,Bronze,33873,2024-10-21,2025-10-21,Active
4012,Silver,9381,2022-11-22,2023-11-22,Active
4013,Bronze,869,2026-03-04,2027-03-04,Active
4014,Silver,11266,2023-05-18,2024-05-17,Active
4015,Bronze,42962,2022-01-31,2023-01-31,Active
4016,Bronze,39400,2021-07-27,2022-07-27,Active
4017,Silver,20702,2024-08-04,2025-08-04,Active
4018,Silver,21943,2025-05-03,2026-05-03,Active
4019,Gold,41959,2025-01-31,2026-01-31,Active
4020,Silver,5493,2025-10-30,2026-10-30,Active
4021,Bronze,6718,2025-09-26,2026-09-26,Active
4022,Silver,41314,2024-05-12,2025-05-12,Active
4023,Bronze,49382,2021-09-07,2022-09-07,Active
4024,Bronze,2017,2023-08-17,2024-08-16,Active
4025,Platinum,17189,2023-05-13,2024-05-12,Active
4026,Bronze,26738,2023-09-28,2024-09-27,Inactive
4027,Bronze,13794,2026-06-21,2027-06-21,Active
4028,Platinum,30450,2025-06-08,2026-06-08,Active
4029,Bronze,10127,2023-02-05,2024-02-05,Active
4030,Silver,47445,2026-02-25,2027-02-25,Active
4031,Gold,41278,2022-09-14,2023-09-14,Active
4032,Silver,13620,2023-09-15,2024-09-14,Active
4033,Bronze,20111,2023-05-31,2024-05-30,Active
4034,Platinum,41473,2023-06-18,2024-06-17,Inactive
4035,Platinum,17629,2024-10-16,2025-10-16,Active
4036,Bronze,48625,2024-11-13,2025-11-13,Active
4037,Gold,34453,2024-03-11,2025-03-11,Inactive
4038,Bronze,8635,2025-07-23,2026-07-23,Inactive
4039,Gold,41469,2022-12-08,2023-12-08,Active
4040,Gold,35822,2022-07-06,2023-07-06,Active
4041,Silver,30638,2026-01-26,2027-01-26,Active
4042,Silver,1256,2025-05-19,2026-05-19,Active
4043,Platinum,754,2021-07-16,2022-07-16,Active
4044,Silver,39244,2025-09-13,2026-09-13,Active
4045,Bronze,2415,2022-05-20,2023-05-20,Inactive
4046,Platinum,28723,2024-06-13,2025-06-13,Active
4047,Gold,31504,2021-09-27,2022-09-27,Active
4048,Bronze,35440,2022-09-01,2023-09-01,Active
4049,Bronze,38901,2023-12-22,2024-12-21,Inactive
4050,Bronze,32573,2021-07-26,2022-07-26,Inactive
4051,Platinum,34009,2026-03-14,2027-03-14,Active
4052,Bronze,33849,2023-04-29,2024-04-28,Active
4053,Bronze,35302,2026-06-07,2027-06-07,Active
4054,Silver,37832,2025-01-12,2026-01-12,Active
4055,Bronze,9515,2026-05-19,2027-05-19,Active
4056,Silver,7649,2024-04-23,2025-04-23,Active
4057,Gold,6337,2022-12-14,2023-12-14,Active
4058,Bronze,7803,2026-02-12,2027-02-12,Active
4059,Silver,15947,2022-07-26,2023-07-26,Active
4060,Silver,42558,2021-10-28,2022-10-28,Active
4061,Gold,14016,2023-09-18,2024-09-17,Active
4062,Bronze,41485,2023-03-23,2024-03-22,Active
4063,Bronze,27781,2022-05-25,2023-05-25,Active
4064,Platinum,6667,2023-07-01,2024-06-30,Inactive
4065,Bronze,32854,2022-09-16,2023-09-16,Active
4066,Gold,12714,2023-02-07,2024-02-07,Active
4067,Gold,49592,2021-08-24,2022-08-24,Active
4068,Bronze,20489,2025-12-11,2026-12-11,Active
4069,Bronze,32922,2021-12-22,2022-12-22,Active
4070,Silver,45481,2021-07-26,2022-07-26,Active
4071,Silver,825,2025-12-09,2026-12-09,Active
4072,Silver,41899,2023-04-09,2024-04-08,Active
4073,Platinum,47656,2026-01-12,2027-01-12,Active
4074,Silver,29389,2024-08-10,2025-08-10,Active
4075,Silver,2943,2024-11-15,2025-11-15,Active
4076,Silver,39964,2024-01-29,2025-01-28,Active
4077,Gold,11001,2023-09-06,2024-09-05,Active
4078,Silver,43866,2025-11-24,2026-11-24,Active
4079,Silver,26439,2023-09-12,2024-09-11,Active
4080,Platinum,23046,2024-11-03,2025-11-03,Active
4081,Platinum,6302,2026-02-06,2027-02-06,Active
4082,Bronze,15684,2024-05-31,2025-05-31,Active
4083,Bronze,38183,2023-12-09,2024-12-08,Active
4084,Silver,14352,2023-09-24,2024-09-23,Active
4085,Silver,31313,2022-12-15,2023-12-15,Active
4086,Bronze,20706,2023-12-03,2024-12-02,Active
4087,Silver,48162,2022-08-17,2023-08-17,Active
4088,Bronze,17196,2021-11-02,2022-11-02,Active
4089,Silver,18075,2021-09-21,2022-09-21,Inactive
4090,Bronze,41123,2024-04-26,2025-04-26,Active
4091,Bronze,14663,2025-11-16,2026-11-16,Active
4092,Bronze,17959,2025-05-18,2026-05-18,Active
4093,Bronze,18327,2021-10-23,2022-10-23,Active
4094,Bronze,20518,2024-08-30,2025-08-30,Active
4095,Gold,37327,2025-10-08,2026-10-08,Inactive
4096,Gold,24051,2022-01-31,2023-01-31,Active
4097,Bronze,49932,2024-12-29,2025-12-29,Active
4098,Silver,31478,2025-05-15,2026-05-15,Active
4099,Gold,29385,2021-09-28,2022-09-28,Active
4100,Gold,1752,2021-09-08,2022-09-08,Active
4101,Bronze,27633,2024-01-07,2025-01-06,Active
4102,Bronze,11813,2024-11-08,2025-11-08,Active
4103,Silver,2968,2023-01-20,2024-01-20,Active
4104,Gold,14948,2026-04-11,2027-04-11,Active
4105,Bronze,23462,2024-10-12,2025-10-12,Active
4106,Bronze,39116,2022-01-18,2023-01-18,Active
4107,Silver,4034,2025-02-22,2026-02-22,Active
4108,Platinum,36817,2022-02-06,2023-02-06,Active
4109,Gold,45495,2025-10-17,2026-10-17,Active
4110,Silver,45544,2022-07-14,2023-07-14,Active
4111,Silver,38207,2023-12-12,2024-12-11,Active
4112,Bronze,48938,2023-09-24,2024-09-23,Active
4113,Gold,24427,2022-03-02,2023-03-02,Active
4114,Gold,9492,2023-08-02,2024-08-01,Active
4115,Silver,37168,2026-05-21,2027-05-21,Active
4116,Bronze,27591,2023-01-27,2024-01-27,Active
4117,Gold,29946,2026-06-21,2027-06-21,Active
4118,Silver,25020,2023-05-27,2024-05-26,Active
4119,Gold,269,2023-01-20,2024-01-20,Active
4120,Bronze,45377,2021-09-06,2022-09-06,Active
4121,Bronze,1682,2025-01-06,2026-01-06,Active
4122,Silver,7247,2025-09-01,2026-09-01,Active
4123,Silver,21844,2024-11-17,2025-11-17,Active
4124,Silver,33849,2022-07-31,2023-07-31,Active
4125,Bronze,30855,2022-10-21,2023-10-21,Active
4126,Silver,4168,2024-11-04,2025-11-04,Inactive
4127,Bronze,34781,2022-03-03,2023-03-03,Active
4128,Gold,48119,2025-01-15,2026-01-15,Active
4129,Gold,29941,2024-03-19,2025-03-19,Active
4130,Silver,34304,2026-02-11,2027-02-11,Active
4131,Bronze,11941,2025-02-23,2026-02-23,Active
4132,Bronze,19002,2022-07-28,2023-07-28,Active
4133,Silver,44678,2025-08-06,2026-08-06,Active
4134,Bronze,34333,2022-03-24,2023-03-24,Inactive
4135,Gold,32470,2023-11-30,2024-11-29,Active
4136,Gold,42980,2023-02-15,2024-02-15,Active
4137,Silver,34326,2025-12-01,2026-12-01,Active
4138,Bronze,6232,2023-10-07,2024-10-06,Active
4139,Bronze,23619,2023-02-27,2024-02-27,Active
4140,Bronze,1794,2025-01-23,2026-01-23,Active
4141,Platinum,27701,2026-04-16,2027-04-16,Active
4142,Silver,39790,2022-11-18,2023-11-18,Active
4143,Silver,37647,2025-10-06,2026-10-06,Active
4144,Bronze,22780,2021-07-13,2022-07-13,Active
4145,Bronze,24531,2022-08-11,2023-08-11,Active
4146,Silver,31196,2023-12-08,2024-12-07,Active
4147,Bronze,39485,2025-12-04,2026-12-04,Active
4148,Silver,31894,2024-09-02,2025-09-02,Active
4149,Bronze,33637,2023-11-09,2024-11-08,Active
4150,Silver,16080,2021-07-12,2022-07-12,Active
4151,Bronze,38764,2021-07-20,2022-07-20,Active
4152,Bronze,18586,2026-03-24,2027-03-24,Active
4153,Bronze,13472,2025-09-30,2026-09-30,Active
4154,Bronze,11785,2025-01-11,2026-01-11,Active
4155,Silver,22701,2024-11-29,2025-11-29,Active
4156,Gold,9924,2024-11-25,2025-11-25,Active
4157,Bronze,22917,2024-09-11,2025-09-11,Active
4158,Gold,38576,2022-08-09,2023-08-09,Inactive
4159,Silver,336,2023-02-15,2024-02-15,Inactive
4160,Silver,3401,2022-03-03,2023-03-03,Active
4161,Gold,14114,2025-11-20,2026-11-20,Active
4162,Bronze,27582,2021-11-04,2022-11-04,Active
4163,Silver,47328,2026-05-15,2027-05-15,Active
4164,Bronze,19664,2023-08-02,2024-08-01,Active
4165,Silver,19903,2023-02-01,2024-02-01,Active
4166,Silver,26039,2022-05-10,2023-05-10,Active
4167,Silver,32228,2023-07-24,2024-07-23,Active
4168,Silver,6993,2024-02-20,2025-02-19,Inactive
4169,Bronze,6174,2024-04-18,2025-04-18,Active
4170,Bronze,47730,2024-07-10,2025-07-10,Inactive
4171,Silver,26887,2024-04-08,2025-04-08,Active
4172,Gold,12106,2025-12-05,2026-12-05,Active
4173,Bronze,26364,2026-02-15,2027-02-15,Active
4174,Bronze,33569,2023-01-03,2024-01-03,Inactive
4175,Silver,32124,2022-08-07,2023-08-07,Active
4176,Platinum,4075,2022-10-27,2023-10-27,Active
4177,Bronze,1560,2025-10-15,2026-10-15,Active
4178,Gold,25604,2025-05-21,2026-05-21,Active
4179,Bronze,9540,2022-07-18,2023-07-18,Active
4180,Bronze,18582,2025-07-07,2026-07-07,Active
4181,Silver,40072,2023-09-03,2024-09-02,Active
4182,Bronze,8619,2024-06-05,2025-06-05,Active
4183,Bronze,9677,2022-03-24,2023-03-24,Active
4184,Bronze,13417,2024-08-22,2025-08-22,Inactive
4185,Gold,3909,2024-05-04,2025-05-04,Active
4186,Gold,18530,2024-12-01,2025-12-01,Active
4187,Bronze,18279,2024-10-06,2025-10-06,Active
4188,Silver,21676,2025-08-13,2026-08-13,Active
4189,Gold,30886,2022-04-08,2023-04-08,Active
4190,Silver,26447,2025-12-30,2026-12-30,Active
4191,Bronze,23180,2023-07-15,2024-07-14,Active
4192,Silver,11866,2025-02-21,2026-02-21,Active
4193,Platinum,33568,2022-08-23,2023-08-23,Active
4194,Bronze,29449,2024-08-18,2025-08-18,Active
4195,Bronze,48393,2024-03-06,2025-03-06,Active
4196,Bronze,12415,2021-09-09,2022-09-09,Active
4197,Silver,27594,2024-12-02,2025-12-02,Inactive
4198,Silver,3453,2026-02-12,2027-02-12,Active
4199,Silver,20132,2022-08-31,2023-08-31,Active
4200,Silver,23628,2025-10-29,2026-10-29,Active
4201,Bronze,48848,2023-06-08,2024-06-07,Active
4202,Gold,23784,2022-06-28,2023-06-28,Active
4203,Bronze,25254,2022-03-03,2023-03-03,Active
4204,Silver,20840,2024-10-12,2025-10-12,Active
4205,Bronze,31303,2026-02-01,2027-02-01,Active
4206,Silver,14795,2024-08-05,2025-08-05,Active
4207,Bronze,42476,2024-03-16,2025-03-16,Active
4208,Silver,1004,2022-02-17,2023-02-17,Active
4209,Bronze,46482,2024-09-09,2025-09-09,Inactive
4210,Silver,29613,2026-01-14,2027-01-14,Active
4211,Gold,2570,2023-11-28,2024-11-27,Active
4212,Bronze,13526,2023-07-01,2024-06-30,Active
4213,Bronze,36878,2023-12-26,2024-12-25,Inactive
4214,Silver,45891,2023-02-21,2024-02-21,Active
4215,Bronze,16931,2024-11-22,2025-11-22,Active
4216,Bronze,24992,2022-01-16,2023-01-16,Active
4217,Bronze,820,2023-03-01,2024-02-29,Active
4218,Bronze,20923,2022-11-28,2023-11-28,Active
4219,Bronze,39349,2024-02-14,2025-02-13,Active
4220,Silver,25312,2024-07-24,2025-07-24,Inactive
4221,Silver,15034,2022-09-02,2023-09-02,Active
4222,Silver,38504,2025-05-05,2026-05-05,Active
4223,Silver,43969,2026-04-13,2027-04-13,Active
4224,Bronze,8721,2025-11-27,2026-11-27,Active
4225,Silver,37283,2024-07-26,2025-07-26,Active
4226,Bronze,17531,2025-03-19,2026-03-19,Inactive
4227,Bronze,45126,2021-08-01,2022-08-01,Active
4228,Silver,45513,2024-12-03,2025-12-03,Active
4229,Silver,24538,2025-10-29,2026-10-29,Active
4230,Silver,41969,2023-08-31,2024-08-30,Active
4231,Silver,48386,2022-07-04,2023-07-04,Active
4232,Bronze,28790,2023-07-31,2024-07-30,Active
4233,Silver,22757,2025-03-20,2026-03-20,Active
4234,Platinum,49004,2022-04-21,2023-04-21,Active
4235,Bronze,47323,2025-09-10,2026-09-10,Active
4236,Platinum,41111,2025-06-01,2026-06-01,Active
4237,Bronze,46679,2023-09-04,2024-09-03,Active
4238,Bronze,24181,2024-11-11,2025-11-11,Inactive
4239,Gold,25158,2022-03-16,2023-03-16,Active
4240,Bronze,27504,2024-05-23,2025-05-23,Active
4241,Silver,8541,2022-08-28,2023-08-28,Active
4242,Gold,41293,2023-08-26,2024-08-25,Active
4243,Silver,40754,2023-11-01,2024-10-31,Active
4244,Silver,41467,2026-06-28,2027-06-28,Inactive
4245,Gold,33843,2025-11-09,2026-11-09,Active
4246,Bronze,32146,2025-10-03,2026-10-03,Active
4247,Bronze,49242,2022-05-14,2023-05-14,Active
4248,Bronze,15097,2023-06-12,2024-06-11,Active
4249,Bronze,12951,2024-10-11,2025-10-11,Active
4250,Platinum,7360,2024-01-30,2025-01-29,Active
4251,Gold,13000,2026-01-27,2027-01-27,Active
4252,Bronze,14038,2021-10-16,2022-10-16,Active
4253,Bronze,18520,2022-11-26,2023-11-26,Inactive
4254,Bronze,47730,2026-01-13,2027-01-13,Active
4255,Bronze,7547,2025-08-10,2026-08-10,Inactive
4256,Bronze,23586,2023-11-26,2024-11-25,Active
4257,Silver,38053,2023-08-27,2024-08-26,Active
4258,Bronze,34594,2021-12-21,2022-12-21,Active
4259,Silver,30321,2024-09-30,2025-09-30,Active
4260,Gold,6046,2023-01-05,2024-01-05,Active
4261,Silver,1766,2024-06-12,2025-06-12,Inactive
4262,Gold,28838,2026-01-08,2027-01-08,Active
4263,Bronze,21169,2023-02-08,2024-02-08,Active
4264,Bronze,45518,2023-10-08,2024-10-07,Active
4265,Bronze,34379,2024-03-08,2025-03-08,Active
4266,Bronze,38717,2025-11-18,2026-11-18,Active
4267,Gold,1578,2024-11-03,2025-11-03,Active
4268,Gold,22029,2022-02-04,2023-02-04,Active
4269,Bronze,10429,2025-04-04,2026-04-04,Active
4270,Bronze,1238,2024-02-11,2025-02-10,Inactive
4271,Bronze,8624,2025-11-26,2026-11-26,Active
4272,Bronze,1562,2022-05-18,2023-05-18,Active
4273,Bronze,36262,2022-01-18,2023-01-18,Active
4274,Platinum,42620,2024-10-30,2025-10-30,Inactive
4275,Silver,41260,2025-10-13,2026-10-13,Active
4276,Platinum,22032,2023-08-02,2024-08-01,Active
4277,Bronze,17298,2022-04-19,2023-04-19,Active
4278,Bronze,17646,2022-01-26,2023-01-26,Active
4279,Bronze,101,2021-09-07,2022-09-07,Active
4280,Bronze,23425,2024-01-30,2025-01-29,Active
4281,Silver,49461,2021-12-26,2022-12-26,Inactive
4282,Bronze,31045,2026-01-17,2027-01-17,Active
4283,Bronze,15868,2025-09-20,2026-09-20,Active
4284,Bronze,10072,2025-10-01,2026-10-01,Active
4285,Gold,16555,2024-08-24,2025-08-24,Active
4286,Bronze,28026,2023-09-18,2024-09-17,Active
4287,Silver,35267,2026-02-02,2027-02-02,Active
4288,Bronze,23884,2025-07-22,2026-07-22,Active
4289,Bronze,38566,2025-04-10,2026-04-10,Active
4290,Silver,46426,2025-05-27,2026-05-27,Inactive
4291,Silver,30510,2023-06-05,2024-06-04,Inactive
4292,Bronze,12645,2023-02-28,2024-02-28,Active
4293,Silver,397,2023-07-16,2024-07-15,Active
4294,Silver,48700,2024-03-07,2025-03-07,Active
4295,Gold,11315,2025-06-07,2026-06-07,Active
4296,Silver,4710,2025-12-10,2026-12-10,Active
4297,Bronze,45302,2022-03-26,2023-03-26,Active
4298,Gold,15176,2026-04-19,2027-04-19,Active
4299,Silver,13465,2021-11-15,2022-11-15,Active
4300,Silver,18098,2022-07-23,2023-07-23,Active
4301,Bronze,14927,2025-01-10,2026-01-10,Active
4302,Silver,24719,2024-09-16,2025-09-16,Active
4303,Silver,9667,2026-05-24,2027-05-24,Active
4304,Bronze,37828,2025-10-01,2026-10-01,Active
4305,Silver,15986,2022-12-08,2023-12-08,Active
4306,Silver,125,2023-07-09,2024-07-08,Active
4307,Platinum,2755,2025-09-27,2026-09-27,Active
4308,Silver,39912,2025-08-15,2026-08-15,Active
4309,Bronze,43968,2025-06-08,2026-06-08,Active
4310,Bronze,30250,2026-07-03,2027-07-03,Active
4311,Bronze,49797,2025-02-18,2026-02-18,Active
4312,Silver,889,2026-07-04,2027-07-04,Active
4313,Bronze,34663,2021-10-11,2022-10-11,Inactive
4314,Bronze,48078,2022-06-11,2023-06-11,Active
4315,Bronze,42247,2021-12-04,2022-12-04,Inactive
4316,Bronze,42475,2023-11-30,2024-11-29,Active
4317,Bronze,19788,2021-11-24,2022-11-24,Active
4318,Silver,42403,2024-08-11,2025-08-11,Active
4319,Bronze,18365,2025-09-10,2026-09-10,Active
4320,Bronze,18265,2023-03-22,2024-03-21,Active
4321,Gold,32412,2026-04-08,2027-04-08,Active
4322,Silver,19354,2023-08-02,2024-08-01,Active
4323,Bronze,13079,2022-12-28,2023-12-28,Active
4324,Silver,18853,2022-11-30,2023-11-30,Active
4325,Bronze,39188,2024-03-23,2025-03-23,Active
4326,Silver,19705,2025-10-08,2026-10-08,Active
4327,Bronze,1948,2022-07-04,2023-07-04,Active
4328,Bronze,22518,2026-01-09,2027-01-09,Active
4329,Bronze,1245,2026-02-26,2027-02-26,Inactive
4330,Bronze,48579,2021-09-04,2022-09-04,Active
4331,Gold,9553,2023-06-04,2024-06-03,Active
4332,Bronze,9636,2021-12-12,2022-12-12,Active
4333,Silver,4362,2023-06-28,2024-06-27,Active
4334,Bronze,29798,2026-02-19,2027-02-19,Active
4335,Bronze,49102,2025-10-14,2026-10-14,Active
4336,Bronze,6862,2022-01-29,2023-01-29,Active
4337,Silver,9332,2023-06-15,2024-06-14,Active
4338,Bronze,36269,2024-02-29,2025-02-28,Active
4339,Bronze,27365,2023-10-08,2024-10-07,Active
4340,Silver,2084,2023-07-30,2024-07-29,Active
4341,Bronze,37965,2026-02-21,2027-02-21,Active
4342,Bronze,10573,2021-09-17,2022-09-17,Inactive
4343,Gold,38081,2022-08-09,2023-08-09,Active
4344,Gold,29014,2026-05-19,2027-05-19,Inactive
4345,Platinum,4545,2026-04-30,2027-04-30,Active
4346,Silver,31966,2021-08-28,2022-08-28,Active
4347,Silver,3225,2026-06-21,2027-06-21,Active
4348,Silver,14941,2024-10-13,2025-10-13,Inactive
4349,Silver,23786,2022-03-12,2023-03-12,Active
4350,Bronze,733,2025-04-30,2026-04-30,Active
4351,Gold,13964,2024-01-22,2025-01-21,Active
4352,Bronze,46502,2024-04-29,2025-04-29,Active
4353,Bronze,44424,2021-12-19,2022-12-19,Active
4354,Silver,15353,2026-02-01,2027-02-01,Active
4355,Bronze,17430,2025-02-03,2026-02-03,Active
4356,Bronze,26677,2025-07-02,2026-07-02,Active
4357,Bronze,8777,2021-12-10,2022-12-10,Active
4358,Bronze,2696,2021-10-02,2022-10-02,Active
4359,Bronze,24558,2025-04-09,2026-04-09,Active
4360,Bronze,17756,2023-06-27,2024-06-26,Active
4361,Bronze,43085,2021-08-14,2022-08-14,Active
4362,Gold,8853,2025-12-13,2026-12-13,Active
4363,Gold,13895,2022-06-10,2023-06-10,Active
4364,Gold,45735,2025-07-11,2026-07-11,Active
4365,Bronze,14922,2024-10-27,2025-10-27,Active
4366,Silver,5573,2025-08-26,2026-08-26,Active
4367,Bronze,14522,2023-02-12,2024-02-12,Active
4368,Bronze,16838,2025-06-13,2026-06-13,Active
4369,Bronze,877,2025-06-15,2026-06-15,Active
4370,Silver,8385,2023-01-23,2024-01-23,Active
4371,Silver,45544,2022-11-25,2023-11-25,Inactive
4372,Bronze,15023,2021-11-05,2022-11-05,Active
4373,Bronze,48270,2024-08-08,2025-08-08,Active
4374,Bronze,21465,2024-08-17,2025-08-17,Active
4375,Bronze,44463,2025-09-03,2026-09-03,Active
4376,Silver,11623,2022-02-12,2023-02-12,Active
4377,Bronze,49824,2022-02-19,2023-02-19,Active
4378,Silver,6540,2025-10-18,2026-10-18,Active
4379,Silver,3032,2023-06-01,2024-05-31,Active
4380,Gold,42711,2024-05-14,2025-05-14,Active
4381,Silver,25272,2026-05-19,2027-05-19,Active
4382,Silver,33990,2023-10-13,2024-10-12,Active
4383,Bronze,13107,2024-01-02,2025-01-01,Active
4384,Silver,29701,2023-04-14,2024-04-13,Active
4385,Silver,6313,2024-08-30,2025-08-30,Active
4386,Bronze,22653,2021-12-02,2022-12-02,Active
4387,Silver,12815,2023-02-10,2024-02-10,Active
4388,Gold,11334,2022-12-19,2023-12-19,Active
4389,Bronze,17581,2026-05-31,2027-05-31,Active
4390,Platinum,37154,2026-06-25,2027-06-25,Active
4391,Gold,25109,2025-07-18,2026-07-18,Active
4392,Bronze,23641,2023-12-05,2024-12-04,Active
4393,Bronze,31327,2022-10-19,2023-10-19,Active
4394,Bronze,27321,2022-08-16,2023-08-16,Active
4395,Platinum,6952,2026-06-23,2027-06-23,Active
4396,Bronze,33205,2024-04-15,2025-04-15,Inactive
4397,Platinum,36133,2025-08-25,2026-08-25,Inactive
4398,Silver,38713,2024-07-23,2025-07-23,Active
4399,Bronze,25095,2021-11-03,2022-11-03,Active
4400,Bronze,39730,2026-01-31,2027-01-31,Active
4401,Silver,1327,2026-04-13,2027-04-13,Active
4402,Bronze,33439,2023-09-24,2024-09-23,Active
4403,Bronze,42905,2024-09-26,2025-09-26,Active
4404,Silver,42331,2022-06-05,2023-06-05,Active
4405,Bronze,17932,2025-06-17,2026-06-17,Active
4406,Gold,2443,2023-11-27,2024-11-26,Active
4407,Silver,4493,2023-05-04,2024-05-03,Active
4408,Bronze,19086,2022-01-17,2023-01-17,Inactive
4409,Silver,8187,2025-12-15,2026-12-15,Active
4410,Bronze,42947,2022-01-26,2023-01-26,Active
4411,Silver,23156,2025-08-16,2026-08-16,Active
4412,Bronze,31348,2022-01-19,2023-01-19,Active
4413,Silver,12304,2022-09-23,2023-09-23,Active
4414,Gold,38963,2022-11-16,2023-11-16,Active
4415,Platinum,36783,2021-09-03,2022-09-03,Inactive
4416,Bronze,28880,2024-09-15,2025-09-15,Active
4417,Bronze,18748,2026-06-25,2027-06-25,Active
4418,Bronze,3350,2023-02-17,2024-02-17,Active
4419,Bronze,28553,2022-01-30,2023-01-30,Active
4420,Bronze,25997,2025-07-31,2026-07-31,Active
4421,Silver,39555,2024-08-18,2025-08-18,Active
4422,Bronze,10082,2026-07-02,2027-07-02,Active
4423,Silver,48191,2022-01-25,2023-01-25,Active
4424,Silver,6351,2024-10-31,2025-10-31,Active
4425,Bronze,39850,2025-12-06,2026-12-06,Active
4426,Silver,42731,2024-01-13,2025-01-12,Active
4427,Silver,22856,2024-02-26,2025-02-25,Inactive
4428,Bronze,1760,2022-08-15,2023-08-15,Active
4429,Bronze,14343,2023-11-01,2024-10-31,Active
4430,Bronze,498,2024-09-17,2025-09-17,Active
4431,Bronze,42234,2024-05-24,2025-05-24,Inactive
4432,Bronze,10170,2025-12-03,2026-12-03,Active
4433,Bronze,46962,2021-12-04,2022-12-04,Active
4434,Silver,938,2023-12-06,2024-12-05,Active
4435,Silver,25369,2025-01-27,2026-01-27,Active
4436,Bronze,36087,2022-07-15,2023-07-15,Active
4437,Silver,405,2025-02-27,2026-02-27,Active
4438,Bronze,32883,2024-09-23,2025-09-23,Active
4439,Silver,28590,2025-09-22,2026-09-22,Active
4440,Gold,42602,2024-06-12,2025-06-12,Inactive
4441,Silver,17474,2025-04-01,2026-04-01,Active
4442,Platinum,43408,2024-09-16,2025-09-16,Active
4443,Bronze,24112,2025-08-30,2026-08-30,Active
4444,Gold,26578,2023-05-29,2024-05-28,Active
4445,Gold,42999,2021-12-13,2022-12-13,Active
4446,Bronze,17117,2023-03-28,2024-03-27,Active
4447,Silver,41504,2022-07-01,2023-07-01,Active
4448,Bronze,30169,2024-11-06,2025-11-06,Active
4449,Bronze,46050,2026-04-01,2027-04-01,Active
4450,Bronze,26403,2021-10-22,2022-10-22,Active
4451,Bronze,14544,2025-11-18,2026-11-18,Active
4452,Bronze,20359,2024-12-21,2025-12-21,Active
4453,Bronze,6478,2022-09-28,2023-09-28,Active
4454,Silver,24140,2024-01-21,2025-01-20,Active
4455,Platinum,47176,2025-03-05,2026-03-05,Active
4456,Silver,18976,2022-01-21,2023-01-21,Inactive
4457,Bronze,26481,2022-08-12,2023-08-12,Active
4458,Bronze,30084,2022-06-16,2023-06-16,Active
4459,Silver,46556,2026-03-10,2027-03-10,Active
4460,Gold,30361,2025-06-25,2026-06-25,Active
4461,Gold,35333,2025-04-03,2026-04-03,Active
4462,Silver,31817,2024-04-23,2025-04-23,Active
4463,Gold,556,2024-05-15,2025-05-15,Active
4464,Silver,19820,2025-04-23,2026-04-23,Active
4465,Bronze,3919,2023-06-15,2024-06-14,Active
4466,Silver,32087,2026-04-29,2027-04-29,Active
4467,Bronze,12719,2023-11-26,2024-11-25,Active
4468,Platinum,40117,2023-07-17,2024-07-16,Active
4469,Silver,2002,2022-11-07,2023-11-07,Inactive
4470,Silver,8245,2021-09-10,2022-09-10,Active
4471,Gold,30126,2025-09-22,2026-09-22,Active
4472,Bronze,34598,2022-03-06,2023-03-06,Active
4473,Bronze,10017,2024-03-05,2025-03-05,Inactive
4474,Bronze,41350,2023-11-02,2024-11-01,Inactive
4475,Silver,29428,2026-01-30,2027-01-30,Active
4476,Bronze,16177,2022-09-07,2023-09-07,Active
4477,Bronze,11743,2023-10-15,2024-10-14,Active
4478,Silver,40722,2023-11-09,2024-11-08,Active
4479,Bronze,30306,2022-09-12,2023-09-12,Active
4480,Bronze,11308,2023-02-27,2024-02-27,Active
4481,Gold,11137,2024-07-30,2025-07-30,Active
4482,Bronze,48883,2023-12-01,2024-11-30,Active
4483,Bronze,13944,2024-01-14,2025-01-13,Active
4484,Bronze,19603,2023-07-15,2024-07-14,Active
4485,Gold,33321,2024-11-14,2025-11-14,Active
4486,Platinum,9851,2022-09-05,2023-09-05,Active
4487,Silver,917,2025-03-12,2026-03-12,Active
4488,Silver,26320,2024-02-01,2025-01-31,Active
4489,Silver,3404,2025-04-21,2026-04-21,Active
4490,Silver,30464,2022-02-08,2023-02-08,Active
4491,Bronze,35775,2025-03-05,2026-03-05,Active
4492,Silver,9971,2025-06-25,2026-06-25,Active
4493,Platinum,22474,2023-02-27,2024-02-27,Active
4494,Silver,49286,2025-02-02,2026-02-02,Active
4495,Silver,7567,2024-02-16,2025-02-15,Active
4496,Silver,10108,2025-06-02,2026-06-02,Active
4497,Silver,4313,2023-03-25,2024-03-24,Active
4498,Bronze,47936,2024-03-06,2025-03-06,Active
4499,Bronze,42608,2025-07-03,2026-07-03,Active
4500,Silver,37994,2024-09-16,2025-09-16,Inactive
4501,Silver,27127,2021-10-03,2022-10-03,Active
4502,Bronze,44996,2021-11-11,2022-11-11,Active
4503,Bronze,30356,2025-05-12,2026-05-12,Active
4504,Gold,26001,2026-01-11,2027-01-11,Active
4505,Silver,42698,2025-04-20,2026-04-20,Inactive
4506,Platinum,19001,2024-08-05,2025-08-05,Active
4507,Bronze,49430,2025-05-25,2026-05-25,Active
4508,Silver,15272,2025-03-09,2026-03-09,Inactive
4509,Bronze,15427,2023-10-06,2024-10-05,Active
4510,Bronze,21043,2023-05-17,2024-05-16,Active
4511,Silver,32012,2025-06-05,2026-06-05,Active
4512,Bronze,9033,2023-02-15,2024-02-15,Active
4513,Silver,127,2022-02-16,2023-02-16,Active
4514,Bronze,20394,2025-06-07,2026-06-07,Active
4515,Bronze,28298,2026-03-07,2027-03-07,Active
4516,Bronze,21108,2022-07-12,2023-07-12,Active
4517,Silver,19263,2022-10-08,2023-10-08,Inactive
4518,Platinum,9754,2023-09-02,2024-09-01,Active
4519,Silver,17347,2024-01-15,2025-01-14,Active
4520,Silver,23866,2024-10-06,2025-10-06,Active
4521,Silver,35868,2024-12-24,2025-12-24,Active
4522,Platinum,47087,2024-03-10,2025-03-10,Active
4523,Silver,28605,2025-02-02,2026-02-02,Active
4524,Bronze,21145,2025-10-29,2026-10-29,Active
4525,Bronze,27007,2021-12-25,2022-12-25,Active
4526,Gold,2567,2023-12-10,2024-12-09,Active
4527,Gold,11531,2022-05-28,2023-05-28,Active
4528,Bronze,43080,2025-07-23,2026-07-23,Active
4529,Silver,23903,2025-04-21,2026-04-21,Active
4530,Bronze,5463,2022-10-26,2023-10-26,Active
4531,Silver,6801,2022-07-04,2023-07-04,Active
4532,Bronze,39401,2024-10-05,2025-10-05,Active
4533,Silver,27651,2025-05-01,2026-05-01,Active
4534,Silver,38142,2023-12-19,2024-12-18,Active
4535,Bronze,4528,2025-06-02,2026-06-02,Active
4536,Bronze,12016,2022-11-05,2023-11-05,Active
4537,Silver,10048,2024-05-15,2025-05-15,Inactive
4538,Bronze,49515,2025-01-03,2026-01-03,Active
4539,Silver,47591,2023-08-02,2024-08-01,Active
4540,Silver,36361,2023-09-14,2024-09-13,Active
4541,Bronze,38228,2023-05-29,2024-05-28,Active
4542,Bronze,2558,2022-02-26,2023-02-26,Active
4543,Bronze,12315,2024-08-17,2025-08-17,Active
4544,Silver,48315,2026-02-27,2027-02-27,Active
4545,Silver,30881,2021-08-17,2022-08-17,Active
4546,Bronze,49233,2025-08-08,2026-08-08,Inactive
4547,Silver,11246,2022-02-05,2023-02-05,Active
4548,Bronze,27204,2026-03-16,2027-03-16,Active
4549,Silver,37230,2025-01-29,2026-01-29,Active
4550,Bronze,2689,2025-08-28,2026-08-28,Active
4551,Silver,14537,2026-02-16,2027-02-16,Active
4552,Platinum,47425,2023-01-09,2024-01-09,Active
4553,Silver,21945,2025-01-05,2026-01-05,Inactive
4554,Gold,7832,2022-06-09,2023-06-09,Active
4555,Bronze,13550,2026-02-01,2027-02-01,Active
4556,Silver,33420,2022-06-02,2023-06-02,Active
4557,Bronze,45118,2024-09-06,2025-09-06,Active
4558,Bronze,19527,2021-10-01,2022-10-01,Active
4559,Bronze,17769,2024-08-12,2025-08-12,Active
4560,Bronze,21271,2024-12-02,2025-12-02,Active
4561,Bronze,38337,2023-09-02,2024-09-01,Active
4562,Bronze,21578,2022-12-31,2023-12-31,Active
4563,Bronze,1444,2026-06-24,2027-06-24,Active
4564,Bronze,46156,2023-08-01,2024-07-31,Active
4565,Silver,47975,2022-08-28,2023-08-28,Inactive
4566,Gold,39747,2023-02-23,2024-02-23,Active
4567,Silver,12704,2023-10-31,2024-10-30,Active
4568,Gold,49551,2023-03-30,2024-03-29,Active
4569,Silver,1194,2022-06-13,2023-06-13,Active
4570,Bronze,39802,2022-09-16,2023-09-16,Active
4571,Gold,45411,2023-03-26,2024-03-25,Inactive
4572,Bronze,20603,2021-09-05,2022-09-05,Active
4573,Silver,3163,2025-12-09,2026-12-09,Active
4574,Silver,21743,2026-05-03,2027-05-03,Active
4575,Bronze,49783,2022-10-09,2023-10-09,Active
4576,Gold,25958,2025-08-31,2026-08-31,Active
4577,Bronze,5769,2025-11-27,2026-11-27,Active
4578,Gold,1965,2025-06-29,2026-06-29,Active
4579,Silver,47441,2026-02-19,2027-02-19,Active
4580,Silver,24981,2025-05-05,2026-05-05,Active
4581,Silver,1624,2025-05-03,2026-05-03,Active
4582,Silver,42945,2024-12-31,2025-12-31,Active
4583,Gold,16741,2022-09-28,2023-09-28,Active
4584,Silver,1720,2024-10-09,2025-10-09,Active
4585,Silver,15167,2026-03-19,2027-03-19,Active
4586,Bronze,25988,2022-01-16,2023-01-16,Active
4587,Silver,44518,2025-01-31,2026-01-31,Inactive
4588,Gold,1512,2024-08-29,2025-08-29,Inactive
4589,Silver,27259,2026-02-19,2027-02-19,Active
4590,Silver,5625,2026-04-18,2027-04-18,Active
4591,Silver,35822,2023-02-06,2024-02-06,Active
4592,Bronze,17185,2025-12-21,2026-12-21,Active
4593,Silver,25681,2025-08-14,2026-08-14,Active
4594,Gold,45661,2024-03-31,2025-03-31,Active
4595,Gold,36203,2024-08-10,2025-08-10,Active
4596,Bronze,14884,2021-09-05,2022-09-05,Active
4597,Bronze,42762,2023-10-04,2024-10-03,Active
4598,Platinum,5077,2023-02-22,2024-02-22,Active
4599,Silver,49095,2024-08-21,2025-08-21,Active
4600,Gold,46110,2025-03-29,2026-03-29,Active
4601,Silver,36166,2022-10-22,2023-10-22,Active
4602,Bronze,27825,2021-09-21,2022-09-21,Active
4603,Silver,28673,2024-11-27,2025-11-27,Active
4604,Silver,18518,2023-06-13,2024-06-12,Active
4605,Bronze,21157,2022-03-18,2023-03-18,Active
4606,Bronze,45159,2023-07-15,2024-07-14,Active
4607,Bronze,20021,2022-06-26,2023-06-26,Active
4608,Bronze,43425,2024-03-14,2025-03-14,Active
4609,Silver,19490,2025-07-30,2026-07-30,Active
4610,Bronze,47228,2023-11-10,2024-11-09,Active
4611,Bronze,24953,2025-12-31,2026-12-31,Active
4612,Bronze,38054,2025-08-22,2026-08-22,Inactive
4613,Bronze,42578,2024-12-16,2025-12-16,Active
4614,Bronze,28511,2025-08-11,2026-08-11,Active
4615,Bronze,25147,2024-11-21,2025-11-21,Active
4616,Silver,13097,2023-05-05,2024-05-04,Active
4617,Bronze,31271,2022-03-08,2023-03-08,Active
4618,Gold,3024,2025-01-17,2026-01-17,Active
4619,Gold,43829,2022-03-28,2023-03-28,Active
4620,Bronze,20169,2023-07-24,2024-07-23,Active
4621,Gold,41736,2024-03-15,2025-03-15,Active
4622,Bronze,27571,2023-08-23,2024-08-22,Inactive
4623,Gold,36776,2025-01-02,2026-01-02,Active
4624,Gold,43541,2024-12-22,2025-12-22,Active
4625,Bronze,4376,2026-06-18,2027-06-18,Active
4626,Gold,19509,2024-04-27,2025-04-27,Active
4627,Gold,9836,2025-08-07,2026-08-07,Active
4628,Silver,24660,2025-01-28,2026-01-28,Active
4629,Platinum,40048,2021-07-11,2022-07-11,Active
4630,Silver,23194,2024-03-25,2025-03-25,Inactive
4631,Bronze,39880,2026-02-06,2027-02-06,Active
4632,Bronze,23710,2025-07-19,2026-07-19,Active
4633,Silver,11293,2022-12-02,2023-12-02,Inactive
4634,Bronze,40311,2021-10-08,2022-10-08,Active
4635,Bronze,33707,2023-03-29,2024-03-28,Active
4636,Bronze,1282,2024-10-21,2025-10-21,Active
4637,Bronze,8800,2024-09-17,2025-09-17,Active
4638,Bronze,29119,2023-06-30,2024-06-29,Active
4639,Bronze,19933,2024-06-30,2025-06-30,Active
4640,Bronze,27189,2025-04-14,2026-04-14,Active
4641,Silver,39538,2025-11-18,2026-11-18,Active
4642,Bronze,23843,2021-10-06,2022-10-06,Active
4643,Gold,26963,2025-03-08,2026-03-08,Active
4644,Bronze,538,2026-01-04,2027-01-04,Active
4645,Silver,1914,2022-02-11,2023-02-11,Active
4646,Bronze,3375,2021-11-17,2022-11-17,Active
4647,Bronze,38984,2023-10-10,2024-10-09,Active
4648,Platinum,17741,2025-04-15,2026-04-15,Inactive
4649,Silver,32935,2024-12-18,2025-12-18,Active
4650,Bronze,47007,2021-09-12,2022-09-12,Active
4651,Silver,42356,2026-02-19,2027-02-19,Inactive
4652,Silver,45378,2023-01-12,2024-01-12,Active
4653,Platinum,3521,2025-02-25,2026-02-25,Active
4654,Bronze,47366,2023-01-10,2024-01-10,Active
4655,Bronze,13438,2025-10-30,2026-10-30,Active
4656,Bronze,42720,2023-06-28,2024-06-27,Active
4657,Bronze,20105,2024-05-22,2025-05-22,Active
4658,Bronze,36191,2022-01-31,2023-01-31,Active
4659,Silver,4283,2026-02-08,2027-02-08,Active
4660,Silver,24241,2023-08-06,2024-08-05,Active
4661,Silver,33898,2025-10-04,2026-10-04,Active
4662,Silver,34715,2022-01-08,2023-01-08,Active
4663,Silver,30905,2023-02-08,2024-02-08,Inactive
4664,Silver,14365,2025-10-14,2026-10-14,Active
4665,Bronze,40249,2022-04-05,2023-04-05,Inactive
4666,Bronze,2046,2024-04-18,2025-04-18,Active
4667,Silver,10897,2026-02-02,2027-02-02,Active
4668,Bronze,15119,2024-07-30,2025-07-30,Active
4669,Silver,24084,2024-12-23,2025-12-23,Active
4670,Gold,31932,2021-10-03,2022-10-03,Active
4671,Gold,25022,2022-03-26,2023-03-26,Active
4672,Bronze,33517,2022-05-03,2023-05-03,Active
4673,Silver,30560,2022-01-24,2023-01-24,Active
4674,Gold,5962,2024-03-11,2025-03-11,Active
4675,Bronze,23132,2024-05-22,2025-05-22,Active
4676,Bronze,1071,2023-02-07,2024-02-07,Active
4677,Silver,36765,2024-01-10,2025-01-09,Active
4678,Bronze,33184,2026-04-24,2027-04-24,Active
4679,Bronze,15927,2026-06-04,2027-06-04,Inactive
4680,Silver,24728,2024-08-01,2025-08-01,Active
4681,Bronze,20525,2025-03-17,2026-03-17,Active
4682,Silver,34466,2025-06-15,2026-06-15,Inactive
4683,Silver,23101,2026-04-03,2027-04-03,Active
4684,Gold,42796,2024-08-09,2025-08-09,Active
4685,Platinum,45029,2024-12-09,2025-12-09,Active
4686,Silver,9634,2024-04-20,2025-04-20,Active
4687,Silver,25937,2023-12-07,2024-12-06,Active
4688,Bronze,25842,2021-07-15,2022-07-15,Active
4689,Gold,17712,2023-04-30,2024-04-29,Inactive
4690,Silver,22190,2023-11-07,2024-11-06,Active
4691,Bronze,39193,2023-01-06,2024-01-06,Active
4692,Gold,36974,2023-08-26,2024-08-25,Inactive
4693,Bronze,29699,2022-03-01,2023-03-01,Inactive
4694,Silver,32847,2025-07-11,2026-07-11,Active
4695,Silver,42884,2025-06-01,2026-06-01,Active
4696,Silver,12891,2022-04-06,2023-04-06,Active
4697,Silver,7310,2025-01-14,2026-01-14,Active
4698,Gold,24153,2024-12-16,2025-12-16,Active
4699,Silver,8717,2025-03-06,2026-03-06,Active
4700,Bronze,13404,2023-05-26,2024-05-25,Active
4701,Silver,15577,2023-04-25,2024-04-24,Active
4702,Gold,18654,2022-06-23,2023-06-23,Active
4703,Platinum,40705,2026-04-21,2027-04-21,Inactive
4704,Bronze,20854,2023-01-25,2024-01-25,Active
4705,Bronze,26451,2024-11-14,2025-11-14,Active
4706,Gold,2513,2024-04-16,2025-04-16,Active
4707,Silver,17376,2025-02-09,2026-02-09,Active
4708,Silver,13394,2025-08-07,2026-08-07,Inactive
4709,Bronze,30402,2023-02-27,2024-02-27,Active
4710,Bronze,31830,2022-05-22,2023-05-22,Active
4711,Silver,44008,2026-04-05,2027-04-05,Active
4712,Silver,1420,2025-03-14,2026-03-14,Active
4713,Silver,40593,2026-06-27,2027-06-27,Active
4714,Silver,21732,2026-06-22,2027-06-22,Active
4715,Silver,42089,2024-06-11,2025-06-11,Active
4716,Silver,5771,2022-07-16,2023-07-16,Active
4717,Gold,40862,2025-02-15,2026-02-15,Active
4718,Silver,12072,2023-04-11,2024-04-10,Active
4719,Silver,25378,2026-06-23,2027-06-23,Active
4720,Bronze,10879,2022-02-19,2023-02-19,Active
4721,Platinum,4850,2022-06-09,2023-06-09,Active
4722,Bronze,6341,2021-11-20,2022-11-20,Active
4723,Silver,5637,2022-10-10,2023-10-10,Active
4724,Gold,3509,2025-08-10,2026-08-10,Active
4725,Silver,1729,2021-08-04,2022-08-04,Active
4726,Bronze,39555,2025-03-31,2026-03-31,Active
4727,Bronze,45757,2025-01-09,2026-01-09,Inactive
4728,Silver,46827,2024-12-21,2025-12-21,Active
4729,Gold,5549,2021-10-21,2022-10-21,Active
4730,Gold,20486,2024-08-21,2025-08-21,Active
4731,Silver,39917,2021-12-31,2022-12-31,Active
4732,Bronze,26768,2026-01-29,2027-01-29,Active
4733,Bronze,48814,2024-01-27,2025-01-26,Active
4734,Silver,44996,2026-01-28,2027-01-28,Active
4735,Bronze,6311,2026-01-04,2027-01-04,Inactive
4736,Silver,45692,2023-03-08,2024-03-07,Active
4737,Bronze,13952,2026-04-21,2027-04-21,Active
4738,Bronze,12363,2025-12-23,2026-12-23,Active
4739,Bronze,9527,2021-08-10,2022-08-10,Inactive
4740,Bronze,13403,2025-10-12,2026-10-12,Inactive
4741,Silver,4136,2023-10-21,2024-10-20,Active
4742,Bronze,42355,2023-04-14,2024-04-13,Active
4743,Gold,18000,2025-12-09,2026-12-09,Active
4744,Silver,30367,2021-11-21,2022-11-21,Active
4745,Silver,17288,2022-03-28,2023-03-28,Active
4746,Bronze,14701,2025-01-06,2026-01-06,Active
4747,Silver,4512,2022-03-27,2023-03-27,Active
4748,Silver,2317,2025-11-10,2026-11-10,Active
4749,Bronze,6137,2022-02-02,2023-02-02,Active
4750,Bronze,5736,2025-11-25,2026-11-25,Active
4751,Bronze,5447,2021-07-21,2022-07-21,Active
4752,Bronze,37018,2023-08-23,2024-08-22,Active
4753,Bronze,31359,2023-08-15,2024-08-14,Active
4754,Bronze,21129,2023-06-19,2024-06-18,Active
4755,Silver,33441,2022-06-11,2023-06-11,Active
4756,Silver,10770,2023-08-26,2024-08-25,Active
4757,Gold,41584,2022-06-28,2023-06-28,Active
4758,Platinum,28778,2022-04-20,2023-04-20,Active
4759,Bronze,34816,2026-06-03,2027-06-03,Active
4760,Bronze,24943,2022-05-05,2023-05-05,Active
4761,Bronze,21725,2026-03-29,2027-03-29,Active
4762,Bronze,22940,2022-04-30,2023-04-30,Active
4763,Silver,41195,2026-02-17,2027-02-17,Active
4764,Bronze,5806,2024-07-12,2025-07-12,Active
4765,Bronze,12876,2025-07-26,2026-07-26,Active
4766,Silver,42008,2022-06-14,2023-06-14,Active
4767,Bronze,20650,2022-08-27,2023-08-27,Active
4768,Bronze,25974,2025-02-11,2026-02-11,Active
4769,Silver,31449,2024-02-09,2025-02-08,Active
4770,Bronze,5455,2024-07-10,2025-07-10,Active
4771,Bronze,23420,2026-02-18,2027-02-18,Inactive
4772,Bronze,47585,2026-03-06,2027-03-06,Active
4773,Bronze,936,2022-05-12,2023-05-12,Active
4774,Silver,3730,2022-05-01,2023-05-01,Active
4775,Bronze,21332,2022-12-10,2023-12-10,Active
4776,Bronze,12217,2024-09-15,2025-09-15,Active
4777,Silver,19732,2022-08-28,2023-08-28,Active
4778,Silver,28587,2023-02-13,2024-02-13,Active
4779,Bronze,43148,2026-04-18,2027-04-18,Active
4780,Bronze,15968,2023-04-19,2024-04-18,Active
4781,Silver,44386,2023-02-09,2024-02-09,Active
4782,Silver,41479,2022-04-04,2023-04-04,Active
4783,Gold,49807,2024-02-21,2025-02-20,Inactive
4784,Platinum,43266,2021-07-11,2022-07-11,Active
4785,Silver,32850,2022-08-04,2023-08-04,Active
4786,Bronze,12296,2026-06-25,2027-06-25,Active
4787,Silver,47867,2026-01-12,2027-01-12,Active
4788,Bronze,7659,2022-07-29,2023-07-29,Active
4789,Silver,15444,2024-08-10,2025-08-10,Active
4790,Bronze,41518,2023-02-20,2024-02-20,Active
4791,Platinum,46293,2024-01-02,2025-01-01,Active
4792,Bronze,28449,2023-08-31,2024-08-30,Active
4793,Bronze,48313,2024-07-26,2025-07-26,Active
4794,Bronze,2026,2026-02-10,2027-02-10,Active
4795,Bronze,46323,2023-12-23,2024-12-22,Active
4796,Bronze,45803,2026-03-30,2027-03-30,Active
4797,Silver,25812,2024-09-12,2025-09-12,Inactive
4798,Platinum,19908,2025-11-11,2026-11-11,Active
4799,Bronze,21378,2025-03-18,2026-03-18,Active
4800,Bronze,33639,2022-06-23,2023-06-23,Active
4801,Gold,22131,2025-10-01,2026-10-01,Active
4802,Silver,34809,2021-09-19,2022-09-19,Active
4803,Bronze,25427,2023-06-18,2024-06-17,Inactive
4804,Silver,23676,2024-03-15,2025-03-15,Active
4805,Silver,14919,2022-08-11,2023-08-11,Active
4806,Silver,45845,2022-11-06,2023-11-06,Active
4807,Silver,10922,2025-03-08,2026-03-08,Inactive
4808,Silver,2807,2025-08-13,2026-08-13,Active
4809,Bronze,26471,2024-04-30,2025-04-30,Active
4810,Silver,35047,2023-06-25,2024-06-24,Inactive
4811,Bronze,1079,2025-11-02,2026-11-02,Active
4812,Bronze,1369,2023-09-23,2024-09-22,Active
4813,Bronze,30748,2023-09-06,2024-09-05,Active
4814,Silver,6875,2024-06-27,2025-06-27,Active
4815,Bronze,48101,2025-03-09,2026-03-09,Active
4816,Bronze,45221,2023-10-15,2024-10-14,Active
4817,Bronze,49403,2022-06-27,2023-06-27,Active
4818,Bronze,3809,2024-08-11,2025-08-11,Active
4819,Gold,17286,2022-04-10,2023-04-10,Active
4820,Silver,7714,2022-03-04,2023-03-04,Active
4821,Silver,23006,2026-03-17,2027-03-17,Active
4822,Silver,29003,2023-08-01,2024-07-31,Active
4823,Silver,17508,2023-08-09,2024-08-08,Active
4824,Bronze,10858,2025-05-26,2026-05-26,Inactive
4825,Bronze,47909,2024-10-06,2025-10-06,Active
4826,Bronze,16133,2021-10-23,2022-10-23,Active
4827,Silver,17598,2024-10-02,2025-10-02,Active
4828,Bronze,26630,2026-02-12,2027-02-12,Active
4829,Silver,38047,2024-07-30,2025-07-30,Inactive
4830,Bronze,27021,2023-05-22,2024-05-21,Active
4831,Silver,41221,2025-05-23,2026-05-23,Active
4832,Bronze,6869,2022-09-18,2023-09-18,Active
4833,Gold,5323,2024-03-16,2025-03-16,Active
4834,Bronze,8722,2022-06-04,2023-06-04,Active
4835,Gold,223,2026-02-12,2027-02-12,Active
4836,Silver,39399,2025-09-14,2026-09-14,Active
4837,Bronze,22593,2025-01-28,2026-01-28,Active
4838,Bronze,18335,2021-07-17,2022-07-17,Inactive
4839,Bronze,46133,2022-06-30,2023-06-30,Active
4840,Bronze,48765,2023-11-04,2024-11-03,Active
4841,Silver,21765,2022-05-04,2023-05-04,Active
4842,Bronze,42458,2024-05-31,2025-05-31,Active
4843,Bronze,33214,2023-02-20,2024-02-20,Inactive
4844,Silver,11758,2024-03-12,2025-03-12,Active
4845,Bronze,8748,2024-09-26,2025-09-26,Active
4846,Bronze,12492,2022-06-19,2023-06-19,Active
4847,Silver,47150,2021-08-01,2022-08-01,Inactive
4848,Silver,44658,2024-03-15,2025-03-15,Active
4849,Silver,22663,2023-10-17,2024-10-16,Active
4850,Bronze,41458,2026-05-23,2027-05-23,Active
4851,Bronze,47786,2024-05-09,2025-05-09,Active
4852,Bronze,30199,2025-07-26,2026-07-26,Active
4853,Bronze,18858,2022-03-05,2023-03-05,Active
4854,Bronze,6600,2025-03-13,2026-03-13,Active
4855,Platinum,16578,2025-10-05,2026-10-05,Active
4856,Silver,10318,2024-10-20,2025-10-20,Active
4857,Bronze,33210,2024-03-07,2025-03-07,Active
4858,Bronze,29689,2025-11-18,2026-11-18,Active
4859,Gold,45016,2026-03-09,2027-03-09,Active
4860,Bronze,25425,2026-03-10,2027-03-10,Active
4861,Silver,36538,2023-07-20,2024-07-19,Active
4862,Gold,31287,2022-05-29,2023-05-29,Active
4863,Silver,10915,2022-08-08,2023-08-08,Active
4864,Bronze,13537,2025-04-04,2026-04-04,Active
4865,Platinum,37508,2025-07-02,2026-07-02,Active
4866,Bronze,22135,2025-10-14,2026-10-14,Active
4867,Silver,39364,2026-05-27,2027-05-27,Inactive
4868,Silver,7787,2025-01-04,2026-01-04,Active
4869,Bronze,34007,2024-09-15,2025-09-15,Active
4870,Silver,30145,2022-02-12,2023-02-12,Active
4871,Bronze,25031,2021-11-19,2022-11-19,Active
4872,Silver,31738,2024-12-09,2025-12-09,Inactive
4873,Bronze,35614,2021-11-09,2022-11-09,Active
4874,Bronze,4000,2024-11-12,2025-11-12,Active
4875,Silver,21083,2025-10-22,2026-10-22,Active
4876,Bronze,3791,2024-07-14,2025-07-14,Active
4877,Bronze,43164,2021-08-26,2022-08-26,Active
4878,Platinum,43984,2023-06-16,2024-06-15,Active
4879,Silver,8296,2026-04-29,2027-04-29,Active
4880,Silver,12410,2023-03-12,2024-03-11,Active
4881,Gold,22372,2022-08-18,2023-08-18,Active
4882,Silver,11041,2026-01-05,2027-01-05,Active
4883,Bronze,48905,2022-10-02,2023-10-02,Active
4884,Silver,21475,2025-12-31,2026-12-31,Active
4885,Bronze,19541,2021-10-25,2022-10-25,Active
4886,Bronze,20389,2025-07-22,2026-07-22,Active
4887,Silver,31681,2023-06-11,2024-06-10,Inactive
4888,Bronze,21809,2024-01-20,2025-01-19,Active
4889,Bronze,34183,2022-12-28,2023-12-28,Inactive
4890,Silver,20902,2023-02-03,2024-02-03,Active
4891,Silver,23441,2024-09-07,2025-09-07,Active
4892,Platinum,41429,2021-12-21,2022-12-21,Active
4893,Silver,37707,2022-02-15,2023-02-15,Inactive
4894,Gold,22314,2024-07-02,2025-07-02,Active
4895,Gold,7086,2025-03-13,2026-03-13,Active
4896,Gold,17436,2024-06-15,2025-06-15,Active
4897,Bronze,45405,2025-08-10,2026-08-10,Inactive
4898,Bronze,4940,2021-12-05,2022-12-05,Active
4899,Bronze,9805,2024-12-10,2025-12-10,Active
4900,Bronze,38808,2021-07-27,2022-07-27,Inactive
4901,Gold,15299,2024-11-18,2025-11-18,Inactive
4902,Bronze,24798,2023-11-04,2024-11-03,Active
4903,Platinum,40700,2022-10-24,2023-10-24,Active
4904,Gold,25110,2026-04-19,2027-04-19,Active
4905,Silver,25253,2024-12-27,2025-12-27,Active
4906,Silver,1292,2024-12-12,2025-12-12,Active
4907,Silver,7811,2026-05-05,2027-05-05,Active
4908,Bronze,16956,2023-11-08,2024-11-07,Active
4909,Silver,7980,2023-03-21,2024-03-20,Active
4910,Gold,25059,2022-09-30,2023-09-30,Active
4911,Silver,21368,2024-06-05,2025-06-05,Active
4912,Bronze,6249,2021-12-03,2022-12-03,Active
4913,Bronze,13874,2022-10-31,2023-10-31,Active
4914,Silver,42036,2026-06-18,2027-06-18,Active
4915,Bronze,48069,2024-03-28,2025-03-28,Active
4916,Bronze,8228,2023-02-28,2024-02-28,Active
4917,Bronze,25066,2022-07-19,2023-07-19,Active
4918,Silver,21567,2025-10-21,2026-10-21,Active
4919,Gold,32466,2023-11-03,2024-11-02,Active
4920,Bronze,16944,2024-11-12,2025-11-12,Active
4921,Bronze,5472,2026-06-02,2027-06-02,Inactive
4922,Bronze,38480,2022-04-04,2023-04-04,Active
4923,Bronze,23472,2025-10-21,2026-10-21,Active
4924,Bronze,48891,2022-09-26,2023-09-26,Active
4925,Bronze,6074,2024-06-19,2025-06-19,Active
4926,Bronze,2508,2025-07-17,2026-07-17,Active
4927,Silver,24238,2025-01-11,2026-01-11,Active
4928,Bronze,1242,2025-12-15,2026-12-15,Active
4929,Bronze,44344,2026-03-07,2027-03-07,Active
4930,Bronze,12499,2023-07-02,2024-07-01,Active
4931,Bronze,48214,2026-04-23,2027-04-23,Active
4932,Silver,44344,2022-10-13,2023-10-13,Active
4933,Bronze,19556,2024-09-04,2025-09-04,Active
4934,Silver,16502,2022-03-13,2023-03-13,Active
4935,Bronze,48742,2021-10-17,2022-10-17,Active
4936,Silver,41255,2024-07-08,2025-07-08,Active
4937,Bronze,5631,2022-07-21,2023-07-21,Active
4938,Gold,40027,2023-08-12,2024-08-11,Active
4939,Bronze,32899,2024-08-06,2025-08-06,Active
4940,Bronze,2106,2024-07-23,2025-07-23,Active
4941,Bronze,23411,2025-04-12,2026-04-12,Active
4942,Bronze,46670,2021-12-11,2022-12-11,Active
4943,Silver,4771,2022-10-06,2023-10-06,Active
4944,Bronze,19148,2023-04-16,2024-04-15,Active
4945,Bronze,11535,2024-05-31,2025-05-31,Active
4946,Silver,7289,2022-06-06,2023-06-06,Active
4947,Gold,29508,2021-07-28,2022-07-28,Inactive
4948,Gold,13628,2024-04-14,2025-04-14,Active
4949,Bronze,14373,2024-07-17,2025-07-17,Active
4950,Bronze,26332,2024-07-04,2025-07-04,Active
4951,Silver,44867,2026-03-02,2027-03-02,Active
4952,Bronze,37322,2024-10-31,2025-10-31,Active
4953,Silver,965,2026-02-05,2027-02-05,Inactive
4954,Bronze,8456,2022-07-15,2023-07-15,Active
4955,Silver,39729,2026-03-06,2027-03-06,Active
4956,Bronze,20584,2024-10-01,2025-10-01,Active
4957,Gold,9705,2022-07-08,2023-07-08,Active
4958,Bronze,33940,2023-11-24,2024-11-23,Active
4959,Bronze,37881,2021-10-13,2022-10-13,Active
4960,Gold,36839,2025-01-28,2026-01-28,Active
4961,Gold,17081,2024-09-25,2025-09-25,Active
4962,Bronze,18841,2024-06-30,2025-06-30,Inactive
4963,Silver,49353,2023-03-10,2024-03-09,Active
4964,Silver,43008,2022-07-18,2023-07-18,Active
4965,Silver,20372,2023-07-13,2024-07-12,Active
4966,Silver,12833,2026-02-07,2027-02-07,Active
4967,Bronze,23229,2022-05-09,2023-05-09,Active
4968,Bronze,5546,2024-03-13,2025-03-13,Inactive
4969,Bronze,19971,2025-01-24,2026-01-24,Active
4970,Bronze,7140,2021-10-05,2022-10-05,Active
4971,Silver,39705,2026-03-15,2027-03-15,Active
4972,Bronze,44920,2023-04-22,2024-04-21,Active
4973,Bronze,15003,2024-01-28,2025-01-27,Active
4974,Bronze,38171,2024-11-05,2025-11-05,Active
4975,Silver,4765,2026-03-03,2027-03-03,Active
4976,Bronze,41160,2023-06-08,2024-06-07,Active
4977,Platinum,8136,2023-06-17,2024-06-16,Active
4978,Silver,2974,2024-01-17,2025-01-16,Inactive
4979,Bronze,35971,2024-08-28,2025-08-28,Active
4980,Gold,36458,2022-05-12,2023-05-12,Active
4981,Silver,26653,2025-09-23,2026-09-23,Active
4982,Bronze,40153,2022-08-14,2023-08-14,Active
4983,Gold,16073,2021-11-28,2022-11-28,Active
4984,Silver,49429,2024-07-18,2025-07-18,Active
4985,Bronze,30084,2024-08-07,2025-08-07,Active
4986,Silver,14682,2022-06-12,2023-06-12,Active
4987,Gold,38456,2021-07-19,2022-07-19,Inactive
4988,Silver,31221,2022-09-06,2023-09-06,Active
4989,Silver,48555,2024-08-12,2025-08-12,Active
4990,Bronze,109,2022-05-11,2023-05-11,Active
4991,Silver,8099,2021-08-20,2022-08-20,Active
4992,Bronze,21156,2022-10-09,2023-10-09,Active
4993,Gold,44954,2025-08-29,2026-08-29,Active
4994,Bronze,1216,2024-03-01,2025-03-01,Active
4995,Silver,35401,2022-11-04,2023-11-04,Active
4996,Bronze,17719,2025-12-06,2026-12-06,Active
4997,Gold,16036,2024-07-09,2025-07-09,Active
4998,Platinum,3540,2021-12-15,2022-12-15,Active
4999,Bronze,40226,2023-08-26,2024-08-25,Active
5000,Gold,14712,2025-11-26,2026-11-26,Active
